id_observation;annee;region;milieu_dominant;population;taux_urbanisation_pct;nombre_menages;taille_menage_moy;part_menages_bois_chauffe_pct;part_menages_charbon_pct;part_menages_petrole_pct;part_menages_gaz_pct;part_menages_electricite_pct;taux_foyers_ameliores_pct;cons_bois_chauffe_m3_par_hab;cons_charbon_m3_ebr_par_hab;prix_bois_ariary_stere;prix_charbon_ariary_sac;demande_bois_chauffe_m3_ebr;demande_charbon_m3_ebr;demande_totale_m3_ebr;taux_pauvrete_estime_pct;source_principale;statut_donnee;commentaire_collecte
DEM-2018-14;2018;Sofia;rural;1508259;11.89;378052;3.99;76.63;23.51;0.4;0;0.08;17.79;0.5928;0.668;17572;5972;850846.21;291215.28;1142061.49;76.07;INSTAT_RGPH3_2018 + simulation_utilisateur;historique_synthetique;donnee agregee
DEM-2029-16;2029;Melaky;rural;448828;16.2;105937;4.24;78.27;18.03;0.52;1.58;1.88;25.23;0.5589;0.7068;48376;15444;211349.71;62394.45;273744.16;76,61;projection_scenario_tendanciel;projection_scenario;
DEM-2029-22;2029;SAVA;rural;1547139;24.45;454418;3.4;69.28;26.56;0;1.58;2.01;27.03;0.5138;0.7978;43364;14292;575058.14;345295.56;920353.7;76.05;projection_scenario_tendanciel;projection_scenario;source secondaire
DEM-2023-12;2023;Alaotra-Mangoro;rural;1442048;16.25;350131;4.12;70.05;27.76;0.31;0.8;0.74;20.94;0.5651;0.7138;26786;8649;681371.21;340551.53;1021922.74;78.52;estimation_synthetique_calibree;historique_synthetique;
DEM-2008-17;2008;Atsimo-Andrefana;rural;1 339 269;9.61;295113;4.54;78.45;20.75;0.44;0;0;9.41;0.6181;0.6528;7850;2710;546148.63;150031.03;696179.66;79.74;simulation_utilisateur + extrapolation_regionale;historique_synthetique;
DEM-2004-19;2004;Anosy;rural;524551;9.7;115181;4.55;89.29;10.29;0.84;0;0;6.74;0.6218;0.6574;5209;1688;195553.59;22499.14;218052.73;73.34;simulation_utilisateur + extrapolation_regionale;historique_synthetique;
DEM-2003-01;2003;Analamanga;mixte;2255546;29.68;525463;4.29;35.49;61.47;0.49;1.34;0.78;12.44;0.5059;0.8836;4547;1530;244546.04;762826.08;1007372.12;61.17;simulation_utilisateur + extrapolation_regionale;historique_synthetique;source secondaire
DEM-2030-05;2030;Haute Matsiatra;rural;1939617;22.7;416358;4.66;67.71;27.49;0.27;1.91;2.58;25.91;0.5244;0.7797;46495;16812;696199.84;436966.45;1133166.29;71.04;projection_scenario_tendanciel;projection_scenario;source secondaire
DEM-2000-17;2000;Atsimo-Andrefana;rural;1054809;5.42;224911;4.69;81.08;18.47;0.58;0;0;3.65;0.6501;0.6105;3931;1372;281892.33;63701.83;345594.16;79.31;simulation_utilisateur + extrapolation_regionale;historique_synthetique;
DEM-2016-10;2016;Atsinanana;mixte;1402892;26.12;356772;3.93;67.34;31.67;0.33;0.25;0.09;19.24;0.5158;0.8302;15378;5095;615249.88;441675.23;1056925.11;74.05;simulation_utilisateur + extrapolation_regionale;historique_synthetique;source secondaire
DEM-2002-20;2002;Menabe;rural;411003;8.9;89021;4.62;80.79;18.31;0.69;0;0;7.96;0.6242;0.6463;4459;1563;118897.04;27884.48;146781.52;72.98;simulation_utilisateur + extrapolation_regionale;historique_synthetique;donnee agregee
DEM-2015-08;2015;Ihorombe;rural;379638;7.67;82017;4.63;75.13;23.51;0.91;0;0;15.81;0.6182;0.6217;15228;4874;214636.06;66114.36;280750.42;76.74;simulation_utilisateur + extrapolation_regionale;historique_synthetique;donnee agregee
DEM-2006-18;2006;Androy;rural;614659;8.17;129937;4.73;95.73;3.55;0.83;0;0;7.08;0.6492;0.596;7782;2197;287836.12;9340.81;297176.93;81.13;INSTAT;historique_synthetique;
DEM-2004-18;2004;Androy;rural;577317;3;122278;4.72;96;2.8;0.85;0;0;5.51;0.6602;0.5795;6092;1792;231057.1;6143.32;237200.42;;simulation_utilisateur + extrapolation_regionale;historique_synthetique;donnee agregee
DEM-2024-09;2024;Atsimo-Atsinanana;rural;1202373;9.85;236330;5.09;88.9;9.25;0.85;0.75;0.84;22.84;0.5955;0.6377;30124;9732;735283.67;82776.78;818060.45;78.35;estimation_synthetique_calibree;historique_synthetique;
DEM-2024-02;2024;Vakinankaratra;rural;2432257;17.71;562294;4.33;77.52;20.82;0.38;0.85;1,10;23.33;0.5539;0.7269;28217;10033;1216316.24;419713.68;1636029.92;79.85;estimation_synthetique_calibree;historique_synthetique;
DEM-2024-10;2024;Atsinanana;mixte;1757422;31.1;455593;3.86;64.31;33.84;0.17;1.12;1.15;24.89;0.4823;0.8772;28030;9060;646259.81;588385.81;1234645.62;72.83;estimation_synthetique_calibree;historique_synthetique;donnee agregee
DEM-2027-09;2027;Atsimo-Atsinanana;rural;1309207;10.83;262173;4.99;86.55;9.75;0.88;1.21;1.51;25.18;0.5868;0.6458;39315;12244;714119.36;89206.68;803326.04;76.47;projection_scenario_tendanciel;projection_scenario;donnee agregee
DEM-2002-17;2002;Atsimo-Andrefana;rural;1127139;6.76;246584;4.57;80.53;18.51;0.51;0;0;4.71;0.641;0.6252;4733;1519;334391.83;80036.01;414427.84;79.38;simulation_utilisateur + extrapolation_regionale;historique_synthetique;source secondaire
DEM-2025-21;2025;DIANA;mixte;1124562;38.49;333498;3.37;42.5;52.92;0.16;1.46;2.58;34.22;0.433;0.9426;30489;10298;232855.59;646256.32;879111.91;63.25;projection_scenario_tendanciel;projection_scenario;
DEM-2026-07;2026;Vatovavy-Fitovinany;rural;1770872;12.73;395388;4.48;85.75;10.86;1.33;1.15;1.22;21.89;0.582;0.672;37281;11072;964796.71;141898.98;1106695.69;74.71;projection_scenario_tendanciel;projection_scenario;
DEM-2016-03;2016;Itasy;rural;854212;15.44;192381;4.44;85.38;14.26;0.39;0.05;0;16.45;0.576;0.7111;15509;4471;504902.41;103442.98;608345.39;72.51;simulation_utilisateur + extrapolation_regionale;historique_synthetique;a verifier
DEM-2008-07;2008;Vatovavy-Fitovinany;rural;1120371;4.95;233634;4.8;91.99;7.02;1.53;0;0;9.6;0.6428;0.5978;8100;2717;559184.17;39919.38;599103.55;76.64;simulation_utilisateur + extrapolation_regionale;historique_synthetique;
DEM-2012-10;2012;Atsinanana;rural;1248894;24.7;312491;4.0;69.31;30.21;0.38;0.03;0;17.98;0.5249;0.816;10550;3367;470003.83;305785.72;775789.55;73.08;simulation_utilisateur + extrapolation_regionale;historique_synthetique;estimation
DEM-2016-05;2016;Haute Matsiatra;rural;1378190;16.0;281497;4.9;75.29;ND;0.57;0.06;0.31;16.16;0.5735;0.718;14623;4959;740408.0;283192.55;1023600.55;71.49;simulation_utilisateur + extrapolation_regionale;historique_synthetique;source secondaire
DEM-2010-05;2010;Haute Matsiatra;rural;1190790;12.75;236566;5.03;77.11;22.07;ND;0;0.05;12.58;0.5962;0.6853;10266;2971;506 404;168311.12;674714.78;74.11;simulation_utilisateur + extrapolation_regionale;historique_synthetique;
DEM-2013-05;2013;Haute Matsiatra;rural;1271020;15.12;257640;4.93;76.7;22.82;0.52;0;0.07;16.25;0.5781;0.7076;12300;3644;615358.98;;840130.71;71.07;simulation_utilisateur + extrapolation_regionale;historique_synthetique;
DEM-2029-09;2029;Atsimo-Atsinanana;rural;1372290;11.75;273321;5.02;86.18;10.06;0.78;1.59;1.74;24.56;0.583;0.657;44811;14360;697639.31;97412.64;795051.95;77.59;projection_scenario_tendanciel;projection_scenario;
DEM-2012-11;2012;Analanjirofo;rural;977578;13.28;268758;3.64;85.88;13.5;0.32;0;0;14.75;0.5901;0.6884;12046;3866;504098.89;94990.92;599089.81;72.34;simulation_utilisateur + extrapolation_regionale;historique_synthetique;estimation
DEM-2023-18;2023;Androy;rural;1051274;11.49;241168;;91.36;7.51;0.54;0.54;0.7;20.57;0.5906;0.6595;30956;8444;631548.28;62296.45;693844.73;78.63;estimation_synthetique_calibree;historique_synthetique;a verifier
DEM-2022-14;2022;Sofia;rural;1708385;14.27;434063;3.94;73.8;25.25;0.32;0.34;0.49;21.97;0.5739;0.6896;25204;8240;826260.67;354909.16;1181169.83;77.42;JariAla;historique_synthetique;
DEM-2006-02;2006;Vakinankaratra;rural;1530120;8.88;324813;4.71;83.13;15.81;0.52;0;0;9.22;0.6223;0.6445;6599;2253;582954.77;113603.88;696558.65;82.09;simulation_utilisateur + extrapolation_regionale;historique_synthetique;donnee agregee
DEM-2018-06;2018;Amoron'i Mania;rural;834252;13.13;171897;4.85;86.35;12.42;0.63;0.01;0;16.71;0.5879;0.6839;18567;5651;522106.17;90977.4;613083.57;79.71;INSTAT_RGPH3_2018 + simulation_utilisateur;historique_synthetique;
DEM-2003-19;2003;Anosy;rural;508261;8.67;111745;4.55;88.62;10.34;0.81;0;0;7.58;0.6261;0.6441;4717;1715;173385.33;21078.16;194463.49;74.79;simulation_utilisateur + extrapolation_regionale;historique_synthetique;
DEM-2020-17;2020;Atsimo-Andrefana;rural;1898741;14.89;447765;4.24;74.83;23.81;0.2;0.29;0.54;19.51;0.5743;0.7003;20508;6775;961167.15;380962.62;1342129.77;77.47;simulation_utilisateur + extrapolation_regionale;historique_synthetique;a verifier
DEM-2020-19;2020;Anosy;rural;857232;17.49;203354;4.22;82.57;15.88;0.51;0.21;0.24;21.15;0.5583;0.7277;21418;6764;467292.56;118683.19;585975.75;72.34;simulation_utilisateur + extrapolation_regionale;historique_synthetique;donnee agregee
DEM-2025-16;2025;Melaky;rural;388921;13.73;89266;4.36;79.59;17.45;0.57;0.96;1.2;23.8;0.5739;0.6808;31710;10465;197910.05;52770.99;250681.04;77.0;projection_scenario_tendanciel;projection_scenario;
DEM-2006-10;2006;Atsinanana;rural;1056230;21.64;256524;4.12;70.78;28.38;0.46;0;0;12.47;0.5489;0.7894;6286;2056;-;176998.64;467537.88;74.93;simulation_utilisateur + extrapolation_regionale;historique_synthetique;a verifier
DEM-2022-18;2022;Androy;rural;1013986;11.34;229122;4.43;91,84;6.68;0.61;0.34;0.43;19.73;0.5926;0.6591;26631;8163;646027.93;53068.81;699096.74;79.09;estimation_synthetique_calibree;historique_synthetique;
DEM-2015-12;2015;Alaotra-Mangoro;rural;1144148;12.31;267851;4.27;73.96;25.4;0.48;0;0;14.5;0.5957;0.6774;13234;4748;608155.36;235342.65;843498.01;-;simulation_utilisateur + extrapolation_regionale;historique_synthetique;source secondaire
DEM-2030-09;2030;Atsimo-Atsinanana;rural;1418949;12.6;286642;4.95;84.45;10.89;0.8;1.72;2.05;26.45;0.5757;0.6641;48429;15956;740264.85;104979.88;845244.73;74.96;projection_scenario_tendanciel;projection_scenario;a verifier
DEM-2017-04;2017;Bongolava;rural;649287;6.58;144652;4.49;86.19;12.73;0.58;0.08;0;17.58;ND;0.6068;17508;5622;437687.64;59515.0;497202.64;79.0;simulation_utilisateur + extrapolation_regionale;historique_synthetique;source secondaire
DEM-2026-17;2026;Atsimo-Andrefana;rural;2258459;17.51;534956;4.22;71.53;25.82;0.17;1.24;1.69;25.73;0.5514;0.721;35670;10849;1026734.36;486661.9;1513396.26;75.02;projection_scenario_tendanciel;projection_scenario;a verifier
DEM-2011-18;2011;Androy;rural;720203;6.15;155599;4.63;95.43;4.16;0.77;0;0;10.55;0.6349;0.6106;11751;3475;409426.53;17988.38;427414.91;78.76;simulation_utilisateur + extrapolation_regionale;historique_synthetique;estimation
DEM-2028-19;2028;Anosy;rural;1106961;20.64;274248;4.04;77.67;18.24;0.43;1.46;1.67;25.88;0.5351;0.7564;39351;13439;503388.07;169768.86;673156.93;69.54;projection_scenario_tendanciel;projection_scenario;donnee agregee
DEM-2006-17;2006;Atsimo-Andrefana;rural;1262743;7,96;280399;4.5;80.58;19.05;0.54;0;0;9.79;0.6264;0.6328;6383;2259;449914.04;109696.7;559610.74;80.15;simulation_utilisateur + extrapolation_regionale;historique_synthetique;a verifier
DEM-2022-21;2022;DIANA;mixte;1022967;36.15;297066;3.44;44.75;52.29;0.19;1.11;2.08;29.08;0.4511;0.9266;23343;8082;238299.15;566714.76;805013.91;63.04;estimation_synthetique_calibree;historique_synthetique;donnee agregee
DEM-2027-01;2027;Analamanga;mixte;4845355;43.13;1263734;3.83;21.61;71.24;0.14;3.38;3.35;30.88;0.4134;1.0016;30656;10271;485309.74;3938722.47;4424032.21;57.61;projection_scenario_tendanciel;projection_scenario;source secondaire
DEM-2027-17;2027;Atsimo-Andrefana;rural;2334698;18.25;560938;4.16;70.86;25.4;0.15;1.34;1.78;26.33;0.5467;0.7285;-;12594;1028773.9;465197.51;1493971.41;74.32;projection_scenario_tendanciel;projection_scenario;donnee agregee
DEM-2028-08;2028;Ihorombe;rural;562216;14.55;128231;4.38;69.73;26.5;0.65;1.49;1.55;25.86;0.5665;0.6871;42617;14038;238464.27;111 004;349468.58;73.55;projection_scenario_tendanciel;projection_scenario;
DEM-2030-14;2030;Sofia;rural;2158394;17.68;569087;3.79;68.4;27.36;0.18;1.64;2.03;27.22;0.5483;0.7207;46222;16101;859369.81;436571.33;1295941.14;76.68;projection_scenario_tendanciel;projection_scenario;
DEM-2000-13;2000;Boeny;mixte;501423;25.72;114789;4.37;58.54;40.61;0.6;0;0;7.66;0.5336;0.8455;3965;1211;79769.19;91502.74;171271.93;69.03;simulation_utilisateur + extrapolation_regionale;historique_synthetique;a verifier
DEM-2023-09;2023;Atsimo-Atsinanana;rural;1169192;9.21;226930;5.15;89.81;8.16;0.94;0.64;0.76;18.79;0.6053;0.6357;28922;9097;733290.75;69924.27;803215.02;76,71;estimation_synthetique_calibree;historique_synthetique;
DEM-2008-03;2008;Itasy;rural;676511;12.18;147133;4.6;87.44;11.49;0.63;0;0;11.91;0.6003;0.6796;7835;2488;300025.03;45278.72;345303.75;71.72;simulation_utilisateur + extrapolation_regionale;historique_synthetique;source secondaire
DEM-2030-06;2030;Amoron'i Mania;rural;1107261;18.2;241192;4.59;79.68;16.3;0.45;1.74;1.92;27.02;0.546;0.7269;46077;16092;517301.87;141459.67;658761.54;78.37;projection_scenario_tendanciel;projection_scenario;
DEM-2010-03;2010;Itasy;rural;721045;13.22;160348;4.5;88.39;11.72;0.54;0;0;13.78;0.5919;0.6891;9559;2845;344839.39;55219.49;400058.88;71.49;simulation_utilisateur + extrapolation_regionale;historique_synthetique;
DEM-2004-21;2004;DIANA;mixte;547 892;26.23;145308;3.77;54.05;45.44;0.49;0;0.52;12.39;0.5244;0.8433;5561;1776;100558.98;142877.55;243436.53;64.73;simulation_utilisateur + extrapolation_regionale;historique_synthetique;
DEM-2011-06;2011;Amoron'i Mania;rural;710648;9.29;142695;4.98;88.12;10.77;0.67;0;0;11.01;0.6172;0.6469;10718;3296;369844.79;47742.45;417587.24;79.65;simulation_utilisateur + extrapolation_regionale;historique_synthetique;estimation
DEM-2021-19;2021;Anosy;rural;886005;18.05;209835;4.22;84.06;15.13;0.58;0.28;0.39;19.59;0.5576;0.7366;20314;6723;505723.09;121138.12;626861.21;70.92;simulation_utilisateur + extrapolation_regionale;historique_synthetique;
DEM-2012-08;2012;Ihorombe;rural;346744;7.19;74321;4.67;76.09;22.35;0.88;0;0;14.4;0.623;0.6179;10960;3355;168900.5;50393.06;;75.49;simulation_utilisateur + extrapolation_regionale;historique_synthetique;estimation
DEM-2024-07;2024;Vatovavy-Fitovinany;rural;1676718;11.65;370357;4.53;86.16;11.17;1.34;0.84;0.86;22.11;0.5873;0,66;30610;10389;986220.5;144949.96;1131170.46;74.08;estimation_synthetique_calibree;historique_synthetique;source secondaire
DEM-2012-12;2012;Alaotra-Mangoro;rural;1062540;11.58;248515;4.28;73.28;25.58;0.56;0;0;15.19;0.5985;0.668;11499;3344;485 570;185142.36;670712.7;80.42;simulation_utilisateur + extrapolation_regionale;historique_synthetique;donnee agregee
DEM-2018-17;2018;Atsimo-Andrefana;rural;1812676;14.1;416807;4.35;77.82;22.18;0.35;0;0.27;18.81;0.5796;0.6921;18604;5701;972736.95;331346.04;1304082.99;78.28;INSTAT_RGPH3_2018 + simulation_utilisateur;historique_synthetique;donnee agregee
DEM-2011-20;2011;Menabe;rural;554971;12.43;126546;4.39;78.38;21.07;0.57;0;0;14.59;0.5949;0.6787;9373;3266;249119.38;73974.79;323094.17;71.49;simulation_utilisateur + extrapolation_regionale;historique_synthetique;source secondaire
DEM-2027-22;2027;SAVA;rural;1464726;23.27;417996;3.5;71.08;26.67;0.04;1.3;1.52;26.62;0.5204;0.7851;37574;12357;604944.01;329055.92;933999.93;78.32;projection_scenario_tendanciel;projection_scenario;donnee agregee
DEM-2001-01;2001;Analamanga;mixte;2112060;27.77;489665;4.31;37.11;60.78;0.44;1.23;0.56;9.43;0.5201;0.8666;3764;1274;216770.39;622925.76;839696.15;61.66;simulation_utilisateur + extrapolation_regionale;historique_synthetique;
DEM-2008-19;2008;Anosy;rural;592008;11.84;133887;4.42;87.59;12.04;0.69;0;0;9.97;0.6052;0.6782;7508;2538;246905.62;40953.81;287859.43;73.85;simulation_utilisateur + extrapolation_regionale;historique_synthetique;estimation
DEM-2016-20;2016;Menabe;rural;648322;15.51;150308;4.31;77.12;22.63;0.46;0.07;0;19.08;0.5717;0.7081;15856;5055;343971.39;123742.93;467714.32;71.86;simulation_utilisateur + extrapolation_regionale;historique_synthetique;
DEM-2003-22;2003;SAVA;rural;725669;10.59;185372;3.91;80.1;19.66;0.41;0;0;7.86;0.6152;0.6665;5227;1763;223488.98;58515.87;282004.85;81.94;simulation_utilisateur + extrapolation_regionale;historique_synthetique;donnee agregee
DEM-2008-04;2008;Bongolava;rural;502601;3;107452;4.68;88.29;10.69;0.66;0;0;10.01;0.6527;0.5743;8370;2703;245066.36;25587.66;270654.02;80.64;simulation_utilisateur + extrapolation_regionale;historique_synthetique;
DEM-2019-11;2019;Analanjirofo;rural;1173660;16.33;331401;3.54;82.96;16.19;0.21;0.06;0.1;19.65;0.5666;0.7166;20508;6927;700353.13;167543.11;867896.24;71.67;simulation_utilisateur + extrapolation_regionale;historique_synthetique;donnee agregee
DEM-2016-07;2016;Vatovavy-Fitovinany;rural;1367283;8.54;296987;4.6;88.95;9.24;1.37;0;0;15.53;0.614;0.6322;17024;4774;901968.09;99303.14;1001271.23;76.05;simulation_utilisateur + extrapolation_regionale;historique_synthetique;estimation
DEM-2028-18;2028;Androy;rural;1232028;13.94;286 100;4.31;86.61;9.61;0.44;1.48;1.6;25.74;0.5699;0.6803;44350;12698;636371.09;85357.5;721728.59;77.17;projection_scenario_tendanciel;projection_scenario;
DEM-2028-14;2028;Sofia;rural;2056615;16.86;541202;3.8;70.38;26.94;0.29;1.3;1.63;24.17;0.5571;0.7159;43505;13182;888596.94;419488.47;1308085.41;75.81;projection_scenario_tendanciel;projection_scenario;
DEM-2014-10;2014;Atsinanana;mixte;1314429;26.08;331852;3.96;68.7;30.46;0.36;0.11;0;16.74;0.5194;0.834;13777;4054;548567.25;390242.57;938809.82;75.17;simulation_utilisateur + extrapolation_regionale;historique_synthetique;estimation
DEM-2007-04;2007;Bongolava;rural;485033;3;104211;4.65;88.98;10.01;0.65;0;0;8.86;0.6546;0.5756;8221;2439;219162.75;21827.34;240990.09;80.67;simulation_utilisateur + extrapolation_regionale;historique_synthetique;
DEM-2006-06;2006;Amoron'i Mania;rural;627711;7.2;124111;5.06;90.28;9.48;0.76;0;0;9.13;0.6315;0.6248;6622;2130;261379.27;27906.28;289 286;80.54;simulation_utilisateur + extrapolation_regionale;historique_synthetique;source secondaire
DEM-2008-16;2008;Melaky;rural;220933;6.8;47325;4.67;87.3;12.02;0.9;0;0;12.28;0.6286;0.6161;8820;2502;96494.38;13847.98;110342.36;78.17;simulation_utilisateur + extrapolation_regionale;historique_synthetique;
DEM-2011-19;2011;Anosy;rural;658093;12.27;151289;4.35;86.57;12.84;0.76;0;0;15.14;0.5949;0.6761;10085;3242;312160.31;56702.24;368862.55;71.84;simulation_utilisateur + extrapolation_regionale;historique_synthetique;estimation
DEM-2024-03;2024;Itasy;rural;1060726;20.09;249 439;4.25;80.35;17.02;0.27;0.84;0.97;24.99;0.5392;0.7515;26776;8954;536222.79;164831.1;701053.89;71.36;estimation_synthetique_calibree;historique_synthetique;
DEM-2027-04;2027;Bongolava;rural;870284;11.03;200368;4.34;82.65;14.72;0.38;1.46;1.49;22.11;0.5906;0.6522;43946;12821;461615.47;94210.23;555825.7;76.7;projection_scenario_tendanciel;projection_scenario;source secondaire
DEM-2026-04;2026;Bongolava;rural;847105;10.05;194921;4.35;82.5;14.12;0.39;1.26;1.19;24.46;0.592;0.6377;38569;10865;457862.77;84875.84;542738.61;76.47;projection_scenario_tendanciel;projection_scenario;
DEM-2015-18;2015;Androy;rural;816239;8.6;180714;4,52;93.62;5.83;0.7;0;0;16.75;0.6118;0.6313;15308;4621;560033.9;37615.5;597649.4;78.31;simulation_utilisateur + extrapolation_regionale;historique_synthetique;
DEM-2008-02;2008;Vakinankaratra;rural;1605998;9.82;342547;4.69;82.62;16.21;0.49;0;0;11.0;0.6144;0.6532;-8719.0;2640;657349.44;144510.44;801859.88;83,52;simulation_utilisateur + extrapolation_regionale;historique_synthetique;donnee agregee
DEM-2003-09;2003;Atsimo-Atsinanana;rural;694803;3;126 627;5.49;94.94;3.58;1.3;0;0;6.7;0.6582;0.5781;5273;1749;263733.44;9323.35;273056.79;79.24;simulation_utilisateur + extrapolation_regionale;historique_synthetique;donnee agregee
DEM-2028-21;2028;DIANA;mixte;1263611;39.29;381218;3.31;39.5;54.82;0.21;2.03;3.27;36.87;0.4259;0.9461;41543;11879;230186.3;739761.96;969948.26;61.77;projection_scenario_tendanciel;projection_scenario;source secondaire
DEM-2020-12;2020;Alaotra-Mangoro;rural;1315130;14.79;317718;4.14;72.0;26.86;0.42;0.29;0.26;19.0;0.5756;0.6999;22966;6600;677445.82;295309.1;972754.92;79.89;simulation_utilisateur + extrapolation_regionale;historique_synthetique;a verifier
DEM-2022-20;2022;Menabe;rural;790684;18.25;188128;4.2;74.41;24.17;0.27;0.51;0.57;20.33;0.5555;0.7377;25445;7307;386365.36;165880.25;552245.61;71.93;estimation_synthetique_calibree;historique_synthetique;source secondaire
DEM-2004-07;2004;Vatovavy-Fitovinany;rural;1005687;3.23;209007;4.81;91.91;6.05;1.6;0;0;8.49;0.654;0.5788;6644;1941;398792.4;23090.31;421882.71;76.9;simulation_utilisateur + extrapolation_regionale;historique_synthetique;estimation
DEM-2000-22;2000;SAVA;rural;657690;10.2;167037;3.94;80.91;19.2;0.43;0;0;-;0.6192;0.6635;4137;1396;176039.01;44347.44;220386.45;82.3;simulation_utilisateur + extrapolation_regionale;historique_synthetique;
DEM-2015-07;2015;Vatovavy-Fitovinany;rural;1339524;7.54;285808;4.69;89.76;8.45;1.51;0;0;13.52;0.6226;0.6232;16387;5096;936805.91;87355.23;1024161.14;76.85;simulation_utilisateur + extrapolation_regionale;historique_synthetique;estimation
DEM-2023-16;2023;Melaky;rural;367818;12.78;85501;4.3;81.44;16.35;0.58;0,52;0.71;20.61;0.5838;0.6743;26509;8375;203271.49;47 712;250983.59;75.14;estimation_synthetique_calibree;historique_synthetique;
DEM-2017-03;2017;Itasy;rural;879812;17.0;200310;4.39;85.3;13.97;0,49;0.05;0.08;19.1;0.5639;0.7252;15585;5322;502584.82;114143.45;616728.27;72.29;simulation_utilisateur + extrapolation_regionale;historique_synthetique;estimation
DEM-2020-07;2020;Vatovavy-Fitovinany;rural;1521326;9.96;332914;4.57;89.4;9.5;1.4;0.09;0.14;19.03;0.601;0.6441;21294;6707;1035282.25;117916.87;1153199.12;73.64;simulation_utilisateur + extrapolation_regionale;historique_synthetique;estimation
DEM-2010-14;2010;Sofia;rural;1185622;8.33;284729;4.16;78.46;21.28;0.55;0;0;13.64;0.6182;0.6323;10051;2881;537227.19;144433.55;681660.74;77.41;simulation_utilisateur + extrapolation_regionale;historique_synthetique;a verifier
DEM-2001-03;2001;Itasy;rural;562539;9.15;120144;4.68;89.38;9.51;0.68;0;0;4.35;0.6286;0.654;4251;1311;177273.86;19588.13;196861.99;74.82;simulation_utilisateur + extrapolation_regionale;historique_synthetique;source secondaire
DEM-2006-04;2006;Bongolava;rural;468793;3;99608;4.71;88.93;10.08;0.75;0;0;10.04;0.6526;0.5742;7609;2328;193507.54;20034.55;213542.09;79.99;simulation_utilisateur + extrapolation_regionale;historique_synthetique;estimation
DEM-2020-16;2020;Melaky;rural;ND;11.29;75311;4.37;83.15;15.83;0.68;0.11;0.17;18.09;0.5955;0.6607;23263;-6897.0;204793.81;42496.58;247290.39;76.95;simulation_utilisateur + extrapolation_regionale;historique_synthetique;a verifier
DEM-2015-17;2015;Atsimo-Andrefana;rural;1638571;12.72;372255;4.4;78.09;21.54;0.33;0.01;0.19;17.38;0.589;;14187;4590;941598.83;282948.21;1224547.04;77.64;simulation_utilisateur + extrapolation_regionale;historique_synthetique;a verifier
DEM-2019-03;2019;Itasy;rural;919347;16.83;208347;4.41;84,06;14.68;0.34;0.16;0.22;19.26;0.5645;0.723;19061;6219;528701.69;118916.63;647618.32;70.0;simulation_utilisateur + extrapolation_regionale;historique_synthetique;a verifier
DEM-2024-21;2024;DIANA;mixte;1093204;37.39;319305;3.42;42.44;53.05;0.21;1.29;2.39;32.99;0.44;0.9328;28526;9101;231242.57;610962.81;842205.38;61.42;estimation_synthetique_calibree;historique_synthetique;donnee agregee
DEM-2029-11;2029;Analanjirofo;rural;1535177;21.32;457261;3.36;77.39;19.4;0;1.76;1.75;26.0;0.5314;0.7639;46027;13868;671038.74;244231.58;915270.32;71.1;projection_scenario_tendanciel;projection_scenario;source secondaire
DEM-2019-10;2019;Atsinanana;mixte;1519099;27.98;384264;3.95;65.71;32.78;0.28;0.28;0.36;19.64;0.5054;0.851;19776;6104;622459.47;534975.01;1157434.48;72.34;simulation_utilisateur + extrapolation_regionale;historique_synthetique;
DEM-2000-15;2000;Betsiboka;rural;218866;4.28;45853;4.77;85.45;13.41;0.9;0;0;6.52;0.6516;0.5935;4071;1385;64790.41;8971.49;73761.9;78.93;simulation_utilisateur + extrapolation_regionale;historique_synthetique;source secondaire
DEM-2025-08;2025;Ihorombe;rural;519446;12.89;117223;4.43;ND;25.11;0.62;1.0;1.07;22.7;0.5799;0.6727;34528;11184;243391.54;103180.34;346571.88;73.36;projection_scenario_tendanciel;projection_scenario;a verifier
DEM-2002-05;2002;Haute Matsiatra;rural;973266;9.13;188148;5.17;78.56;20.27;0.76;0;0;7.54;0.6236;0.6496;4728;1516;282382.06;73048.42;355430.48;73.13;simulation_utilisateur + extrapolation_regionale;historique_synthetique;donnee agregee
DEM-2006-07;2006;Vatovavy-Fitovinany;rural;1050294;3.48;216031;4.86;91.3;6.62;1.57;0;0;8.94;0.6519;0.5812;7044;2374;467688.09;30177.02;497865.11;76.26;simulation_utilisateur + extrapolation_regionale;historique_synthetique;a verifier
DEM-2007-02;2007;Vakinankaratra;rural;1577225;9.41;338685;4.66;83.84;15.62;0.64;0;0;8.75;0.6202;0.6513;8133;2398;654925.63;127034.55;781960.18;82.13;simulation_utilisateur + extrapolation_regionale;historique_synthetique;
DEM-2025-15;2025;Betsiboka;rural;495001;15.66;115861;4.27;78.29;19.64;0.48;0.84;1.05;23.74;0.564;0.7029;34145;10152;252919.78;78062.42;330982.2;73.87;projection_scenario_tendanciel;projection_scenario;
DEM-2004-01;2004;Analamanga;mixte;2348533;29.37;549383;4.27;36.94;61.24;0.34;1.36;0.74;12.76;0.5072;0.8794;5273;1529;285805.3;856190.57;1141995.87;63.16;simulation_utilisateur + extrapolation_regionale;historique_synthetique;a verifier
DEM-2010-18;2010;Androy;rural;696584;6.51;148894;4.68;94.94;3.99;0.76;0;0;10.02;0.6338;0.6155;10475;3158;391996.01;16051.73;408047.74;79.42;simulation_utilisateur + extrapolation_regionale;historique_synthetique;
DEM-2027-15;2027;Betsiboka;rural;522744;16.76;123429;4.24;78.23;18.98;0.53;1.18;1.58;22.94;0.5595;0.7166;39708;12804;256253.25;79775.38;336028.63;75.76;projection_scenario_tendanciel;projection_scenario;source secondaire
DEM-2019-22;2019;SAVA;rural;1165670;19.56;322051;3.62;75.98;23.36;0.18;0.27;0.18;21.21;0.5474;0.7514;21113;6738;575413.81;252314.21;827 728;77.76;simulation_utilisateur + extrapolation_regionale;historique_synthetique;a verifier
DEM-2002-08;2002;Ihorombe;rural;257918;3;53500;4.82;78.48;20.05;1.06;0;0;7.73;0.6565;0.5769;5215;1576;78274.55;17568.08;95842.63;76.96;simulation_utilisateur + extrapolation_regionale;historique_synthetique;source secondaire
DEM-2018-05;2018;Haute Matsiatra;rural;1434960;17.58;293 842;4.88;74.68;23.75;0.58;0.14;0.38;16.88;0.5641;0.7352;17240;5429;728931.22;311813.37;1040744.59;70.41;INSTAT_RGPH3_2018 + simulation_utilisateur;historique_synthetique;a verifier
DEM-2008-10;2008;Atsinanana;rural;1104942;21.86;270241;4.09;71.27;28.22;0.44;0;0;11.16;0.5495;0.7942;8140;2336;359488.19;210615.2;570103.39;73.51;simulation_utilisateur + extrapolation_regionale;historique_synthetique;donnee agregee
DEM-2001-08;2001;Ihorombe;rural;248423;3;51605;4.81;78.53;19.95;1.08;0;0;6.2;0.6591;0.5787;4776;1436;69182.05;16158.58;-;76.84;simulation_utilisateur + extrapolation_regionale;historique_synthetique;a verifier
DEM-2010-16;2010;Melaky;rural;235655;6.71;51231;4.6;85.77;13.4;0.86;0;0;10.3;;0.6175;10314;3259;117533.47;17812.75;135346.22;78.29;simulation_utilisateur + extrapolation_regionale;historique_synthetique;estimation
DEM-2026-06;2026;Amoron'i Mania;rural;1013642;16.8;214767;4.72;81.78;15.57;0.42;1.18;1.16;25.02;0.5562;0.714;32473;11174;510786.28;130342.6;641128.88;77.72;projection_scenario_tendanciel;projection_scenario;a verifier
DEM-2000-19;2000;Anosy;rural;470696;7.86;102700;4.58;89.13;9.83;0.8;0;0;4.59;0.6352;0.6384;4114;;142 725;15096.23;157820.95;73.47;simulation_utilisateur + extrapolation_regionale;historique_synthetique;estimation
DEM-2014-06;2014;Amoron'i Mania;rural;761878;11.55;156362;4.87;88.1;11.09;0.62;0;0;14.68;0.5994;0.6684;12691;3821;465360.6;64887.58;530248.18;78.8;simulation_utilisateur + extrapolation_regionale;historique_synthetique;source secondaire
DEM-2020-05;2020;Haute Matsiatra;rural;1526856;17.53;315917;4.83;75.03;24.0;0.4;0.19;0.7;20.3;0.5593;0.7295;22603;6816;785678.22;339692.41;1125370.63;71.0;simulation_utilisateur + extrapolation_regionale;historique_synthetique;donnee agregee
DEM-2029-14;2029;Sofia;rural;2103321;16.66;551212;3.82;70.65;26.46;0.22;1.45;1.89;26.76;0.5543;0.7098;46867;13596;849651.02;429491.02;1279142.04;75.7;projection_scenario_tendanciel;projection_scenario;donnee agregee
DEM-2023-06;2023;Amoron'i Mania;rural;940502;15.62;196702;4.78;84.25;13.55;0.46;0.51;0.75;21.99;0.5668;0.7051;26644;8085;511216.63;106468.28;617684.91;77.62;estimation_synthetique_calibree;historique_synthetique;
DEM-2006-16;2006;Melaky;rural;208231;5.57;44756;4.65;85.98;12.46;0.86;0;0;8.14;0.6419;0.6068;6492;2103;84734.15;11619.79;96353.94;78.41;simulation_utilisateur + extrapolation_regionale;historique_synthetique;
DEM-2012-13;2012;Boeny;mixte;753806;32.07;179401;4,20;56.0;43.86;0.49;0.04;0;17.1;0.4872;0.9029;9419;3121;212372.69;300621.62;512994.31;67.51;simulation_utilisateur + extrapolation_regionale;historique_synthetique;a verifier
DEM-2028-22;2028;SAVA;rural;1503036;23.09;432453;3.48;70.12;26.74;0.05;1.47;1.7;26.38;0.5217;0.7834;38834;14220;580945.69;346730.72;927676.41;76.98;projection_scenario_tendanciel;projection_scenario;source secondaire
DEM-2000-07;2000;Vatovavy-Fitovinany;rural;903613;3;181906;4.97;93.47;5.17;1.64;0;-;4.82;0.6614;0.5804;4474;1498;290532.06;14405.77;;139.34;simulation_utilisateur + extrapolation_regionale;historique_synthetique;estimation
DEM-2002-06;2002;Amoron'i Mania;rural;570560;4.81;110514;5.16;90.1;9.4;0.83;0;0;8.07;0.6461;0.5979;4881;1616;188237.19;19678.94;207916.13;80.56;simulation_utilisateur + extrapolation_regionale;historique_synthetique;source secondaire
DEM-2014-21;2014;DIANA;mixte;770892;31.72;212982;3.62;48.93;48.95;0.29;0.45;1.23;18.12;0.4878;0.8969;11673;4189;207715.22;380124.03;587839.25;62.57;simulation_utilisateur + extrapolation_regionale;historique_synthetique;donnee agregee
DEM-2001-07;2001;Vatovavy-Fitovinany;rural;928090;3;189546;4.9;92.18;5.97;1.68;0;0;5.9;0.6596;0.5791;4924;1420;304704.76;17939.78;322644.54;76.1;simulation_utilisateur + extrapolation_regionale;historique_synthetique;
DEM-2009-05;2009;Haute Matsiatra;rural;1161665;12.43;229151;5.07;79.09;20.57;0.6;0;0;10.25;0.6016;0.6849;76016.0;2818;462280.67;147873.19;610153.86;71.59;simulation_utilisateur + extrapolation_regionale;historique_synthetique;estimation
DEM-2018-10;2018;Atsinanana;mixte;1479503;27.78;377977;3.91;66.58;32.82;0.32;0.33;0.17;18.8;0.5076;0.8502;17337;5938;635332.31;530067.98;1165400.29;74.08;INSTAT_RGPH3_2018 + simulation_utilisateur;historique_synthetique;a verifier
DEM-2005-14;2005;Sofia;rural;1018767;5.55;242523;4.2;78.36;21.13;0.67;0;0;7.65;0.6428;0.6071;6533;2130;362451.37;92981.16;455432.53;79.75;simulation_utilisateur + extrapolation_regionale;historique_synthetique;a verifier
DEM-2007-18;2007;Androy;rural;637969;4.24;136485;4.67;95.13;3.73;0.83;0;0;10.96;0.6444;0.5877;7680;2649;300410.42;10947.33;311357.75;81.55;simulation_utilisateur + extrapolation_regionale;historique_synthetique;
DEM-2030-08;2030;Ihorombe;rural;604830;14.69;140914;4.29;67.87;27.54;0.56;1.7;2.04;24.27;0.5682;0.691;50810;14954;249187.64;123394.52;372582.16;73.15;projection_scenario_tendanciel;projection_scenario;a verifier
DEM-2004-08;2004;Ihorombe;rural;271076;3;56396;4.81;77.8;20.79;1.08;0.0;0;5.97;0.6594;0.579;6159;1914;90944.43;21906.18;112850.61;76.42;simulation_utilisateur + extrapolation_regionale;historique_synthetique;donnee agregee
DEM-2011-14;2011;Sofia;rural;1224286;8.22;297720;4.11;77.51;22.0;0.43;0;0;14.22;0.6178;0.6302;10918;3191;584303.46;168510.05;752813.51;78.21;simulation_utilisateur + extrapolation_regionale;historique_synthetique;
DEM-2009-01;2009;Analamanga;mixte;2744525;32.16;653393;4.2;33.72;62.75;-;1.57;1.2;15.41;0.4889;0.9071;7665;2364;382877.46;1346966.24;1729843.7;61.51;simulation_utilisateur + extrapolation_regionale;historique_synthetique;estimation
DEM-2010-10;2010;Atsinanana;rural;1174760;23.58;288024;4.08;70.63;29.54;0.4;0;0;16.71;0.5326;0.8052;8944;2771;403843.55;257331.75;661175.3;74.31;simulation_utilisateur + extrapolation_regionale;historique_synthetique;
DEM-2013-19;2013;Anosy;rural;695685;14.23;161841;4.3;86.59;12.6;0.63;0;0;15.73;;0.698;11901;3606;366853.92;66307.58;433161.5;72.61;simulation_utilisateur + extrapolation_regionale;historique_synthetique;donnee agregee
DEM-2019-14;2019;Sofia;rural;1542370;12.01;389752;3.96;75.39;23.86;0.37;0.05;0.14;17.34;0.5928;0.67;19848;5900;824608.16;299486.34;1124094.5;77.77;simulation_utilisateur + extrapolation_regionale;historique_synthetique;source secondaire
DEM-2019-12;2019;Alaotra-Mangoro;rural;1279493;14.3;304607;4.2;72.23;27.78;0.34;0.07;0.12;17.91;0.5799;0.6957;19470;6248;661968.52;298048.45;960016.97;80.97;simulation_utilisateur + extrapolation_regionale;historique_synthetique;donnee agregee
DEM-2002-02;2002;Vakinankaratra;rural;1386187;7.22;290163;4.78;84.51;15.18;0.62;0;0;7.21;0.6345;0.6275;5126;1692;436101.38;80852.57;516953.95;83.32;simulation_utilisateur + extrapolation_regionale;historique_synthetique;donnee agregee
DEM-2018-07;2018;Vatovavy-Fitovinany;rural;1439868;9.66;312907;4.6;89.63;8.79;1.4;0.01;0.05;17.15;0.6055;0.6431;20117;6080;936433.21;101535.45;1037968.66;73.55;INSTAT_RGPH3_2018 + simulation_utilisateur;historique_synthetique;a verifier
DEM-2023-02;2023;Vakinankaratra;rural;2371664;17.7;540980;4.38;77.49;20.17;0.34;0.69;0.79;21.01;0.5574;0.7303;28948;9055;1178122.5;419504.67;1597627.17;79.84;estimation_synthetique_calibree;historique_synthetique;source secondaire
DEM-2026-08;2026;Ihorombe;rural;530823;13.51;119434;4.44;72.09;25.65;0.71;1.03;1.2;25.04;0.5732;0.6765;37230;12067;239517.67;106748.66;346266.33;72.84;projection_scenario_tendanciel;projection_scenario;source secondaire
DEM-2019-21;2019;DIANA;mixte;920319;34.76;260791;3.53;47.23;49.94;0.34;0.63;1.59;30.12;0.4569;0.9088;17675;6290;246427.95;511597.98;758025.93;62.12;simulation_utilisateur + extrapolation_regionale;historique_synthetique;
DEM-2001-20;2001;Menabe;rural;399832;7.54;86570;4.62;80.35;18.65;0.69;0;0;7.21;0.6328;0.6312;4472;1389;109757.06;26342.11;136099.17;74.64;simulation_utilisateur + extrapolation_regionale;historique_synthetique;donnee agregee
DEM-2015-03;2015;Itasy;rural;822859;15.01;183433;4.49;85.59;13.5;0.43;0;;18.38;0.5754;0.7033;12607;4019;474734.32;95957.43;570691.75;72.19;simulation_utilisateur + extrapolation_regionale;historique_synthetique;
DEM-2011-17;2011;Atsimo-Andrefana;rural;1457612;10.59;330689;4.41;78.63;20.46;0,41;0;0;14.08;0.6055;0.658;10331;3442;656160.76;194835.5;850996.26;77.63;simulation_utilisateur + extrapolation_regionale;historique_synthetique;estimation
DEM-2009-13;2009;Boeny;mixte;681336;30.37;161825;4.21;56.81;43.11;0.5;0;0;13.87;0.5004;0.889;7902;2332;174560.99;222449.85;397010.84;68.39;simulation_utilisateur + extrapolation_regionale;historique_synthetique;
DEM-2001-17;2001;Atsimo-Andrefana;rural;1093285;5.8;235294;4.65;81.95;18.15;0.57;0;0;5.31;0.6453;0.613;4381;1504;311924.73;69153.63;381078.36;78.24;simulation_utilisateur + extrapolation_regionale;historique_synthetique;
DEM-2002-12;2002;Alaotra-Mangoro;rural;802937;6.81;177 089;4.53;77.28;22.73;0.59;0;;6.34;0.6381;0.6237;5304;1561;229 668;68684.54;298352.33;84.2;simulation_utilisateur + extrapolation_regionale;historique_synthetique;source secondaire
DEM-2029-15;2029;Betsiboka;rural;565277;18.59;132936;4.25;75.5;20,65;0.48;1.57;1.82;26.5;0.5447;0.7321;42400;13470;241608.81;87888.06;329496.87;75.02;projection_scenario_tendanciel;projection_scenario;source secondaire
DEM-2028-11;2028;Analanjirofo;rural;1510001;20.2;450937;3.35;77.16;19.49;0;1.4;1.63;24.29;0.5396;0.7539;41937;14433;664530.72;245433.48;909964.2;72.69;projection_scenario_tendanciel;projection_scenario;source secondaire
DEM-2016-19;2016;Anosy;rural;764251;14.92;177761;4.3;85.03;14.35;0.64;0.01;0;18.09;0.5763;0.7027;13687;4327;445415.68;93400.54;538816.22;73.53;simulation_utilisateur + extrapolation_regionale;historique_synthetique;
DEM-2014-14;2014;Sofia;rural;1327677;10.78;328680;32.32;76.33;22.56;0.54;0;;13.76;0.605;0.6606;12203;4400;701455.12;220481.31;921936.43;78.83;simulation_utilisateur + extrapolation_regionale;historique_synthetique;source secondaire
DEM-2003-07;2003;Vatovavy-Fitovinany;rural;985623;3.19;202984;4.86;92.15;5.85;1.55;0;0;7.02;-;0.58;5318;1683;370244.07;20654.98;390899.05;76.72;simulation_utilisateur + extrapolation_regionale;historique_synthetique;donnee agregee
DEM-2006-21;2006;DIANA;mixte;592019;27.82;160037;3.7;52.73;;0.46;0;0.59;11.42;0.5172;0.8637;6455;2047;114968.99;167236.92;282205.91;63.31;simulation_utilisateur + extrapolation_regionale;historique_synthetique;
DEM-2027-06;2027;Amoron'i Mania;rural;;16.96;223023;4.67;81.43;14.53;0.54;1.33;1.49;25.3;0.5549;0.7153;38296;12518;521195.3;115734.19;636929.49;78.74;projection_scenario_tendanciel;projection_scenario;
DEM-2000-18;2000;Androy;rural;506432;3;105786;4.79;96;2.63;0.8;0;0;5.8;0.6597;0.5792;4219;1480;171269.83;4118.04;175387.87;81.58;simulation_utilisateur + extrapolation_regionale;historique_synthetique;source secondaire
DEM-2028-01;2028;Analamanga;mixte;4959482;43.23;1279816;3.88;22.72;70.61;0;3.56;3.5;30.24;0.4136;1.0041;33980;11218;504675.88;3810518.0;4315193.88;58.65;projection_scenario_tendanciel;projection_scenario;
DEM-2020-01;2020;Analamanga;mixte;3878620;38.67;960191;4.04;28.26;67.49;0.19;2.38;1.92;24.96;0.4431;0.9634;18219;5626;592932.75;2993268.9;3586201.65;58.91;simulation_utilisateur + extrapolation_regionale;historique_synthetique;doublon possible
DEM-2010-12;2010;Alaotra-Mangoro;rural;999089;9.72;227469;n/a;74.12;24.81;0.57;0;0;13.8;0.6106;0.6482;9314;2956;413189.7;149700.07;562889.77;82.16;simulation_utilisateur + extrapolation_regionale;historique_synthetique;donnee agregee
DEM-2003-02;2003;Vakinankaratra;rural;1414488;7.7;296736;4.77;84.22;14.98;0.63;0;0;6.12;0.6336;0.6345;5781;1719;464217.64;85403.24;549620.88;82.9;simulation_utilisateur + extrapolation_regionale;historique_synthetique;a verifier
DEM-2021-07;2021;Vatovavy-Fitovinany;rural;1554073;10.95;343132;4.53;87.77;10.54;1.43;0.25;0.24;20.86;0.5929;0.653;26079;8063;980844.25;130164.0;1111008.25;73.71;simulation_utilisateur + extrapolation_regionale;historique_synthetique;a verifier
DEM-2017-22;2017;SAVA;rural;1085272;18.6;298086;3.64;76,34;23.36;0.24;0.11;0.15;16.57;0.5592;0.7476;16373;5595;586197.63;233590.85;819788.48;77.19;simulation_utilisateur + extrapolation_regionale;historique_synthetique;
DEM-2002-22;2002;SAVA;rural;699297;10.83;177593;3.94;80.26;19.2;0.37;0;0;7.43;0.6146;0.6698;5177;1564;205515.01;55221.74;260736.75;79.89;simulation_utilisateur + extrapolation_regionale;historique_synthetique;estimation
DEM-2014-19;2014;Anosy;rural;711917;13.57;165113;4.31;85.3;13.53;0.6;0;0;14.23;0.5894;0.6925;13055;3732;413528.76;77613.42;491142.18;74.06;simulation_utilisateur + extrapolation_regionale;historique_synthetique;donnee agregee
DEM-2025-10;2025;Atsinanana;mixte;1793293;31.87;466124;3.85;62.27;35.43;0,13;1.29;1.22;26.69;0.476;0.8826;32517;9870;628908.7;639997.99;1268906.69;72.42;projection_scenario_tendanciel;projection_scenario;estimation
DEM-2005-11;2005;Analanjirofo;rural;819272;9.67;213817;3.83;88.09;12.2;0.4;0;0;7.28;0.6211;0.6564;6065;2096;296786.65;45316.67;342103.32;75.27;simulation_utilisateur + extrapolation_regionale;historique_synthetique;donnee agregee
DEM-2024-16;2024;Melaky;rural;377639;13.3;86 486;4.37;81.27;15.84;n/a;0.74;0.91;23.95;0.5759;0.6756;27922;9291;211358.6;46739.87;258098.47;74.51;estimation_synthetique_calibree;historique_synthetique;donnee agregee
DEM-2008-18;2008;Androy;rural;661749;5.41;141581;4.67;95.41;3.94;0.82;0;0;9.7;0.6402;0.603;8796;2803;330263.67;13036.26;343299.93;81.15;simulation_utilisateur + extrapolation_regionale;historique_synthetique;a verifier
DEM-2019-15;2019;Betsiboka;rural;408037;13.17;93129;4.38;82.86;16.91;0.66;0;0;20.34;0.5821;0.6792;19577;6312;238309.26;58557.67;296866.93;76.71;simulation_utilisateur + extrapolation_regionale;historique_synthetique;estimation
DEM-2015-02;2015;Vakinankaratra;rural;1914943;13.26;424404;4.51;82.64;17.07;0.41;0.12;0;16.09;0.5882;0.6863;15120;4413;1096460.1;264619.83;1361079.93;82.38;simulation_utilisateur + extrapolation_regionale;historique_synthetique;donnee agregee
DEM-2005-09;2005;Atsimo-Atsinanana;rural;729373;3;134164;5.44;94.17;4.18;1.2;0;0;6.77;0.6581;0.5781;6480;1865;306164.86;12552.67;318717.53;79.38;simulation_utilisateur + extrapolation_regionale;historique_synthetique;donnee agregee
DEM-2012-07;2012;Vatovavy-Fitovinany;rural;1230834;7.28;261332;4.71;91.47;7.63;1.45;0;0;12.97;0.6249;0.6209;12024;3684;734185.78;60208.58;794394.36;75.37;simulation_utilisateur + extrapolation_regionale;historique_synthetique;
DEM-2000-21;2000;DIANA;rural;482384;23.73;126343;3.82;55.81;43.72;0.61;0;0.28;8.23;0.5436;0.821;4204;1340;78414.42;92408.22;170822.64;66.91;simulation_utilisateur + extrapolation_regionale;historique_synthetique;
DEM-2024-11;2024;Analanjirofo;rural;1343415;18.77;386501;3.48;79.94;17.81;0.13;0.88;0.84;23,53;0.5481;0.7388;31587;10302;679186.56;205282.37;884468.93;72.83;estimation_synthetique_calibree;historique_synthetique;
DEM-2013-09;2013;Atsimo-Atsinanana;rural;903816;4.87;171791;5.26;93.09;6.02;1.04;0;0;15,03;0.6343;0.5902;12431;3804;577826.96;36068.4;-;77.98;simulation_utilisateur + extrapolation_regionale;historique_synthetique;
DEM-2009-06;2009;Amoron'i Mania;rural;676043;-;135046;5.01;89.41;10.5;0.77;0;0;11.45;0.6171;0.6452;8226;2831;317923.33;39987.4;357910.73;79.24;simulation_utilisateur + extrapolation_regionale;historique_synthetique;donnee agregee
DEM-2011-11;2011;Analanjirofo;rural;957892;11,82;257864;3.71;85.78;14.45;0.25;0;0;13.32;0.6001;0.6735;11098;3574;464401.15;92304.93;556706.08;74.17;simulation_utilisateur + extrapolation_regionale;historique_synthetique;source secondaire
DEM-2022-19;2022/2023;Anosy;rural;916705;17.72;219753;4.17;82.08;16.46;0.5;0.65;;22.32;0.5553;0.7286;25199;7327;474329.3;;609964.28;70.3;estimation_synthetique_calibree;historique_synthetique;source secondaire
DEM-2030-16;2030;Melaky;rural;462628;15.91;109519;4.22;78.01;18.38;0.44;1.66;2.03;28.05;0.5562;0.6993;48879;16361;205242.71;64648.14;269890.85;75.32;projection_scenario_tendanciel;projection_scenario;
DEM-2002-04;2002;Bongolava;rural;419547;3;88318;4.75;90.08;9.21;0.76;0;0;5.11;0.6609;0.58;5106;1713;142884.97;12879.54;155764.51;80.79;simulation_utilisateur + extrapolation_regionale;historique_synthetique;
DEM-2028-13;2028;Boeny;mixte;1313989;41.83;344114;3.82;44.48;51.13;0.23;1.71;1.84;34.98;0.4153;0.9783;38361;11264;255391.36;738216.8;993608.16;66.01;projection_scenario_tendanciel;projection_scenario;estimation
DEM-2030-22;2030;SAVA;mixte;1610745;25.1;468189;3.44;68.13;28.13;0.07;1.89;2.13;29.72;0.5068;0.8006;51930;16455;586572.27;377453.36;964025.63;77.92;projection_scenario_tendanciel;projection_scenario;estimation
DEM-2027-21;2027;DIANA;mixte;1212010;38.54;358390;3.38;42.08;53.56;0.17;1.8;2.88;34,75;0.4321;0.9421;32724;11738;241830.69;650703.62;892534.31;60.47;projection_scenario_tendanciel;projection_scenario;
DEM-2006-20;2006;Menabe;rural;472273;9.85;104876;4.5;80.61;19.56;0.5;0;0;8.19;0.6187;0.6572;6699;2222;167377.14;45195.11;212572.25;72.25;simulation_utilisateur + extrapolation_regionale;historique_synthetique;source secondaire
DEM-2026-05;2026;Haute Matsiatra;rural;1766182;20.67;370520;4.77;70.91;25.85;0.45;1.12;1.84;24.25;0.5372;0.7594;33315;10992;770995.66;378613.37;1149609.03;71.11;projection_scenario_tendanciel;projection_scenario;estimation
DEM-2027-07;2027;Vatovavy-Fitovinany;rural;1808022;13.56;407095;4.44;84.62;11.75;1.24;1.27;1.56;24.89;0.5731;0.6773;39889;13547;936680.33;164093.42;1100773.75;72.62;projection_scenario_tendanciel;projection_scenario;a verifier
DEM-2012-06;2012;Amoron'i Mania;rural;724246;10.16;147147;4.92;88.43;11.06;0.73;0;0;15.42;0.6057;0.6511;10265;3462;391425.78;53069.09;444494.87;78.58;simulation_utilisateur + extrapolation_regionale;historique_synthetique;
DEM-2011-08;2011;Ihorombe;rural;334477;6.03;-71273.0;4.69;77.09;22.31;0.87;0;0;11.58;0.6338;0.6079;10178;3290;156097.42;43928.55;200025.97;77.42;simulation_utilisateur + extrapolation_regionale;historique_synthetique;a verifier
DEM-2004-12;2004;Alaotra-Mangoro;rural;844192;7.36;187724;4.5;76.19;23.29;0.67;;0;9.63;0.6298;0.626;6190;1795;262015.18;77581.44;339596.62;83.11;simulation_utilisateur + extrapolation_regionale;historique_synthetique;estimation
DEM-2022-13;2022;Boeny;mixte;1068468;38.55;268943;3.97;49.01;49.17;0.32;0.77;0.83;30.0;0.4377;0.9519;22378;6981;273794.58;603142.09;876936.67;66.43;estimation_synthetique_calibree;historique_synthetique;source secondaire
DEM-2020-20;2020;Menabe;rural;734123;16.75;174511;4.21;75.73;23.09;0.32;0.11;0.19;21.38;0.5618;0.7189;19445;6841;387623.77;150250.84;537874.61;72,78;simulation_utilisateur + extrapolation_regionale;historique_synthetique;a verifier
DEM-2023-03;2023;Itasy;rural;1035554;19.65;238642;4.34;80.87;16.72;0.36;0.8;0.71;21.65;0.5463;0.7517;24271;8167;522906.45;155408.97;678315.42;71.12;estimation_synthetique_calibree;historique_synthetique;source secondaire
DEM-2027-02;2027;Vakinankaratra;rural;2617672;19.03;599942;4.36;75.8;20.93;0.28;1.54;1.63;23.9;0.5462;0.7411;41633;12232;1225185.64;431281.24;1656466.88;78.46;projection_scenario_tendanciel;projection_scenario;estimation
DEM-2006-14;2006;Sofia;rural;1045927;6.53;244569;4.28;79.21;20.34;0.54;0;0;9.18;0.635;0.6169;6415;2170;373447.3;95090.01;468537.31;78.21;simulation_utilisateur + extrapolation_regionale;historique_synthetique;a verifier
DEM-2004-13;2004;Boeny;mixte;577348;27.82;135470;4.26;57.56;42.25;0.59;0;0;11.04;0.5178;0.8643;4845;1539;111672.29;-135172.84;246845.13;69.16;simulation_utilisateur + extrapolation_regionale;historique_synthetique;source secondaire
DEM-2029-04;2029;Bongolava;rural;928582;11.48;215657;4.31;80.59;15.94;0.27;1.57;1.86;26.8;0.5809;0.6509;44642;14356;463410.77;104265.85;567676.62;77.64;projection_scenario_tendanciel;projection_scenario;
DEM-2018-01;2018;Analamanga;mixte;3612025;38.11;898542;4.02;28.7;67.06;0.18;2.2;1.83;22.19;0.4492;0.9627;15511;5168;560414.22;2783631.03;3344045.25;61.28;INSTAT_RGPH3_2018 + simulation_utilisateur;historique_synthetique;a verifier
DEM-2005-13;2005;Boeny;mixte;596422;28.93;139768;4.27;57.67;42.27;0.67;0;0;12.24;0.5102;0.8753;5967;1834;123180.54;156106.65;279287.19;67.24;simulation_utilisateur + extrapolation_regionale;historique_synthetique;estimation
DEM-2016-06;2016;Amoron'i Mania;rural;803898;11.6;165213;4.87;87.36;11.68;0.7;0;0;-;0.5945;0.6649;14327;4782;525483.37;74390.78;599874.15;79.98;simulation_utilisateur + extrapolation_regionale;historique_synthetique;
DEM-2005-16;2005;Melaky;rural;200093;4.97;42955;4.66;88.01;11.33;0.95;0;0;9.2;0.6434;0.5984;6603;2188;77341.47;9803.57;87145.04;77.58;simulation_utilisateur + extrapolation_regionale;historique_synthetique;source secondaire
DEM-2006-01;2006;Analamanga;mixte;2475654;30.5;579435;4.27;35.77;61.42;0.42;1.58;1.06;11.5;0.5028;0.8949;5640;1757;333211.55;1015823.48;1349035.03;62.01;simulation_utilisateur + extrapolation_regionale;historique_synthetique;a verifier
DEM-2015-13;2015;Boeny;mixte;841607;33.76;205341;4.1;53.78;45.22;0.44;0.21;0.06;24.37;0.4692;0.9086;11930;3897;253367.7;436277.6;689645.3;65.52;simulation_utilisateur + extrapolation_regionale;historique_synthetique;source secondaire
DEM-2016-09;2016;Atsimo-Atsinanana;rural;976334;6.18;185732;5.26;92.43;6.75;1.0;0;0;15.1;0.6273;0.6053;16679;4740;703752.96;49117.95;752870.91;79.32;simulation_utilisateur + extrapolation_regionale;historique_synthetique;estimation
DEM-2019-07;2019;Vatovavy-Fitovinany;rural;1 487 755;10.02;324478;4.59;89.13;9.72;1.32;0.04;0;19.39;0.6001;0.6442;22216;6090;976975.43;113750.86;1090726.29;74.79;simulation_utilisateur + extrapolation_regionale;historique_synthetique;donnee agregee
DEM-2021-17;2021;Atsimo-Andrefana;rural;1953615;15.78;n/a;4.23;74.37;23.93;0.32;0.34;0.65;20.42;0.5683;0.7092;23661;7674;1012350.84;396489.31;1408840.15;76.42;simulation_utilisateur + extrapolation_regionale;historique_synthetique;donnee agregee
DEM-2020-22;2020;SAVA;rural;1196194;19.69;331266;3.61;74.7;24.66;0.16;0.19;0.26;21.23;0.5467;0.7529;20046;7135;609044.26;272779.51;881823.77;77.18;simulation_utilisateur + extrapolation_regionale;historique_synthetique;
DEM-2016-04;2016;Bongolava;rural;629674;5.99;141156;4.46;88.51;11.46;0.48;0;0;16.78;0.6256;0.601;17839;5042;422119.3;;475469.61;77.95;simulation_utilisateur + extrapolation_regionale;historique_synthetique;
DEM-2007-14;2007;Sofia;rural;1076611;7.1;256245;4.2;77.59;21.11;0.61;0;0;8.35;0.6333;0.6246;7688;2214;413828.7;113634.43;527463.13;79.56;simulation_utilisateur + extrapolation_regionale;historique_synthetique;donnee agregee
DEM-2023-20;2023;Menabe;rural;820870;19.2;194748;4.22;72.81;24.89;0.33;0.69;0.62;23.77;0.5455;0.7434;26939;7913;370233.21;180002.08;550235.29;72.02;estimation_synthetique_calibree;historique_synthetique;a verifier
DEM-2011-10;2011;Atsinanana;rural;1216353;24.28;300002;4.05;69.2;29.89;0.47;0;0;16.51;0.5292;0.8136;10172;3470;436425.59;288747.22;725172.81;74.16;simulation_utilisateur + extrapolation_regionale;historique_synthetique;a verifier
DEM-2013-04;2013;Bongolava;rural;581983;4.38;128120;4.54;86.74;12.06;0.54;0;0;13.77;0.639;0.586;14008;4310;337335.22;46268.49;383603.71;78.28;simulation_utilisateur + extrapolation_regionale;historique_synthetique;source secondaire
DEM-2004-16;2004;Melaky;rural;192164;4.96;40974;4.69;88.43;11.22;0.94;0;0;6.65;0.6477;0.6014;5905;1985;70985.38;8813.18;79798.56;77.55;simulation_utilisateur + extrapolation_regionale;historique_synthetique;
DEM-2006-11;2006;Analanjirofo;rural;837026;10.45;218634;3.83;86.25;12.99;0.45;0;0;8.68;0.6147;0.6637;7014;2295;326043.25;53551.38;379594.63;73.4;simulation_utilisateur + extrapolation_regionale;historique_synthetique;estimation
DEM-2005-10;2005;Atsinanana;rural;1021973;20.65;244781;4.18;71.95;27.98;0.46;0;0;10.73;0.5567;0.7807;6390;1876;280419.53;152882.87;433302.4;75.1;simulation_utilisateur + extrapolation_regionale;historique_synthetique;source secondaire
DEM-2018-11;2018;Analanjirofo;rural;1142703;16.34;322510;3.54;83.64;15.95;0.26;0.2;0;17.51;0.5697;0.72;18229;5 614;679838.66;159637.39;839476.05;71.74;INSTAT_RGPH3_2018 + simulation_utilisateur;historique_synthetique;estimation
DEM-2009-19;2009;Anosy;rural;612425;11.83;138491;4.42;86.49;12.4;0.71;0;0;13.04;0.6005;0.6739;8353;2806;286595.76;43847.1;330442.86;74.16;simulation_utilisateur + extrapolation_regionale;historique_synthetique;
DEM-2008-20;2008;Menabe;rural;499599;11.53;110889;4.51;79.38;20.54;0.53;0;0;9.94;0.6069;0.6747;7590;2293;191007.94;58180.7;249188.64;72.04;simulation_utilisateur + extrapolation_regionale;historique_synthetique;
DEM-2022-06;2022;Amoron'i Mania;rural;924626;14.51;195456;4.73;84.73;14.17;0.53;0.41;0.43;21,04;0.574;0.6937;23816;7587;510424.16;104037.75;614461.91;78.68;estimation_synthetique_calibree;historique_synthetique;donnee agregee
DEM-2018-04;2018;Bongolava;rural;674232;6.71;150442;4.48;87.35;12.07;0.43;0.15;0;15.47;0,62;0.611;19761;6407;467257.13;62714.43;529971.56;78.5;INSTAT_RGPH3_2018 + simulation_utilisateur;historique_synthetique;source secondaire
DEM-2026-15;2026;Betsiboka;rural;507349;16.78;116964;4.34;76.71;19.9;0.46;1.17;1.32;23.12;0.5591;0.7166;37218;12108;246371.64;83120.87;329492.51;74,18;projection_scenario_tendanciel;projection_scenario;
DEM-2001-18;2001;Androy;rural;525609;3;108791;4.83;96;2.87;0.86;0;0;7.11;0.6575;0.5777;4731;1533;185973.78;4682.93;190656.71;79.76;simulation_utilisateur + extrapolation_regionale;historique_synthetique;
DEM-2001-12;2001;Alaotra-Mangoro;rural;786205;5.9;174515;4,51;76.2;22.76;0.73;0;0;3.94;0.647;0.6159;4888;1543;220704.96;61505.13;282210.09;83.12;simulation_utilisateur + extrapolation_regionale;historique_synthetique;donnee agregee
DEM-2001-13;2001;Boeny;mixte;515097;26.77;119518;4.31;58.58;41.38;0.71;0;0;8.11;0.5273;0.8571;4130;;87975.73;103795.4;191771.13;70.2;simulation_utilisateur + extrapolation_regionale;historique_synthetique;a verifier
DEM-2016-21;2016;DIANA;mixte;831137;32.86;234062;3.55;47.81;49.81;0.29;0.5;1.32;27.23;0.4703;0.8928;13359;4869;225659.95;461916.88;687576.83;62.46;simulation_utilisateur + extrapolation_regionale;historique_synthetique;donnee agregee
DEM-2030-07;2030;Vatovavy-Fitovinany;rural;1967291;15.11;445991;4.41;82.22;13.22;1.22;1.83;2.03;27.84;0.5606;0.6906;53100;16459;964096.09;188339.36;1152435.45;72.07;projection_scenario_tendanciel;projection_scenario;
DEM-2012-15;2012;Betsiboka;rural;325125;9.8;71209;4.57;83.25;15,91;0.71;0;0;15.53;0.6074;0.6468;10581;3432;164619.55;34844.61;199464.16;78.13;simulation_utilisateur + extrapolation_regionale;historique_synthetique;estimation
DEM-2007-20;2007;Menabe;rural;485533;10.74;107810;4.5;80.3;19.63;0.51;0;0;11.15;4.87;0.6637;7452;2157;185341.24;48339.86;233681.1;73.55;simulation_utilisateur + extrapolation_regionale;historique_synthetique;a verifier
DEM-2028-05;2028;Haute Matsiatra;rural;1837947;21.41;388970;4.73;68.1;27.58;0.39;1.41;2.18;26.27;0.5305;0.7645;42376;14335;746270.97;423672.73;1169943.7;70.71;projection_scenario_tendanciel;projection_scenario;source secondaire
DEM-2022-03;2022;Itasy;rural;1009876;18.88;231367;4.36;83.36;15.54;0.35;0.56;0.63;20.45;0.552;0.7448;23080;7563;535943.73;135790.52;671734.25;70.7;estimation_synthetique_calibree;historique_synthetique;source secondaire
DEM-2004-09;2004;Atsimo-Atsinanana;rural;713095;3;131880;5.41;93.76;4.75;1.18;0;0;8.88;0.6546;0.5756;6115;1710;294663.83;12324.52;306988.35;79.72;simulation_utilisateur + extrapolation_regionale;historique_synthetique;
DEM-2019-08;2019;Ihorombe;rural;433844;9.36;95761;4.53;74.57;24.42;0.78;0.09;0.02;18.9;0.6044;0.6373;18845;5958;242994.83;81518.58;324513.41;73.89;simulation_utilisateur + extrapolation_regionale;historique_synthetique;estimation
DEM-2019-16;2019;Melaky;rural;318165;11.22;71133;4.47;84.53;14.4;0.75;0.12;0.09;17.04;0.5975;0.6613;19485;6100;193447.14;36209.43;229656.57;76.31;simulation_utilisateur + extrapolation_regionale;historique_synthetique;
DEM-2005-21;2005;DIANA;mixte;570875;26.24;151953;3.76;54.52;44.95;0.43;0;0.53;13.02;0.5235;0.8424;6252;2043;113660.94;155173.78;268834.72;63.71;simulation_utilisateur + extrapolation_regionale;historique_synthetique;estimation
DEM-2007-10;2007;Atsinanana;rural;1079101;22.25;260839;4.14;70.52;28.33;0.52;0;0;14.29;0.5431;0.7937;6760;2316;311605.91;187589.4;499195.31;73.87;simulation_utilisateur + extrapolation_regionale;historique_synthetique;donnee agregee
DEM-2027-20;2027;Menabe;rural;926148;20.27;224266;4.13;71.21;25.83;0.24;1.24;1.58;24.49;0.539;0.7543;33240;11223;395546.52;200378.55;595925.07;71.1;projection_scenario_tendanciel;projection_scenario;a verifier
DEM-2000-10;2000;Atsinanana;rural;889310;18.63;209596;4.24;72.47;26.51;0.63;0;0;7.31;0.5725;0.7623;4271;1275;197497.19;93027.96;290525.15;75.92;simulation_utilisateur + extrapolation_regionale;historique_synthetique;donnee agregee
DEM-2023-21;2023;DIANA;mixte;1062391;37,11;306588;3.47;43.93;52.5;0.28;1.1;2.27;32.91;0.4416;0.9298;25694;7817;244710.85;600749.02;845459.87;62.35;estimation_synthetique_calibree;historique_synthetique;doublon possible
DEM-2000-04;2000;Bongolava;rural;391690;3;81108;4.83;90.71;;0.84;0;0;3.51;0.6636;0.5819;4593;1526;121207.21;9276.35;130483.56;80.19;simulation_utilisateur + extrapolation_regionale;historique_synthetique;estimation
DEM-2019-20;2019;Menabe;rural;714803;16.68;167441;4.27;75.54;23.43;0.32;0.17;0.18;18.49;0.5665;0.7225;19390;5590;381083.56;152073.95;533157.51;72.41;simulation_utilisateur + extrapolation_regionale;historique_synthetique;
DEM-2006-22;2006;SAVA;rural;784356;12.91;202717;3.87;79.4;19.64;0.41;0;0;10.39;0.5988;0.6903;6647;2042;274939.4;80446.11;355385.51;80.39;simulation_utilisateur + extrapolation_regionale;historique_synthetique;source secondaire
DEM-2002-10;2002;Atsinanana;rural;933027;19.15;218408;4.27;72.55;27.38;0.51;0;0;8.33;0.5682;0.7668;4783;1584;232569.69;120085.9;352655.59;76.84;simulation_utilisateur + extrapolation_regionale;historique_synthetique;a verifier
DEM-2005-02;2005;Vakinankaratra;rural;1489800;8.59;314311;4.74;83.84;15.81;0.57;0;0;9.02;0.6242;5.13;6568;2164;526893.44;103815.14;630708.58;83.82;simulation_utilisateur + extrapolation_regionale;historique_synthetique;estimation
DEM-2003-17;2003;Atsimo-Andrefana;rural;1152621;6.96;250886;4.59;79.86;19.21;0.54;0;0;9.12;0.6328;0.622;4901;1625;369941.03;87671.17;457612.2;80.11;simulation_utilisateur + extrapolation_regionale;historique_synthetique;estimation
DEM-2003-16;2003;Melaky;rural;186335;3.74;39548;4.71;88.62;11.02;1.0;0;0;6.52;0.6545;0.5871;5201;1773;66877.94;7620.68;74498.62;79.51;simulation_utilisateur + extrapolation_regionale;historique_synthetique;source secondaire
DEM-2022-07;2022;Vatovavy-Fitovinany;rural;1591812;11.48;350072;4.55;86.96;10.87;n/a;0.38;0.58;21.8;0.5887;0.6577;28606;7798;;134862.09;1063751.82;74.09;estimation_synthetique_calibree;historique_synthetique;
DEM-2017-19;2017;Anosy;rural;787672;15.43;183192;4.3;85.26;14.19;0.59;0;0.09;18.99;0,57;0.7072;15626;4823;458712.48;94439.66;553 152;71.17;simulation_utilisateur + extrapolation_regionale;historique_synthetique;
DEM-2013-01;2013;Analamanga;mixte;3070878;34.5;745644;4.12;31.96;64.66;0.22;2.02;1.38;17.44;0.474;0.9304;10712;3371;494616.07;1999742.06;-;59.46;simulation_utilisateur + extrapolation_regionale;historique_synthetique;
DEM-2000-08;2000;Ihorombe;rural;ND;3;48736;4.91;79.63;19.89;1.09;0;0;2.95;0.6645;0.5825;4028;1321;66906.97;14220.85;81127.82;77.47;simulation_utilisateur + extrapolation_regionale;historique_synthetique;a verifier
DEM-2029-19;2029;Anosy;rural;1138028;21.62;281176;4.05;77.28;18.82;0.37;1.57;2.07;26.27;0.5294;0.767;41278;12513;493680.4;176919.44;670599.84;72.01;projection_scenario_tendanciel;projection_scenario;
DEM-2010-20;2010;Menabe;rural;533403;12.16;119310;4.47;78.71;20.41;-;0;0;12.93;0.5989;0.6779;8956;3018;228500.18;66590.17;295090.35;73.01;;historique_synthetique;donnee agregee
DEM-2021-01;2021;Analamanga;mixte;4009846;38.96;1018448;3.94;27.54;67.87;0.1;2.59;2.07;23.19;0.4436;0.9704;19127;6788;603709.44;3066473.37;3670182.81;60.07;simulation_utilisateur + extrapolation_regionale;historique_synthetique;estimation
DEM-2029-07;2029;Vatovavy-Fitovinany;rural;1904003;15.0;432181;4.41;83.15;12.41;1.21;1.58;1.84;23.73;0.5674;0.6953;51252;15164;966168.4;179977.02;1146145.42;74.46;projection_scenario_tendanciel;projection_scenario;donnee agregee
DEM-2006-09;2006;Atsimo-Atsinanana;rural;742570;3;136363;5.45;93.62;5.01;1.17;0;0;9.4;0.6537;0.575;6832;2261;333487.67;15998.37;349486.04;81.08;simulation_utilisateur + extrapolation_regionale;historique_synthetique;
DEM-2025-04;2025;Bongolava;rural;829155;9.89;192 075;4.32;82.21;15.11;0.47;0.91;1.17;23.71;0.594;0.637;33802;10171;456118.49;92814.68;548933.17;75.82;projection_scenario_tendanciel;projection_scenario;a verifier
DEM-2024-15;2024;Betsiboka;rural;481682;15.54;112367;4.29;-;18.88;0.47;0.73;1.02;21.0;0.5687;0.7055;31239;9005;243746.29;74673.52;318419.81;75.07;estimation_synthetique_calibree;historique_synthetique;a verifier
DEM-2017-05;2017;Haute Matsiatra;rural;1402108;16.64;288310;4.86;74.67;23.81;0.54;0.1;0.47;19.37;0.5654;0.7206;16406;5571;741420.37;285684.69;1027105.06;70.39;simulation_utilisateur + extrapolation_regionale;historique_synthetique;a verifier
DEM-2018-21;2018;DIANA;mixte;891285;33.47;250252;3.56;47.94;50.32;0.26;0.66;1.44;29.41;0.4644;0.8957;17088;5071;239587.42;507786.5;747373.92;63.35;INSTAT_RGPH3_2018 + simulation_utilisateur;historique_synthetique;
DEM-2005-15;2005;Betsiboka;rural;257190;6.22;55 575;4.63;86.19;13.6;0.82;0;0;7.25;0.6399;0.6155;6699;2142;95179.07;14399.4;109578.47;79.66;simulation_utilisateur + extrapolation_regionale;historique_synthetique;a verifier
DEM-2012-02;2012;Vakinankaratra;rural;1796839;11.97;388976;4.62;82.28;16.99;0.56;0;0;12.73;0.6002;0.676;11611;3416;937881.29;217802.84;1155684.13;81.04;simulation_utilisateur + extrapolation_regionale;historique_synthetique;a verifier
DEM-2019-01;2019;Analamanga;mixte;3718431;37.99;916883;4.06;28.85;66.36;0.13;2.29;1.95;23.92;0.4478;0.9577;16213;5702;610217.89;2950195.17;3560413.06;60.37;simulation_utilisateur + extrapolation_regionale;historique_synthetique;estimation
DEM-2025-09;2025;Atsimo-Atsinanana;rural;1247240;10.03;245144;5.09;87.2;9.4;0.84;0.89;1.2;23.63;;0.6387;33806;10188;746673.57;83653.17;830326.74;78.17;projection_scenario_tendanciel;projection_scenario;source secondaire
DEM-2015-20;2015;Menabe;rural;624611;14.82;142916;4.37;77.43;22.48;0.46;0;0;15.82;0.5803;0.7048;13007;4122;344122.85;121157.67;465280.52;72.18;simulation_utilisateur + extrapolation_regionale;historique_synthetique;estimation
DEM-2025-07;2025;Vatovavy-Fitovinany;rural;1737132;12.82;390939;4.44;85.66;11.11;1.22;0.88;1.01;21.0;0.5829;0.6742;35690;11376;988156.3;149084.84;1137241.14;73.1;projection_scenario_tendanciel;projection_scenario;estimation
DEM-2022-09;2022;Atsimo-Atsinanana;rural;1143095;9.27;223458;5.12;89.75;9.12;0.92;0,43;0.44;20.12;0,60;0.6347;24797;8649;747393.73;79019.11;826412.84;77.54;estimation_synthetique_calibree;historique_synthetique;a verifier
DEM-2011-01;2011;Analamanga;mixte;2918246;34.08;701305;4.16;32.78;63.33;0.31;1.66;1.37;17.77;0.4758;0.9249;8900;2621;434167.1;1678686.38;2112853.48;61.25;simulation_utilisateur + extrapolation_regionale;historique_synthetique;
DEM-2019-09;2019;Atsimo-Atsinanana;rural;1059805;7.87;203915;5.2;91.27;7.67;1.01;0;0.0;19.07;0.6119;0.6199;19142;5851;723076.37;61157.24;784233.61;79.31;simulation_utilisateur + extrapolation_regionale;historique_synthetique;
DEM-2024-04;2024;Bongolava;rural;804707;9.53;1484960.0;4,34;84.57;13.55;0.44;0.74;0.86;20.36;0.6011;0.6373;32146;10504;463299.7;83704.23;547003.93;76.4;estimation_synthetique_calibree;historique_synthetique;donnee agregee
DEM-2020-11;2020;Analanjirofo;rural;1213767;16.55;340634;3.56;83.79;16.11;0.11;0.15;0.23;20.63;0.564;0.7177;21397;6893;676609.48;173824.0;850433.48;71.84;simulation_utilisateur + extrapolation_regionale;historique_synthetique;source secondaire
DEM-2015-11;2015;Analanjirofo;rural;1063262;14.35;294037;3.62;85.02;14,82;0.26;0;0;14.63;0.5846;0.7011;15600;4459;659743.24;136836.6;796579.84;73.28;simulation_utilisateur + extrapolation_regionale;historique_synthetique;source secondaire
DEM-2015-04;2015;Bongolava;rural;615096;5.02;135437;4.54;88.05;11.59;0.61;0;0;15.78;;0.591;14712;4783;428451.16;50807.17;479258.33;78.17;simulation_utilisateur + extrapolation_regionale;historique_synthetique;source secondaire
DEM-2030-02;2030;Vakinankaratra;rural;2835744;20.17;659932;4.3;73.0;22.9;0.15;2.02;2.09;28.7;0.5334;0.7466;51721;16653;1196988.68;507387.48;1704376.16;78.39;projection_scenario_tendanciel;projection_scenario;estimation
DEM-2019-19;2019;Anosy;rural;828542;16.78;194270;4.26;83.94;14,76;0.55;0.22;;19.15;0.565;0.7225;18474;5959;481453.16;111413.73;592866.89;72.92;simulation_utilisateur + extrapolation_regionale;historique_synthetique;a verifier
DEM-2020-06;2020;Amoron'i Mania;rural;879344;13.34;182838;4.81;86.51;12.86;0.49;0.22;0.23;18.0;0.5848;0.6845;21167;6876;561592.45;92969.76;654562.21;77.29;simulation_utilisateur + extrapolation_regionale;historique_synthetique;source secondaire
DEM-2014-15;2014;Betsiboka;rural;346442;11.18;77656;4.46;83.45;15.79;0.63;0;0;15.15;0.6007;0.6634;14405;4398;199178.57;41853.12;241031.69;77.34;simulation_utilisateur + extrapolation_regionale;historique_synthetique;
DEM-2027-13;2027;Boeny;mixte;1275586;41.45;332695;3.83;45.36;50.51;0.28;1.65;1.69;62.05;0.4178;0.9752;35559;10790;256314.14;708681.34;964995.48;64.09;projection_scenario_tendanciel;projection_scenario;
DEM-2021-11;2021;Analanjirofo;rural;1254337;17.72;359736;3.49;82.2;16.47;0.1;0.33;0.28;19.32;0.5598;0,73;23760;7656;703685.49;182706.34;886391.83;71,09;simulation_utilisateur + extrapolation_regionale;historique_synthetique;source secondaire
DEM-2022-02;2022;Vakinankaratra;rural;2305763;16.41;527 866;4.37;78.54;20.2;0.28;0.52;0.68;22.35;0.5622;0.7135;26017;7751;1197172.28;401886.71;1 599 059;80.87;estimation_synthetique_calibree;historique_synthetique;
DEM-2011-04;2011;Bongolava;rural;543854;3.19;119813;4.54;87.43;11.47;0.57;0;0;10.28;0.6512;0.5762;10712;3345;308774.5;34951.88;343726.38;78.11;simulation_utilisateur + extrapolation_regionale;historique_synthetique;
DEM-2007-13;2007;Boeny;mixte;;29.82;149099;4.26;57.18;42.24;0.56;0;0;12.63;0.5049;0.8849;6659;2243;138767.78;180000.36;318768.14;67.13;simulation_utilisateur + extrapolation_regionale;historique_synthetique;
DEM-2020-21;2020;DIANA;mixte;949973;35.0;273533;3.47;46.3;51.06;0.28;0.8;1.67;27.65;0.4588;0.9163;19003;6706;250099.77;529576.03;779 676;63.82;simulation_utilisateur + extrapolation_regionale;historique_synthetique;a verifier
DEM-2012-06;2012;Amoron'i Mania;rural;724246;10.16;147147;4.92;88.43;11.06;0.73;0;0;15.42;0.6057;0.6511;10265;3462;391425.78;53069.09;444494.87;78.58;simulation_utilisateur + extrapolation_regionale;historique_synthetique;
DEM-2013-14;2013;Sofia;rural;1290275;9.44;311526;4.14;77.68;22.05;0.48;0;0;15.84;0.6088;0.6423;11576;3540;672542.43;194527.93;867070.36;77.59;simulation_utilisateur + extrapolation_regionale;historique_synthetique;donnee agregee
DEM-2000-01;2000;Analamanga;mixte;2051971;27.25;465026;4.41;38.3;59.38;0,41;1.13;0.46;10.87;0.521;0.858;3377;1247;215777.9;535710.56;751488.46;;simulation_utilisateur + extrapolation_regionale;historique_synthetique;source secondaire
DEM-2017-14;2017;Sofia;rural;1467178;12.11;368246;3.98;76.09;23.96;0.45;0;0;17.7;0.5918;0.6707;16331;5 458;815185.09;290431.79;1105616.88;76.93;simulation_utilisateur + extrapolation_regionale;historique_synthetique;a verifier
DEM-2000-20;2000;Menabe;rural;387344;7.37;84435;4.59;80.48;19.15;0.7;0;0;5.14;0.637;0.6319;4300;1328;103228.98;24226.87;127455.85;73.06;simulation_utilisateur + extrapolation_regionale;historique_synthetique;
DEM-2023-07;2023;Vatovavy-Fitovinany;rural;1633389;11.73;361110;4.52;86.51;10.89;1.31;0.67;0.8;19.35;0.5912;0.664;27180;9417;988447.82;141891.23;1130339.05;75.73;estimation_synthetique_calibree;historique_synthetique;donnee agregee
DEM-2030-04;2030;Bongolava;rural;962488;11.89;225711;4.26;80.23;15.61;0.36;1.84;1.99;25.64;0.5806;0.6571;49153;16212;485321.08;102429.65;587750.73;75.05;projection_scenario_tendanciel;projection_scenario;source secondaire
DEM-2019-06;2019;Amoron'i Mania;rural;850961;13.6;177912;4.78;86.12;12.38;0.65;0.03;0.15;19.33;0.5814;0.6856;19737;6137;519862.3;89351.25;609213.55;79.28;simulation_utilisateur + extrapolation_regionale;historique_synthetique;donnee agregee
DEM-2008-09;2008;Atsimo-Atsinanana;rural;793298;3;147307;5.39;93.47;5.21;1.22;0;0;10.99;0.6511;0.5731;7697;2620;405705.39;18971.58;424676.97;78.29;simulation_utilisateur + extrapolation_regionale;historique_synthetique;
DEM-2026-09;2026;Atsimo-Atsinanana;rural;1285247;11.25;255982;5.02;86.92;9.9;0,88;1.19;1.27;24.84;0.5852;0.6509;36709;10743;717258.83;90734.54;807993.37;75.42;projection_scenario_tendanciel;projection_scenario;donnee agregee
DEM-2003-08;2003;Ihorombe;rural;264162;3;54717;4.83;79.39;19.81;1.01;0;0;7.16;0.6575;0.5776;5642;1690;84848.99;18955.11;103804.1;79.11;simulation_utilisateur + extrapolation_regionale;historique_synthetique;estimation
DEM-2010-07;2010;Vatovavy-Fitovinany;rural;1171045;5.85;247624;4.73;90.62;8.06;1.45;0;0;9.86;0.6376;0.6079;10488;3159;606366.71;50780.05;657146.76;76.68;simulation_utilisateur + extrapolation_regionale;historique_synthetique;
DEM-2010-02;2010;Vakinankaratra;rural;1682302;10.79;367351;4.58;83.2;16.55;0.51;0;0;11.2;0.6089;0.6643;9885;2896;759457.11;166964.46;926421.57;82.76;simulation_utilisateur + extrapolation_regionale;historique_synthetique;
DEM-2022-11;2022;Analanjirofo;rural;1283315;17.68;363851;3.53;81.18;17.0;0.21;0.53;0.4;20.54;0.5582;0.7309;25243;7649;699950.55;186687.58;886638.13;72.96;estimation_synthetique_calibree;historique_synthetique;
DEM-2026-20;2026;Menabe;rural;893545;20.2;214070;4.17;73.09;24.81;0.21;1.08;1.3;22.8;0.5417;0.7563;31955;11489;389106.94;182502.09;571609.03;71.89;projection_scenario_tendanciel;projection_scenario;
DEM-2000-03;2000;Itasy;rural;550230;8.64;117436;4.69;89.07;10.13;0.64;0;0;6.07;0.6286;0.6458;3 846;1371;161713.02;18722.91;180435.93;72.76;simulation_utilisateur + extrapolation_regionale;historique_synthetique;a verifier
DEM-2013-16;2013;Melaky;rural;261514;8.51;57899;4.52;86.13;12.89;0.81;0;0;14.7;0.6155;0.633;13157;3786;154444.44;23291.63;177736.07;77.72;simulation_utilisateur + extrapolation_regionale;historique_synthetique;source secondaire
DEM-2028-02;2028;Vakinankaratra;rural;2692844;20.11;632640;4.26;75.47;21.6;0.21;1.57;1.65;25.91;0.5377;0.7504;40614;12514;1204468.38;472980.52;1677448.9;80.22;projection_scenario_tendanciel;projection_scenario;
DEM-2012-01;2012;Analamanga;mixte;2991922;34.72;714363;4.19;32.35;64.51;0.29;1.86;1.29;17.78;0.4724;0.9323;9743;2848;470867.78;ND;2263532.13;61.78;simulation_utilisateur + extrapolation_regionale;historique_synthetique;
DEM-2000-12;2000;Alaotra-Mangoro;rural;764938;5.37;170321;4.49;77.47;22.06;0.65;0;0;5.51;0.6473;0.6076;3987;1310;204674.77;54017.02;258691.79;84.61;simulation_utilisateur + extrapolation_regionale;historique_synthetique;source secondaire
DEM-2026-12;2026;Alaotra-Mangoro;rural;1555137;18.11;381793;32.56;68.31;29.33;0.26;1.16;1.31;22.48;0.5531;0.7329;35724;11290;658386.67;388019.54;1046406.21;79.81;projection_scenario_tendanciel;projection_scenario;a verifier
DEM-2010-07;2010;Vatovavy-Fitovinany;rural;1171045;5.85;247624;4.73;90.62;8.06;1.45;0;0;9.86;0.6376;0.6079;10488;3159;606366.71;50780.05;657146.76;76.68;simulation_utilisateur + extrapolation_regionale;historique_synthetique;
DEM-2024-19;2024;Anosy;rural;968722;18.85;234237;4.14;82.17;16.02;0.51;0.88;0.96;21.95;0.55;0.7421;28592;8757;496490.6;137241.2;633731.8;n/a;estimation_synthetique_calibree;historique_synthetique;estimation
DEM-2017-02;2017;Vakinankaratra;rural;2041046;13.99;456689;4.47;80.63;18.2;0.34;0.21;0;17.84;0.5816;0.6923;17750;5820;1129495.32;327091.29;1456586.61;79.67;simulation_utilisateur + extrapolation_regionale;historique_synthetique;
DEM-2010-13;2010;Boeny;mixte;708242;31.46;168921;4.19;55.09;44.24;0.54;0;0;17.11;0,49;0.8957;8090;ND;175541.9;267484.1;443026.0;67.89;simulation_utilisateur + extrapolation_regionale;historique_synthetique;source secondaire
DEM-2012-17;2012;Atsimo-Andrefana;rural;1512263;11.51;338203;4.47;79.31;20.44;0.37;0;0;13.13;0.602;0.6701;11070;3366;762852.87;217299.38;980152.25;77.03;simulation_utilisateur + extrapolation_regionale;historique_synthetique;source secondaire
DEM-2020-15;2020;Betsiboka;rural;417586;13.27;94845;4.4;81.44;18.09;0.55;0.21;0.19;18.82;0.5839;0.6825;22974;7423;246228.39;62689.7;308 918;76.32;simulation_utilisateur + extrapolation_regionale;historique_synthetique;
DEM-2028-16;2028;Melaky;rural;433760;15.69;101720;-4.26;79.09;18.02;0.53;1.36;1.65;23.56;0.5641;0.7035;42276;12441;216655.91;60231.12;276887.03;76.65;projection_scenario_tendanciel;projection_scenario;
DEM-2021-02;2021;Vakinankaratra;rural;2233307;16.63;506525;4.41;79.15;19.9;0.42;0.39;0.36;21.05;0.5629;0.718;22100;7901;1194814.09;392273.94;1587088.03;79.42;simulation_utilisateur + extrapolation_regionale;historique_synthetique;
DEM-2009-18;2009;Androy;rural;678425;5.53;144498;4.7;95.18;3.83;0.79;;0;10.95;0.6375;0.6029;9622;2735;362929.48;13848.78;376778.26;78.58;simulation_utilisateur + extrapolation_regionale;historique_synthetique;source secondaire
DEM-2018-12;2018;Alaotra-Mangoro;rural;1256855;13.99;298673;4.21;72.84;26.22;0.44;0.15;0.16;17.09;0.5828;0.6934;18960;6104;642945.43;272323.69;915269.12;79.83;INSTAT_RGPH3_2018 + simulation_utilisateur;historique_synthetique;estimation
DEM-2010-06;2010;Amoron'i Mania;rural;694812;9.29;138614;5.01;88.72;10.52;0.75;0;0;10.59;0.6179;0.6475;8664;2766;358176.46;41887.89;400064.35;80.47;simulation_utilisateur + extrapolation_regionale;historique_synthetique;
DEM-2010-17;2010;Atsimo-Andrefana;rural;1407754;10.54;318685;4.42;n/a;20.76;0.47;0;0;13.55;0.6066;0.6582;9420;2824;615876.76;ND;795811.43;76.86;simulation_utilisateur + extrapolation_regionale;historique_synthetique;source secondaire
DEM-2004-02;2004;Vakinankaratra;rural;1441966;8.7;304726;4.73;85.06;14.65;0.56;;0;8.62;0.6242;0.6431;6239;1740;508577.81;90060.68;598638.49;83.96;simulation_utilisateur + extrapolation_regionale;historique_synthetique;source secondaire
DEM-2003-14;2003;Sofia;rural;948870;5.34;222812;4.26;;19.81;0.65;0;0;7.94;0.6435;0.6043;5203;1737;293686.42;70516.78;364203.2;80.88;simulation_utilisateur + extrapolation_regionale;historique_synthetique;estimation
DEM-2004-14;2004;Sofia;rural;984508;5.02;230152;n/a;78.04;21.06;0.64;0;0;8.64;0.6441;0.5997;5560;1 821;310812.35;80477.89;391290.24;80.2;simulation_utilisateur + extrapolation_regionale;historique_synthetique;donnee agregee
DEM-2001-21;2001;DIANA;rural;498462;24.72;130400;3.82;54.11;44.69;0.63;0;0.25;8.23;0.5382;0.8327;4402;1328;78074.43;101839.09;179913.52;64.28;simulation_utilisateur + extrapolation_regionale;historique_synthetique;source secondaire
DEM-2007-05;2007;Haute Matsiatra;rural;1097144;11.75;215838;5.08;78.93;20.95;0.73;0;0;12.61;0.6015;0.6736;7061;2235;394895.79;122438.99;517334.78;72.0;JariAla;historique_synthetique;estimation
DEM-2008-14;2008;Sofia;rural;1101318;7.38;261520;4.21;79.09;20.94;0.55;0;0;9.31;0,63;0.6267;8277;2611;435 097;117206.82;552303.68;79.17;simulation_utilisateur + extrapolation_regionale;historique_synthetique;donnee agregee
DEM-2029-10;2029;Atsinanana;mixte;2030466;32.9;543816;3.73;60.01;36.06;0.16;1.74;1.97;30,41;0.466;0.8874;43269;14821;621191.7;699573.04;1320764.74;70.92;projection_scenario_tendanciel;projection_scenario;a verifier
DEM-2003-03;2003;Itasy;rural;589732;10.17;125467;4.7;88.43;11.07;0.7;0;0;9.6;0.6147;0.6592;4756;1620;200395.32;27363.6;227758.92;74.48;simulation_utilisateur + extrapolation_regionale;historique_synthetique;
DEM-2001-16;2001;Melaky;rural;175385;3.57;37196;4.72;87.95;11.66;1.0;0;0;6.74;0.6551;0.5849;4844;1489;54140.27;6489.48;60629.75;80.83;simulation_utilisateur + extrapolation_regionale;historique_synthetique;donnee agregee
DEM-2000-14;2000;Sofia;rural;874257;3.1;201612;4.34;79.9;19.68;0.66;0;0;3.02;0.6638;0.5837;4407;1353;246217.31;51814.68;298031.99;79.77;simulation_utilisateur + extrapolation_regionale;historique_synthetique;donnee agregee
DEM-2023-22;2023;SAVA;rural;1298325;21.29;365206;3.56;72.49;25.36;0.18;0.78;0.72;24.75;0.5333;0.7656;27206;9182;602469.48;304691.24;907160.72;77.8;estimation_synthetique_calibree;historique_synthetique;
DEM-2008-12;2008;Alaotra-Mangoro;rural;943651;9.24;213658;4.42;75.37;24.37;0.56;0;0;11.63;0.6166;0,65;8723;2558;367500.03;121095.59;488595.62;83.34;simulation_utilisateur + extrapolation_regionale;historique_synthetique;
DEM-2021-05;2021;Haute Matsiatra;rural;1565425;18.65;328079;4.77;74.67;24.4;0.4;0.31;0.83;22.69;0.55;0.7387;24238;7030;776830.91;330096.4;1 106 927;71.45;simulation_utilisateur + extrapolation_regionale;historique_synthetique;source secondaire
DEM-2015-11;2015;Analanjirofo;rural;1063262;14.35;294037;3.62;85.02;14,82;0.26;0;0;14.63;0.5846;0.7011;15600;4459;659743.24;136836.6;796579.84;73.28;simulation_utilisateur + extrapolation_regionale;historique_synthetique;source secondaire
DEM-2030-18;2030;Androy;rural;1321586;15.04;308575;4.28;86.76;9.47;0.46;1.83;2.09;24.29;0.5663;0.695;49345;15753;683 905;93428.46;777 333;78.03;projection_scenario_tendanciel;projection_scenario;a verifier
DEM-2023-10;2023;Atsinanana;mixte;1709055;30.75;448669;3.81;63.37;34.05;0.18;0.82;0.99;24.43;0.4848;0.874;28324;8738;614432.27;604879.17;1219311.44;71.38;estimation_synthetique_calibree;historique_synthetique;estimation
DEM-2026-13;2026;Boeny;mixte;1223647;39.86;317514;3.85;46.42;50.84;0.25;1.44;1.69;34.05;0.4263;0.9583;31681;10587;281161.22;657758.62;938919.84;64.55;projection_scenario_tendanciel;projection_scenario;donnee agregee
DEM-2009-11;2009;Analanjirofo;rural;904884;11.11;242322;3.73;86.54;13.49;0.34;0;0;10.24;0.6087;0.6694;8768;2673;420459.2;-;493154.56;72.69;simulation_utilisateur + extrapolation_regionale;historique_synthetique;donnee agregee
DEM-2014-13;2014;Boeny;mixte;807 634;33.38;198197;4.07;53.82;45.17;0.52;0.06;0.14;19.55;0.4772;0.9133;11943;3860;227207.74;370184.64;597392.38;65.73;simulation_utilisateur + extrapolation_regionale;historique_synthetique;
DEM-2022-01;2022;Analamanga;mixte;4129834;39.63;1036016;3.99;25.54;68.73;0.22;2.73;2.25;26.21;0.4366;0.9718;21289;7121;526233.86;3395087.42;3921321.28;58.58;estimation_synthetique_calibree;historique_synthetique;
DEM-2005-18;2005;Androy;rural;592622;3.59;124359;4.77;95.43;3.81;0.86;0;0;6.23;0.6558;0.5857;6299;1979;252935.22;9516.75;262451.97;81.56;simulation_utilisateur + extrapolation_regionale;historique_synthetique;estimation
DEM-2022-08;2022;Ihorombe;rural;467749;11.0;103493;4.52;73.65;24.42;0.71;0.39;0.4;20.75;0.5928;0.6537;26319;8838;237694.3;91220.05;328914.35;74.33;estimation_synthetique_calibree;historique_synthetique;
DEM-2003-13;2003;Boeny;mixte;552869;27.61;128707;4.3;57.37;42.01;0.59;0;0;11.75;0.5179;0.8606;4700;1561;99134.33;126051.95;225186.28;68.78;simulation_utilisateur + extrapolation_regionale;historique_synthetique;
DEM-2011-16;2011;Melaky;rural;245886;7.45;53567;4.59;86.03;13.5;0.74;0;0;12.9;0.6241;0.6228;10961;3066;126705.4;20745.74;147451.14;77.29;simulation_utilisateur + extrapolation_regionale;historique_synthetique;donnee agregee
DEM-2012-16;2012;Melaky;rural;253871;7.96;55346;4.59;86.9;12.72;0.79;0;0;12.9;0.6214;0.6288;11031;3645;134507.7;21210.85;155718.55;76.87;simulation_utilisateur + extrapolation_regionale;historique_synthetique;a verifier
DEM-2015-01;2015;Analamanga;mixte;3317084;35.62;801473;4.14;31.36;64.88;0.25;2.13;1.66;21.48;0.4631;0.9354;11476;3690;567240.83;2514844.33;3082085.16;59.79;simulation_utilisateur + extrapolation_regionale;historique_synthetique;donnee agregee
DEM-2003-21;2003;DIANA;mixte;526631;26.19;138134;3.81;55.36;44.12;0.56;0;0.38;12.17;0.525;0.8432;5104;1606;94 935;121471.45;216406.38;66.13;simulation_utilisateur + extrapolation_regionale;historique_synthetique;estimation
DEM-2016-01;2016;Analamanga;mixte;3415066;36.6;836072;4.08;29.48;66.32;0.26;2,18;1.72;22.5;0.4567;0.9447;12701;4539;572709.97;2613307.19;3186017.16;61.53;simulation_utilisateur + extrapolation_regionale;historique_synthetique;donnee agregee
DEM-2001-09;2001;Atsimo-Atsinanana;rural;652155;3;119007;5.48;95.75;3.45;1.2;0;0;3.36;0.6638;0.5821;4508;1521;221583.65;7502.82;229086.47;79.31;simulation_utilisateur + extrapolation_regionale;historique_synthetique;donnee agregee
DEM-2021-21;2021;DIANA;mixte;983844;35.49;286625;3.43;45.75;51.03;0.31;0.77;1.83;28.14;0.4556;0.921;21211;6865;240136.33;534745.81;774882.14;63.52;simulation_utilisateur + extrapolation_regionale;historique_synthetique;
DEM-2010-01;2010;Analamanga;mixte;2835900;33.37;685427;4.14;34.13;62.63;;1.76;1.2;18.09;0.4791;0.916;7855;2665;411719.01;1451868.58;1863587.59;62.22;simulation_utilisateur + extrapolation_regionale;historique_synthetique;donnee agregee
DEM-2007-21;2007;DIANA;mixte;609238;28.2;163343;3.73;53.29;46.32;0.41;0;0.67;15.62;0.5096;0.8607;6769;2116;125716.16;194320.55;320036.71;63.11;simulation_utilisateur + extrapolation_regionale;historique_synthetique;estimation
DEM-2026-21;2026;DIANA;mixte;1168169;38.94;348603;3,35;41.51;53.47;0.14;1.61;2.75;32.8;0.4324;0.9505;30259;10321;226411.5;;916938.33;61.0;projection_scenario_tendanciel;projection_scenario;
DEM-2004-20;2004;Menabe;rural;436905;9.05;96673;4.52;80.05;18.86;0.66;0;0;6.89;0.6251;0.6495;5826;1642;141985.81;35617.35;177603.16;75.05;simulation_utilisateur + extrapolation_regionale;historique_synthetique;source secondaire
DEM-2004-22;2004;SAVA;rural;745388;11.09;189687;3.93;79.54;19.47;0.47;0;0;8.39;0.6117;0.6716;5485;1827;231541.68;64347.86;295889.54;82.02;simulation_utilisateur + extrapolation_regionale;historique_synthetique;
DEM-2020-13;2020;Boeny;mixte;993071;37.22;245764;4.04;51.09;47.15;0.4;0.61;0.45;28.44;0.4464;0.94;18674;5800;281693.79;527711.62;809405.41;66.42;simulation_utilisateur + extrapolation_regionale;historique_synthetique;estimation
DEM-2016-13;2016;Boeny;mixte;874923;34.16;215164;4.07;53.89;45.76;0.43;0.36;0.23;27.99;0.4626;0.9062;13552;4340;256460.98;444488.2;700949.18;65.7;simulation_utilisateur + extrapolation_regionale;historique_synthetique;donnee agregee
DEM-2023-04;2023;Bongolava;rural;774271;9.37;179134;4.32;84.62;13.48;0.41;0.6;0.65;22.33;0.5989;0.6329;30753;9026;467154.21;76753.66;543907.87;77.9;estimation_synthetique_calibree;historique_synthetique;
DEM-2016-16;2016;Melaky;rural;290153;10.01;64852;4.47;84.73;14.59;0.79;0;0;15.64;0.6061;0.6492;16048;5057;184987.01;32576.4;217563.41;78.0;simulation_utilisateur + extrapolation_regionale;historique_synthetique;donnee agregee
DEM-2030-21;2030;DIANA;mixte;1341838;41.15;ND;3.31;38.89;54.84;0.07;2.28;3.46;37.78;0.4155;0.9649;44630;13548;221487.4;768584.18;990071.58;60.88;projection_scenario_tendanciel;projection_scenario;source secondaire
DEM-2014-02;2014;Vakinankaratra;rural;1870857;13.49;412031;4.54;82.49;16.98;0.44;0;0;14.12;0.5899;0.6918;13730;4231;1054355.85;256602.89;1310958.74;80.36;simulation_utilisateur + extrapolation_regionale;historique_synthetique;a verifier
DEM-2013-20;2013;Menabe;rural;590951;13.37;133779;4.42;78.76;21.01;0.41;0;0;13.89;0.5909;0.6907;10960;3928;299202.87;90220.49;389423.36;73.97;simulation_utilisateur + extrapolation_regionale;historique_synthetique;estimation
DEM-2005-05;2005;Haute Matsiatra;rural;1048149;10.42;203414;5.15;79.13;19.59;0.67;0;0;7.29;0.617;0.6652;6470;1930;343914.21;94189.35;438103.56;74.87;simulation_utilisateur + extrapolation_regionale;historique_synthetique;estimation
DEM-2023-19;2023;Anosy;rural;944784;18.17;225225;4.19;82.43;15.51;0.55;0.74;0.83;23.28;0.5516;0.7323;25968;8506;490793.29;121884.48;612677.77;70.31;estimation_synthetique_calibree;historique_synthetique;a verifier
DEM-2030-13;2030;Boeny;mixte;1399721;42.06;364862;3.84;42.97;52.44;0.17;2.06;2.37;36.02;0.413;0.9787;45415;13021;267261.94;782523.81;1049785.75;64.86;projection_scenario_tendanciel;projection_scenario;estimation
DEM-2016-18;2016;Androy;rural;841077;8.13;185763;4.53;93.91;4.95;0,56;0;0;15.2;0.6168;0.6278;17515;5200;583163.83;32815.32;615979.15;80.27;simulation_utilisateur + extrapolation_regionale;historique_synthetique;doublon possible
DEM-2003-05;2003;Haute Matsiatra;rural;1000834;9.7;193384;5.18;79.07;20.4;0.77;0;0;8.49;0.619;n/a;5409;1 774;301840.49;82411.51;384252.0;73.79;simulation_utilisateur + extrapolation_regionale;historique_synthetique;
DEM-2024-17;2024;Atsimo-Andrefana;rural;2155083;17.34;514485;4.19;72.23;24.98;0.29;0.96;1.21;21.7;0.5583;0.7251;29437;9508;977557.17;440000.42;1417557.59;75.83;estimation_synthetique_calibree;historique_synthetique;a verifier
DEM-2026-14;2026;Sofia;rural;1922352;16.41;492812;3.9;71,80;25.61;0.28;1.13;1.28;25.4;0.5576;-;33620;10637;888205.95;405912.58;1294118.53;75.04;projection_scenario_tendanciel;projection_scenario;
DEM-2004-03;2004;Itasy;rural;609031;9.88;131254;4.64;87.65;11.31;0.66;0;0;10.38;0.6151;0.6547;5450;1664;210873.04;30260.07;241 133;72.05;simulation_utilisateur + extrapolation_regionale;historique_synthetique;source secondaire
DEM-2028-12;2028;Alaotra-Mangoro;rural;1652876;18.72;409577;4.04;66.9;29.69;0.25;1.51;1.87;24.48;0.547;0.7367;40974;12551;641018.7;396425.62;1037444.32;79.61;projection_scenario_tendanciel;projection_scenario;donnee agregee
DEM-2013-15;2013;Betsiboka;rural;336063;10.73;74673;4.5;83.59;16.14;0.68;0;0;13.26;0.606;0.6607;12590;3629;187584.51;37883.22;225467.73;77.04;simulation_utilisateur + extrapolation_regionale;historique_synthetique;
DEM-2012-20;2012;Menabe;rural;572445;13.53;129278;4.43;77.66;21.77;0.46;0;0;13.9;0.5901;0.6925;11097;3144;271904.8;91773.63;363678.43;71.49;simulation_utilisateur + extrapolation_regionale;historique_synthetique;source secondaire
DEM-2025-13;2025;Boeny;mixte;1177254;39.49;303901;3.87;47.5;49.37;0.31;1.24;1.32;34.28;0.4279;0.9537;30210;9553;264229.37;662521.44;926750.81;66.13;projection_scenario_tendanciel;projection_scenario;estimation
DEM-2021-03;2021;Itasy;rural;975236;18.29;226233;4.31;84.35;15.09;0.42;0.29;0.35;22.62;0.552;0.7346;21576;7325;532527.91;131895.83;664423.74;69.59;simulation_utilisateur + extrapolation_regionale;historique_synthetique;
DEM-2028-15;2028;Betsiboka;rural;545575;17.05;128037;4.26;76.91;19.99;0.5;1.39;1.61;23.51;0.5571;0.7191;42065;13605;254817.51;89191.87;344009.38;74.68;projection_scenario_tendanciel;projection_scenario;
DEM-2004-05;2004;Haute Matsiatra;rural;1028792;9.87;202339;5.08;79.6;19.43;0.74;0;0;8.96;0.6174;0.6564;5533;1899;317955.86;85807.62;403763.48;72.69;simulation_utilisateur + extrapolation_regionale;historique_synthetique;source secondaire
DEM-2024-12;2024;Alaotra-Mangoro;rural;1478038;17.06;357903;4.13;69.54;28.44;0.35;0.81;1.01;24.34;0,56;0.718;30651;9841;652834.08;357834.52;1010668.6;79.46;estimation_synthetique_calibree;historique_synthetique;estimation
DEM-2024-13;2024;Boeny;mixte;1136851;39.7;287323;3.96;48.19;49.01;0.28;1.22;1.2;31.82;0.4297;0.9611;24627;8702;271233.35;621472.5;7141646.8;66.05;estimation_synthetique_calibree;historique_synthetique;a verifier
DEM-2026-09;2026;Atsimo-Atsinanana;rural;1285247;11.25;255982;5.02;86.92;9.9;0,88;1.19;1.27;24.84;0.5852;0.6509;36709;10743;717258.83;90734.54;807993.37;75.42;projection_scenario_tendanciel;projection_scenario;donnee agregee
DEM-2024-08;2024;Ihorombe;rural;503091;12.02;112312;4.48;72.97;-;0.71;0.68;0.84;21.89;0.5857;0.6639;30756;9108;247713.15;100375.89;348089.04;73.83;estimation_synthetique_calibree;historique_synthetique;
DEM-2029-08;2029;Ihorombe;rural;584388;15.11;134125;4.36;68.42;26.58;0.71;1.67;1.95;25.45;0.5643;0.6941;45528;13720;228569.09;117326.71;345895.8;73.27;projection_scenario_tendanciel;projection_scenario;estimation
DEM-2026-22;2026;SAVA;rural;1426802;22.07;413076;3.45;71.77;-13.03;0.02;1.06;1.42;24.19;0.5301;0.7754;33420;11135;626413.43;316236.67;942650.1;77.92;projection_scenario_tendanciel;projection_scenario;
DEM-2008-06;2008;Amoron'i Mania;rural;658583;7.74;132471;4.97;89.05;10.47;0.78;0;0;9.35;0.6282;0.6308;8537;2434;303225.72;34915.9;338141.62;81.61;simulation_utilisateur + extrapolation_regionale;historique_synthetique;estimation
DEM-2009-02;2009;Vakinankaratra;rural;1638645;10.62;356730;4.59;82.02;16.85;0.56;0;0;12.24;0.6082;0.6609;8852;2992;708383.61;162251.36;870634.97;81.49;simulation_utilisateur + extrapolation_regionale;historique_synthetique;
DEM-2010-21;2010;DIANA;mixte;675022;29.28;185 117;3.65;51.68;46.87;0.48;0.17;0.95;14.79;0.505;0.8747;8417;3072;160510.56;263396.83;423907.39;63.05;simulation_utilisateur + extrapolation_regionale;historique_synthetique;source secondaire
DEM-2000-06;2000;Amoron'i Mania;rural;548413;4.69;105908;5.18;91.07;8.58;0.87;0;0;4.64;0.6525;0.6006;4377;1341;172671.28;15173.58;187844.86;80.14;simulation_utilisateur + extrapolation_regionale;historique_synthetique;estimation
DEM-2017-01;2017;Analamanga;mixte;3498763;36.83;866816;4.04;29.73;66.1;0.24;2.22;1.61;21.64;0.4566;0.949;14165;4563;562411.01;2762589.24;3325000.25;61.06;simulation_utilisateur + extrapolation_regionale;historique_synthetique;estimation
DEM-2014-04;2014;Bongolava;rural;598930;4.33;132267;4.53;87.88;11.57;0.5;0;0;15.8;0.6359;0.583;14019;4410;376969.16;44699.99;421669.15;78.43;simulation_utilisateur + extrapolation_regionale;historique_synthetique;a verifier
DEM-2022-17;2022;Atsimo-Andrefana;rural;2018629;15.54;478394;4.22;74.1;24.42;0.26;0.6;0.8;21.66;0.5677;0.7046;26556;8491;992416.48;404 882;1397298.22;77.08;estimation_synthetique_calibree;historique_synthetique;
DEM-2014-22;2014;SAVA;rural;1003321;17.08;273006;n/a;77.26;22.02;0.31;0;0;17.39;0.566;0.7287;12855;3947;515194.55;183656.12;698850.67;78.76;simulation_utilisateur + extrapolation_regionale;historique_synthetique;a verifier
DEM-2026-18;2026;Androy;rural;1155136;13.03;267578;4.32;89.52;7,67;0.5;1.17;1.34;22.92;0.5789;0.6739;37006;11638;670284.75;67 768;738053.15;77.56;projection_scenario_tendanciel;projection_scenario;
DEM-2028-04;2028;Bongolava;rural;896007;10.79;209275;4.28;81.21;14,77;0.39;1.43;1.77;22.86;0.5906;0.6485;41559;13521;476637.54;90711.73;567349.27;76.81;projection_scenario_tendanciel;projection_scenario;donnee agregee
DEM-2025-01;2025;Analamanga;mixte;4510639;;1140580;3.95;23.04;70.28;0.14;3.11;2.95;26.66;0.4219;1.0022;25984;9127;497418.74;3616860.61;4114279.35;59.84;projection_scenario_tendanciel;projection_scenario;
DEM-2005-22;2005;SAVA;rural;761355;12.1;197496;3.86;79.08;19.88;0.44;0;0;10.31;0.6032;0.6809;6608;1946;243552.36;71816.75;315 369;-;simulation_utilisateur + extrapolation_regionale;historique_synthetique;estimation
DEM-2005-07;2005;Vatovavy-Fitovinany;rural;1029267;3.19;211341;4.87;91.8;7.06;1.65;0;0;5.83;0.6587;0.5814;6612;2017;434302.78;30362.97;464665.75;76.45;simulation_utilisateur + extrapolation_regionale;historique_synthetique;a verifier
DEM-2006-13;2006;Boeny;mixte;616791;29.38;145677;4.23;56.35;42.45;0.57;0;0;13.19;0.5065;0.8788;6190;1864;-;174722.62;307301.94;69.1;simulation_utilisateur + extrapolation_regionale;historique_synthetique;donnee agregee
DEM-2013-08;2013;Ihorombe;rural;359476;7.18;77049;4.67;76.67;22.12;0.93;0;0;14.07;0.6236;0.6183;12162;4054;185789.6;53088.06;238877.66;75.04;simulation_utilisateur + extrapolation_regionale;historique_synthetique;estimation
DEM-2009-07;2009;Vatovavy-Fitovinany;rural;1150792;5.97;243744;4.72;90.96;7.31;1.48;0;0;11.98;0.6335;0.6067;9342;3109;590403.57;44487.34;634890.91;77.48;simulation_utilisateur + extrapolation_regionale;historique_synthetique;estimation
DEM-2020-08;2020;Ihorombe;rural;443454;9.96;97651;4.54;74.87;24.69;0.79;0.22;0.03;19.06;0.6009;0.644;21080;7475;241363.36;88705.5;330068.86;74.83;simulation_utilisateur + extrapolation_regionale;historique_synthetique;source secondaire
DEM-2001-14;2001;Sofia;rural;897981;4.47;207900;4.32;79.54;19.92;0.65;0;0;5.82;0.6517;0.5967;4484;1372;252131.35;60980.2;313111.55;78.66;simulation_utilisateur + extrapolation_regionale;historique_synthetique;estimation
DEM-2012-22;2012;SAVA;rural;937869;15.93;251262;3.73;78.76;21.54;0.33;0;0;14.33;0.5766;0.7199;10563;3357;420832.22;151457.84;572290.06;79.25;simulation_utilisateur + extrapolation_regionale;historique_synthetique;
DEM-2026-16;2026;Melaky;rural;401011;14.21;94198;4.26;80.49;17,04;0.63;1.02;1.26;23.5;0.5719;0.6867;34057;10834;211133.3;51044.27;262177.57;76.17;projection_scenario_tendanciel;projection_scenario;a verifier
DEM-2013-03;2013;Itasy;rural;784 298;14.26;176651;4.44;86.78;12.38;0.44;0;0;14.62;0.5851;0.7001;12422;3605;419407.43;74915.68;494323.11;71.65;simulation_utilisateur + extrapolation_regionale;historique_synthetique;estimation
DEM-2014-17;2014;Atsimo-Andrefana;rural;1593226;12.29;361124;4.41;77.93;21.58;0.42;0;0.09;13.38;0.5975;0.6788;13861;3904;864414.93;270842.73;1135257.66;76.89;simulation_utilisateur + extrapolation_regionale;historique_synthetique;donnee agregee
DEM-2013-22;2013;SAVA;rural;969128;16.21;262735;3.69;76.66;22.55;0.25;0;0;15.65;0.5732;0.7212;13226;3837;445176.4;177045.73;622222.13;80.58;simulation_utilisateur + extrapolation_regionale;historique_synthetique;
DEM-2025-19;2025;Anosy;rural;994666;19.53;241904;4.11;79.75;17.23;0.46;1.02;1.14;24.68;0.5425;0.7457;31553;9160;472878.06;152953.23;625831.29;72.53;projection_scenario_tendanciel;projection_scenario;
DEM-2021-17;2021;Atsimo-Andrefana;rural;1953615;15.78;n/a;4.23;74.37;23.93;0.32;0.34;0.65;20.42;0.5683;0.7092;23661;7674;1012350.84;396489.31;1408840.15;76.42;simulation_utilisateur + extrapolation_regionale;historique_synthetique;donnee agregee
DEM-2009-14;2009;Sofia;rural;1143544;8.12;273965;4.17;78.07;21.34;0.49;0;0;11.73;0.6224;0.6322;7972;2520;477579.39;138715.86;616295.25;79.76;simulation_utilisateur + extrapolation_regionale;historique_synthetique;
DEM-2005-03;2005;Itasy;rural;627788;10.58;136071;4.61;88.58;10.39;0.6;0;0;8.35;0.6145;0.6656;6095;1831;237470.0;30869.33;268339.33;72.8;simulation_utilisateur + extrapolation_regionale;historique_synthetique;a verifier
DEM-2007-03;2007;Itasy;rural;664556;11.75;145819;4.56;88.51;11.29;0.52;;0;9.6;0.6063;0.6777;7040;2369;269957.12;39333.07;309290.19;71.56;simulation_utilisateur + extrapolation_regionale;historique_synthetique;
DEM-2011-22;2011;SAVA;rural;905965;15.67;238838;3.79;77.86;21.27;0.24;0;0;13.29;0.5796;0.7185;9918;3221;403618.03;131201.78;534819.81;80.54;simulation_utilisateur + extrapolation_regionale;historique_synthetique;
DEM-2001-02;2001;Vakinankaratra;rural;1355776;7.12;285187;4.75;84.5;14.39;0.62;0;0;6.68;0.6359;0.6269;4852;1419;388597.32;67129.36;455726.68;81.68;simulation_utilisateur + extrapolation_regionale;historique_synthetique;donnee agregee
DEM-2007-01;2007;Analamanga;mixte;2554469;31.09;598099;4.27;35.05;61.89;0.31;1.59;1.03;13.85;0.4966;0.8975;6068;2183;342681.15;1073868.49;1416549.64;62.26;simulation_utilisateur + extrapolation_regionale;historique_synthetique;source secondaire
DEM-2009-04;2009;Bongolava;rural;516836;3;112904;4.58;89.27;10.84;0,56;0;0;10.05;0.6526;0.5742;9957;2926;255527.83;27980.34;283508.17;79.58;simulation_utilisateur + extrapolation_regionale;historique_synthetique;donnee agregee
DEM-2018-03;2018;Itasy;rural;901449;16.48;204738;4.4;85.23;14.57;0.4;0.18;0.13;17.42;0.5691;0.7217;16629;5923;532387.88;121351.43;653739.31;70.54;INSTAT_RGPH3_2018 + simulation_utilisateur;historique_synthetique;
DEM-2027-08;2027;Ihorombe;rural;544937;13.61;124617;4.37;70.03;26.36;0.61;1.33;1.39;23.52;0.5749;0.6798;38699;12082;246375.26;111483.92;357859.18;75.28;projection_scenario_tendanciel;projection_scenario;
DEM-2029-13;2029;Boeny;mixte;1351960;42.46;350451;3.86;42.7;52.39;0.22;1.95;2.2;36.61;0.4103;0.982;41319;12250;246272.01;762250.98;1008522.99;64.12;projection_scenario_tendanciel;projection_scenario;
DEM-2018-02;2018;Vakinankaratra;rural;2093710;15.43;469538;4.46;80.75;18.24;0.38;0.21;0.12;18.24;0.5734;0.7083;19109;5836;1203925.13;347209.63;1551134.76;81.89;INSTAT_RGPH3_2018 + simulation_utilisateur;historique_synthetique;
DEM-2010-09;2010;Atsimo-Atsinanana;rural;836308;3.86;n/a;5.33;91.9;6.34;1.06;0;0;11.01;0.6464;0.5832;9432;3205;467887.67;28109.83;495997.5;79.83;simulation_utilisateur + extrapolation_regionale;historique_synthetique;
DEM-2003-20;2003;Menabe;rural;423932;9.16;92343;4.59;80.16;19.59;0.59;0;0;7.92;0.6229;0.6495;5213;1704;129425.09;34629.24;164 054;73.17;simulation_utilisateur + extrapolation_regionale;historique_synthetique;
DEM-2030-20;2030;Menabe;rural;1020750;21.99;253737;4.02;68.6;26.5;0.3;1.75;2,16;28.59;0.5243;0.7673;47536;14952;379058.65;224381.81;603440.46;70.03;projection_scenario_tendanciel;projection_scenario;estimation
DEM-2017-08;2017;Ihorombe;rural;403519;8.8;88182;4.58;75.06;23.73;0.86;0;0.04;16.61;0.611;0.6338;17016;ND;233419.17;72121.65;305540.82;75.28;simulation;historique_synthetique;a verifier
DEM-2027-12;2027;Alaotra-Mangoro;rural;1602542;18.27;395641;4.05;67.98;28.95;0.29;1.39;1.53;23.56;0,55;0.733;36543;12878;642573.67;360919.89;1003493.56;79.51;projection_scenario_tendanciel;projection_scenario;
DEM-2007-17;2007;Atsimo-Andrefana;rural;1310385;8.54;287716;4.55;79.2;19.76;0.44;0;0;8.7;0.6249;0.6412;6819;2137;518638.35;135984.33;654622.68;79.82;simulation_utilisateur + extrapolation_regionale;historique_synthetique;valeur saisie manuellement
DEM-2003-11;2003;Analanjirofo;rural;767474;8.0;199 449;3.85;88.24;11.61;0,36;0;0;8.21;0.6287;0.6354;5846;1794;254 106;35676.65;289782.25;75.77;simulation_utilisateur + extrapolation_regionale;historique_synthetique;estimation
DEM-2025-05;2025;Haute Matsiatra;rural;1716746;20.5;362208;4.74;71.92;25.52;0.41;1.14;1.62;25.69;0.5361;0.7551;35304;11204;;376234.6;1116633.68;70.06;projection_scenario_tendanciel;projection_scenario;a verifier
DEM-2015-05;2015;Haute Matsiatra;rural;1345844;15.44;270610;4.97;75.86;23.16;0.61;0.0;0.3;17.14;0.575;0.7101;14025;4726;712442.57;261920.28;974 363;73.38;simulation_utilisateur + extrapolation_regionale;historique_synthetique;a verifier
DEM-2015-14;2015;Sofia;rural;1375510;10.45;340731;4.04;77.06;22.7;0.47;0;0;16.93;0.6017;0.6526;13469;4344;766545.54;251 889;1018434.17;76.54;simulation_utilisateur + extrapolation_regionale;historique_synthetique;
DEM-2018-08;2018;Ihorombe;rural;419363;9.8;91576;4.58;76.45;23.36;0.74;0;0.05;18.79;0.6022;0.6426;19046;6298;235268.82;77482.55;312751.37;73.93;INSTAT_RGPH3_2018 + simulation_utilisateur;historique_synthetique;a verifier
DEM-2013-10;2013;Atsinanana;rural;-;24.5;315407;4.05;68.99;31.08;0.3;0.08;0;15.29;0.5297;0.8181;12507;3529;523838.17;356618.27;880456.44;72.75;simulation_utilisateur + extrapolation_regionale;historique_synthetique;
DEM-2000-11;2000;Analanjirofo;rural;715934;6.56;183547;3.9;87.99;-5.79;0.44;0;0;5.27;0.6412;0.6221;4281;1318;204708.52;26075.43;230783.95;76.15;simulation_utilisateur + extrapolation_regionale;historique_synthetique;donnee agregee
DEM-2002-03;2002;Itasy;rural;576352;8.93;124241;4.64;88.49;10.46;0.67;0;0;7.4;0.6249;0.6474;4363;1554;180145.95;22825.71;202971.66;72.54;simulation_utilisateur + extrapolation_regionale;historique_synthetique;source secondaire
DEM-2016-12;2016;Alaotra-Mangoro;rural;1189758;13.02;278046;4.28;73.42;26.64;0.46;0;0;16.79;0.5884;0.6825;15407;4640;614193.14;260565.35;874758.49;82.2;simulation_utilisateur + extrapolation_regionale;historique_synthetique;a verifier
DEM-2021-15;2021;Betsiboka;rural;429752;14.22;98601;4.36;81.96;17.29;0.5;0.33;0.24;19.07;0.5786;0.6931;22324;7330;247669.97;62909.53;310579.5;77.27;simulation_utilisateur + extrapolation_regionale;historique_synthetique;a verifier
DEM-2005-20;2005;Menabe;rural;453292;9.99;99947;4.54;79.91;19.16;0.54;0;0;9.26;0.6162;0.6575;6312;1786;156503.78;39672.42;196176.2;74.76;simulation_utilisateur + extrapolation_regionale;historique_synthetique;a verifier
DEM-2017-10;2017;Atsinanana;mixte;1443560;27.55;368261;3.92;67.64;31.88;0.3;0.34;0.04;18.26;0.5095;0.8485;17318;4877;622512.63;487813.06;1110325.69;73.79;simulation_utilisateur + extrapolation_regionale;historique_synthetique;donnee agregee
DEM-2025-03;2025;Itasy;rural;1082843;20.77;253477;4.27;80.52;16.37;0.35;1.06;1.25;22.63;0.539;0.7631;30114;10295;538174.29;154541.95;692716.24;70.88;projection_scenario_tendanciel;projection_scenario;
DEM-2005-17;2005;Atsimo-Andrefana;rural;1216837;7.73;265690;4.58;80.41;19.44;0.49;0;0;6.74;0.6325;0.6341;5737;2061;437386.2;101663.77;539049.97;79.74;simulation_utilisateur + extrapolation_regionale;historique_synthetique;a verifier
DEM-2010-11;2010;Analanjirofo;rural;933418;11.39;252212;3.7;86.24;13.34;0.3;0;0;12.91;0.603;0.6689;9896;3075;451293.4;76200.74;527494.14;73.53;simulation_utilisateur + extrapolation_regionale;historique_synthetique;
DEM-2013-06;2013;Amoron'i Mania;rural;737677;10.18;149668;4.93;88.24;10.59;0.72;0;0;13.62;0.6083;0.6539;11548;4103;423339.57;57022.1;480361.67;79.26;simulation_utilisateur + extrapolation_regionale;historique_synthetique;donnee agregee
DEM-2005-12;2005;Alaotra-Mangoro;rural;874740;8.39;198767;4.4;76.73;23.3;0.61;0;0;9.55;0.6244;0.6383;6 636;1998;299471.75;91458.98;390930.73;83.32;simulation_utilisateur + extrapolation_regionale;historique_synthetique;estimation
DEM-2009-10;2009;Atsinanana;rural;1137746;23.15;278892;4.08;71.64;28.62;0.36;0;0;13.77;0.539;0.805;7940;2530;374990.36;226853.56;601843.92;73.54;simulation_utilisateur + extrapolation_regionale;historique_synthetique;donnee agregee
DEM-2017-21;2017;DIANA;mixte;866146;33.19;242626;3.57;48.94;49.16;0.31;0.42;1.47;28.76;0.4666;0.8938;16823;4828;246054.8;463172.71;709227.51;61.6;simulation_utilisateur + extrapolation_regionale;historique_synthetique;donnee agregee
DEM-2013-11;2013;Analanjirofo;rural;1002360;13.65;272713;3.68;85.49;13.71;0.33;0;0;13,16;0.5906;0.695;12447;3898;563632.09;107222.71;670854.8;74.56;simulation_utilisateur + extrapolation_regionale;historique_synthetique;donnee agregee
DEM-2010-15;2010;Betsiboka;rural;302296;;65549;4.61;84.76;14.5;0.72;0;0;12.42;0.6162;0.6425;10190;3070;143429.26;25467.05;168896.31;76.66;simulation_utilisateur + extrapolation_regionale;historique_synthetique;
DEM-2009-12;2009;Alaotra-Mangoro;rural;969183;9.99;220960;4.39;74.12;24.98;0.6;0;n/a;11.92;0.6121;0.6539;9359;2957;379263.64;140647.81;519911.45;81.94;simulation_utilisateur + extrapolation_regionale;historique_synthetique;
DEM-2017-15;2017;Betsiboka;rural;382360;12.49;84916;4.5;81.68;17.32;0.63;0;0;17.22;0.5905;0.6758;17416;5770;225525.11;53169.11;278694.22;76.71;simulation_utilisateur + extrapolation_regionale;historique_synthetique;a verifier
DEM-2000-16;2000;Melaky;rural;170595;3.1;36003;4.74;88.44;11.13;1.04;0;0;3.55;0.663;0.583;4471;1338;53158.68;5960.54;59119.22;80.64;simulation_utilisateur + extrapolation_regionale;historique_synthetique;estimation
DEM-2014-03;2014;Itasy;rural;801773;15.04;181238;4.42;86.11;13.16;0.41;0;0;17.12;0.5772;0.7054;11904;4077;446915.12;88026.32;534941.44;70.48;simulation_utilisateur + extrapolation_regionale;historique_synthetique;a verifier
DEM-2030-19;2030;Anosy;rural;1161571;21.72;286819;4.05;76.62;19.03;0.4;1.74;2.2;29.17;0.5248;0.7633;48473;14555;495073.69;177914.11;672987.8;71.34;projection_scenario_tendanciel;projection_scenario;donnee agregee
DEM-2023-01;2023;Analamanga;mixte;4225961;40.56;1062987;3.98;25,71;69.1;0.2;2.75;2.44;24.79;0.4335;0.9853;22628;7674;563133.08;3373849.53;3936982.61;59.62;estimation_synthetique_calibree;historique_synthetique;donnee agregee
DEM-2027-10;2027;Atsinanana;mixte;1912399;32.12;500655;3.82;61.91;35.09;0.14;1.51;1.57;26.97;0.4744;0.885;35235;12711;615857.93;660075.81;ND;71.01;projection_scenario_tendanciel;projection_scenario;
DEM-2008-15;2008;Betsiboka;rural;284513;8.71;491808.0;4.63;85.25;14.32;0.8;0;0;12.11;ND;0.6386;7995;2390;119365.67;21321.25;140686.92;76.74;simulation_utilisateur + extrapolation_regionale;historique_synthetique;
DEM-2023-06;2023;Amoron'i Mania;rural;940502;15.62;196702;4.78;84.25;13.55;0.46;0.51;0.75;21.99;0.5668;0.7051;26644;8085;511216.63;106468.28;617684.91;77.62;estimation_synthetique_calibree;historique_synthetique;
DEM-2028-03;2028;Itasy;rural;1194051;22.08;285751;4.18;79.69;17.45;0.23;1.43;1.71;26.28;0.527;0.7721;39715;12376;522484.86;177169.54;699654.4;68.69;projection_scenario_tendanciel;projection_scenario;estimation
DEM-2022-16;2022;Melaky;rural;355039;12.36;81162;4.37;81.73;16.5;0.61;0.49;0.65;21.1;0.5852;0.6689;26522;8727;206282.44;45233.16;251515.6;76.36;estimation_synthetique_calibree;historique_synthetique;source secondaire
DEM-2012-21;2012;DIANA;mixte;726557;31.1;198360;3.66;51.3;47.22;0.45;0.12;1.16;17.93;0.4913;0.8901;10323;3446;189140.1;326837.38;515977.48;64.74;simulation_utilisateur + extrapolation_regionale;historique_synthetique;donnee agregee
DEM-2011-07;2011;Vatovavy-Fitovinany;rural;1195564;6.2;252433;4.74;89.82;8.19;1,51;0;0;10.56;0.6346;-;11034;3429;648184.85;56497.57;704682.42;77.25;simulation_utilisateur + extrapolation_regionale;historique_synthetique;
DEM-2007-22;2007;SAVA;rural;811202;13.65;214186;;78.74;20.56;0.35;0;0;11.36;0.5933;0.6976;7669;2385;287630.45;91554.54;379184.99;81.49;simulation_utilisateur + extrapolation_regionale;historique_synthetique;
DEM-2009-17;2009;Atsimo-Andrefana;rural;1367175;9.42;306035;4.47;80.06;19.84;0.36;0;0;13.27;0.613;0.6455;;2744;563545.93;155546.66;719092.59;78.59;simulation_utilisateur + extrapolation_regionale;historique_synthetique;estimation
DEM-2023-15;2023;Betsiboka;rural;465536;14.86;107994;4.31;78.71;18.57;0.55;0.72;0.75;20.72;0.5727;0.6981;26799;9194;1974786.56;72092.03;318940.35;74.37;estimation_synthetique_calibree;historique_synthetique;donnee agregee
DEM-2005-01;2005;Analamanga;mixte;2417261;30.54;567627;4.26;34.93;61.98;;1.54;0.87;11.18;0.503;0.896;5330;1817;290928.04;920451.11;1211379.15;62.34;simulation_utilisateur + extrapolation_regionale;historique_synthetique;source secondaire
DEM-2026-10;2026;Atsinanana;mixte;1852918;31.32;484301;3.83;62.57;34.83;0.13;1.28;1.57;26.98;0.4785;0.8759;34054;10938;628854.12;621912.27;1250766.39;70.69;projection_scenario_tendanciel;projection_scenario;source secondaire
DEM-2007-09;2007;Atsimo-Atsinanana;rural;767485;3;141495;5.42;92.69;5.45;1.19;0;0;10.37;0.6521;0.5738;7 554;2464;367803.27;19565.04;387368.31;79.37;simulation_utilisateur + extrapolation_regionale;historique_synthetique;
DEM-2024-20;2024;Menabe;rural;842896;19.33;203264;4.15;72.05;25,43;0.25;0.75;0.83;22.17;0.5472;0.7473;28603;8562;393492.33;182785.72;576278.05;71.49;estimation_synthetique_calibree;historique_synthetique;a verifier
DEM-2017-16;2017;Melaky;rural;300685;9.89;67612;4.45;85,15;14.18;0.77;0.01;0.1;18.54;0.6021;0.6439;16603;5008;187896.98;33772.06;221669.04;77.46;simulation_utilisateur + extrapolation_regionale;historique_synthetique;
DEM-2018-19;2018;Anosy;rural;812372;16.21;191 830;4.23;84.14;15.17;0.58;0.17;0.15;18.27;0.5692;0.7173;18232;5388;486604.44;107748.87;594353.31;72.39;INSTAT_RGPH3_2018 + simulation_utilisateur;historique_synthetique;source secondaire
DEM-2030-12;2030;Alaotra-Mangoro;rural;1734497;19.71;437588;3.96;64.74;30.98;0.14;1.73;2.2;28.78;0.5356;0.7413;49138;14871;647620.4;ND;1054668.02;79.88;projection_scenario_tendanciel;projection_scenario;
DEM-2001-04;2001;Bongolava;rural;405089;3;85428;4.74;90.76;8.82;0.69;0;0;5.26;0.6606;0.5798;4802;1456;133969.1;;145500.0;80.09;simulation_utilisateur + extrapolation_regionale;historique_synthetique;donnee agregee
DEM-2020-04;2020;Bongolava;rural;713878;7.83;163322;4.37;86.12;12.55;0.51;0.2;0.11;16.82;0.6157;0.6223;21598;7745;448138.95;66241.12;514380.07;76.83;source locale;historique_synthetique;
DEM-2020-18;2020;Androy;rural;958347;11.1;215091;4.46;92.41;6.63;0.52;0.15;0.2;19.84;0.5937;0.6561;21281;7188;658897.83;52980.13;711877.96;79.68;simulation_utilisateur + extrapolation_regionale;historique_synthetique;a verifier
DEM-2029-01;2029;Analamanga;mixte;5083073;43.98;1335662;3.81;20.96;72.05;0;3.85;3.76;30.68;0.4092;1.0117;37530;12899;455094.45;4078598.54;4533692.99;59.5;projection_scenario_tendanciel;projection_scenario;estimation
DEM-2009-15;2009;Betsiboka;rural;292593;8.49;64125;4.56;84.44;14.87;0.79;0;0;12.77;0.6187;0.6352;9362;2990;130463.16;24810.35;155273.51;78.35;simulation_utilisateur + extrapolation_regionale;historique_synthetique;a verifier
DEM-2001-10;2001;Atsinanana;rural;912628;19.12;213477;4.28;72.46;26.57;0.55;0;0;9.28;0.567;0.765;4247;1493;210366.57;100672.61;311039.18;77.01;simulation_utilisateur + extrapolation_regionale;historique_synthetique;donnee agregee
DEM-2022-22;2022;SAVA;rural;1262325;20.74;354912;3.56;75.12;24.06;0.17;0.51;0.53;20.85;0.5417;0.7656;24588;8019;593659.43;280761.85;874421.28;77.14;estimation_synthetique_calibree;historique_synthetique;a verifier
DEM-2013-12;2013;Alaotra-Mangoro;rural;1090636;11.44;256428;4.25;73.91;25.21;0.55;0;0;16.2;0.5977;0.665;12058;4048;529482.44;197662.78;727145.22;80.51;simulation_utilisateur + extrapolation_regionale;historique_synthetique;donnee agregee
DEM-2001-22;2001;SAVA;rural;675266;10.38;172636;3.91;81.56;18.59;0.45;0;0;7.81;0.6164;0.664;4 314;1526;192444.17;47786.4;240230.57;80.69;simulation_utilisateur + extrapolation_regionale;historique_synthetique;
DEM-2007-15;2007;Betsiboka;rural;277609;7.62;59544;4.66;84.48;14.59;0.84;0;0;9.72;0.6283;0.629;8048;2391;113231.13;20670.46;133901.59;77.64;simulation_utilisateur + extrapolation_regionale;historique_synthetique;estimation
DEM-2024-05;2024;Haute Matsiatra;rural;1672153;20.08;353391;4.73;71.95;25.42;0.41;0.84;1.35;21.3;0.5445;0.7573;27983;9898;760875.55;366791.04;1127666.59;69.27;estimation_synthetique_calibree;historique_synthetique;donnee agregee
DEM-2025-12;2025;Alaotra-Mangoro;rural;1508223;16.74;369808;4.08;69.64;28.22;0.29;1.04;1.1;21.86;0.5612;0.718;30560;10317;671985.24;362051.6;1034036.84;79.32;projection_scenario_tendanciel;projection_scenario;valeur saisie manuellement
DEM-2021-04;2021;Bongolava;rural;731344;8.38;167234;4.37;84.97;13.35;0.4;0.46;0.24;17.83;0.6112;0.6273;26659;7631;441227.12;72768.41;513995.53;77.09;simulation_utilisateur + extrapolation_regionale;historique_synthetique;estimation
DEM-2003-18;2003;Androy;rural;562468;3;117371;4.79;96;2.22;0.78;;0;7.87;0.6563;0.5768;5856;1926;222483.62;4406.09;226889.71;82.1;simulation_utilisateur + extrapolation_regionale;historique_synthetique;
DEM-2027-19;2027;Anosy;rural;1065619;20.87;259210;4.11;79.0;18.08;0.53;1.42;1.6;23.48;0.5373;0.7628;33444;11183;483853.59;162820.76;646674.35;71.41;projection_scenario_tendanciel;projection_scenario;source secondaire
DEM-2009-09;2009;Atsimo-Atsinanana;rural;814379;3.37;152223;5.35;93.58;5.82;1.21;0;0;11.99;0.6474;0.5762;8818;2726;412245.88;24053.41;436299.29;78.16;simulation_utilisateur + extrapolation_regionale;historique_synthetique;source secondaire
DEM-2015-16;2015;Melaky;rural;277634;9.61;61224;4.53;85.44;13.7;0.73;0;0;13.79;0.6111;0.647;14427;4511;168838.81;29644.46;198483.27;77.11;simulation_utilisateur + extrapolation_regionale;historique_synthetique;
DEM-2009-03;2009;Itasy;rural;695983;12.41;152109;4.58;87.69;12.22;0.51;0;0;11.58;0.5996;0.6828;7969;2457;313222.68;49838.45;363061.13;-;simulation_utilisateur + extrapolation_regionale;historique_synthetique;estimation
DEM-2000-02;2000;Vakinankaratra;rural;1310721;5.77;273925;4.78;83.89;-;0.62;0;0;3.1;0.6491;0.6154;4263;1357;364215.62;60765.09;424980.71;83.64;simulation_utilisateur + extrapolation_regionale;historique_synthetique;
DEM-2022-10;2022;Atsinanana;mixte;1666879;29.99;434593;3.84;64.04;33.99;0.32;0.7;0,69;24.96;0.488;0.8645;23568;8058;594475.87;594259.32;1188735.19;73.51;estimation_synthetique_calibree;historique_synthetique;
DEM-2003-10;2003;Atsinanana;rural;954997;19.16;227442;4.2;72.59;27.56;0.45;0;0;10.23;0.5654;0.764;5331;1735;237863.86;129455.47;367319.33;75.12;simulation_utilisateur + extrapolation_regionale;historique_synthetique;source secondaire
DEM-2029-18;2029;Androy;rural;1272330;14.33;298045;4.27;87.2;9.17;0.5;1.66;1.85;27.24;0.5656;0.6826;46457;15301;639151.88;86065.04;725216.92;78.04;projection_scenario_tendanciel;projection_scenario;source secondaire
DEM-2023-07;2023;Vatovavy-Fitovinany;rural;1633389;11.73;361110;4.52;86.51;10.89;1.31;0.67;0.8;19.35;0.5912;0.664;27180;9417;988447.82;141891.23;1130339.05;75.73;estimation_synthetique_calibree;historique_synthetique;donnee agregee
DEM-2002-04;2002;Bongolava;rural;419547;3;88318;4.75;90.08;9.21;0.76;0;0;5.11;0.6609;0.58;5106;1713;142884.97;12879.54;155764.51;80.79;simulation_utilisateur + extrapolation_regionale;historique_synthetique;
DEM-2022-05;2022;Haute Matsiatra;rural;1586724;19.09;331612;4.78;72.61;25.07;0.38;0.5;1.04;23.37;0.5467;0.7427;26847;8810;739572.52;364657.37;1104229.89;72.2;estimation_synthetique_calibree;historique_synthetique;source secondaire
DEM-2026-11;2026;Analanjirofo;rural;1427254;19.58;414831;3.44;78.49;18.73;0.08;1.22;1.31;24.43;0.5426;0.7466;33601;11321;689959.39;227589.11;917548.5;70.95;projection_scenario_tendanciel;projection_scenario;source secondaire
DEM-2006-19;2006;Anosy;rural;562988;10.28;127097;4.43;87.82;11.26;0.73;0;0;10.92;0.6121;0.6586;6201;1937;227455.26;31376.22;258831.48;73.98;simulation_utilisateur + extrapolation_regionale;historique_synthetique;a verifier
DEM-2023-14;2023;Sofia;rural;1752909;14.87;443023;3.96;73.93;24.83;0.38;0.48;0.61;20.66;0.5727;0.6984;28990;8998;;-;1225432.81;77.92;estimation_synthetique_calibree;historique_synthetique;a verifier
DEM-2030-01;2030;Analamanga;mixte;5278064;44.6;1392086;3.79;20.05;72.4;0,04;4.0;3.89;32.57;0.404;1.0145;43934;13610;434593.24;4015603.07;4450196.31;57.17;projection_scenario_tendanciel;projection_scenario;
DEM-2005-04;2005;Bongolava;rural;454327;3;96753;4.7;89.16;9.58;0.63;0;0;7.41;0.657;0.5773;7127;2087;179702.03;17036.4;196738.43;78.42;simulation_utilisateur + extrapolation_regionale;historique_synthetique;
DEM-2002-13;2002;Boeny;mixte;532293;27.25;121810;4.37;58.5;41.25;0.58;0;0;9.96;0.5222;0.8596;4014;1504;92461.3;112257.16;204718.46;67.39;simulation_utilisateur + extrapolation_regionale;historique_synthetique;a verifier
DEM-2007-06;2007;Amoron'i Mania;rural;641878;7.6;126738;5.06;89.52;10.33;0.69;0;0;9.8;0.6283;0.6286;7409;2180;273952.88;32351.74;306304.62;79.56;simulation_utilisateur + extrapolation_regionale;historique_synthetique;source secondaire
DEM-2000-05;2000;Haute Matsiatra;rural;923147;8.65;176830;5.22;80.02;18.86;0.78;0;0;5.19;0.6299;0.647;4199;1251;249474.73;56829.87;306304.6;73.97;simulation_utilisateur + extrapolation_regionale;historique_synthetique;a verifier
DEM-2007-12;2007;Alaotra-Mangoro;rural;924045;8.89;210900;4.38;74.75;24.19;0.58;0;0;11.17;0.6192;0.642;7912;2384;336898.85;113809.28;450708.13;81.0;simulation_utilisateur + extrapolation_regionale;historique_synthetique;estimation
DEM-2021-22;2021;SAVA;rural;1227239;19.56;347190;3.53;74.77;;0.16;0.26;0.53;21.79;0.5466;0.7505;23090;ND;604655.77;265538.75;870194.52;77.67;simulation_utilisateur + extrapolation_regionale;historique_synthetique;
DEM-2019-02;2019;Vakinankaratra;rural;2135605;15.45;479935;4.45;80.09;19.06;0.38;0.3;0.28;20.29;0.5702;0.7055;21664;6708;1168575.57;367010.87;1535586.44;80.95;simulation_utilisateur + extrapolation_regionale;historique_synthetique;
DEM-2018-18;2018;Androy;rural;905012;9.26;199362;4.54;93.1;5.83;0.59;0.01;0;15.64;0.61;0.6405;19391;6146;606180.12;43099.38;649279.5;79.09;INSTAT_RGPH3_2018 + simulation_utilisateur;historique_synthetique;estimation
DEM-2011-13;2011;Boeny;mixte;733453;31.32;177279;4.14;56.07;44.01;0.5;0;0;14.94;0.4939;0.8982;8613;2791;199776.97;288548.51;488325.48;67.33;simulation_utilisateur + extrapolation_regionale;historique_synthetique;source secondaire
DEM-2030-03;2030;Itasy;rural;1245684;22.41;301977;4,13;76.88;18.97;0.17;1.86;2.22;26.72;0.5247;0.7752;42472;14174;536618.45;190795.39;727413.84;69.72;projection_scenario_tendanciel;projection_scenario;donnee agregee
DEM-2026-02;2026;Vakinankaratra;rural;2541827;18.61;583348;4.36;75.55;21.13;0.34;1.21;1.38;23.32;0.5493;0.7372;36133;11279;1152045.28;450158.69;1602203.97;79.47;projection_scenario_tendanciel;projection_scenario;
DEM-2014-20;2014;Menabe;rural;606877;14.17;140169;4.33;77.35;22.01;0.4;0;0;17.34;0.5814;n/a;11516;3971;301617.95;110084.83;411702.78;70.9;simulation_utilisateur + extrapolation_regionale;historique_synthetique;donnee agregee
DEM-2005-08;2005;Ihorombe;rural;279137;3.13;58720;4.75;79.12;20.25;0.98;0;0;9.22;0.6533;0.5767;6081;1902;97598.07;23392.57;120990.64;75.91;simulation_utilisateur + extrapolation_regionale;historique_synthetique;unite non confirmee
DEM-2015-06;2015;Amoron'i Mania;rural;781741;11.63;161678;4.84;88.03;11.17;0.67;0;0;15.96;0.597;0.6675;13042;4701;476144.25;69579.63;545723.88;79.35;simulation_utilisateur + extrapolation_regionale;historique_synthetique;source secondaire
DEM-2007-11;2007;Analanjirofo;rural;852815;10.68;225028;3.79;86.93;13.24;0.34;0;0;11.68;0.6087;0.6623;8308;2275;353540.29;58 585;412125.35;72.9;simulation_utilisateur + extrapolation_regionale;historique_synthetique;source secondaire
DEM-2002-01;2002;Analamanga;mixte;2180179;28.12;500948;4.35;37.31;60.16;0.48;1.31;0.62;10.61;0.5167;0.8686;4351;1466;243012.73;695748.35;938761.08;62.99;simulation_utilisateur + extrapolation_regionale;historique_synthetique;a verifier
DEM-2005-19;2005;Anosy;rural;545396;9.27;121805;4.48;88,19;11.02;0.87;0;0;7.69;0.6226;0.651;5923;1909;213143.55;27386.39;240529.94;73.64;simulation_utilisateur + extrapolation_regionale;historique_synthetique;source secondaire
DEM-2028-10;2028;Atsinanana;mixte;1982791;32.94;527461;3.76;59,70;36.62;0.21;1.63;1.76;30.01;0.4663;0.8886;42692;12088;602958.96;731894.6;1334853.56;72.65;projection_scenario_tendanciel;projection_scenario;source secondaire
DEM-2024-22;2024;SAVA;rural;1341307;21.96;378017;3.55;72.39;25.19;0.04;0.97;1.02;24.86;0.5297;0.7731;32026;9559;581145.03;308815.47;889960.5;77.92;estimation_synthetique_calibree;historique_synthetique;
DEM-2004-06;2004;Amoron'i Mania;rural;601994;6.38;118499;5.08;90.63;9.0;0.88;0;0;9.15;0.6359;0.6151;5802;1774;227914.96;21338.6;249253.56;81.43;simulation_utilisateur + extrapolation_regionale;historique_synthetique;
DEM-2012-09;2012;Atsimo-Atsinanana;rural;872645;4.06;163845;5.33;92.86;6.33;1.02;0;0;14.25;0.6399;0.5817;10849;3639;544734.49;33042.83;577777.32;77.42;simulation_utilisateur + extrapolation_regionale;historique_synthetique;source secondaire
DEM-2030-11;2030;Analanjirofo;rural;1573351;22.18;468663;3.36;76.75;19.94;0.02;1.81;1.93;27.44;0.5249;0.7714;48983;14971;678453.24;249439.72;927892.96;70.06;projection_scenario_tendanciel;projection_scenario;estimation
DEM-2004-15;2004;Betsiboka;rural;248171;6.06;52748;4.7;85.39;13.45;0.86;0;0;9.16;0.6376;0.6113;5906;1720;87269.51;13340.19;100609.7;76.89;simulation_utilisateur + extrapolation_regionale;historique_synthetique;
DEM-2004-10;2004;Atsinanana;rural;990098;19.74;238713;4.15;71.59;28.07;0.5;0;0;8.94;0.5641;0.7728;5341;1778;266521.29;145 438;411958.95;75.42;simulation_utilisateur + extrapolation_regionale;historique_synthetique;source secondaire
DEM-2017-20;2017;Menabe;rural;674340;15.24;157548;4.28;77.36;22.44;0.4;0;0;19.14;0.573;0.7049;14790;5007;350939.42;135969.61;486909.03;73.22;simulation_utilisateur + extrapolation_regionale;historique_synthetique;
DEM-2018-22;2018;SAVA;rural;1120149;18.87;306769;3.65;75.97;23.7;n/a;0.02;0.05;17,14;0.5569;0.7499;18228;5626;590197.87;253782.82;843980.69;78.26;INSTAT_RGPH3_2018 + simulation_utilisateur;historique_synthetique;estimation
DEM-2012-19;2012;Anosy;rural;677899;13.19;156677;4.33;87.3;12,27;0.76;0;0;14.54;0.5909;0.6876;10362;3279;353262.86;59830.89;413093.75;73.25;simulation_utilisateur + extrapolation_regionale;historique_synthetique;
DEM-2011-21;2011;DIANA;mixte;702892;30.46;190686;3.69;52.14;46.95;0.37;0.09;1.04;16.95;0,50;0.8845;9754;3254;170596.67;274939.03;445535.7;63.91;simulation_utilisateur + extrapolation_regionale;historique_synthetique;
DEM-2021-20;2021;Menabe;rural;759138;17.32;181805;4.18;74.73;24.5;0.35;0.48;0.33;20.31;0.5604;0.7271;23107;7467;390061.32;158711.04;548772.36;72.04;simulation_utilisateur + extrapolation_regionale;historique_synthetique;
DEM-2013-02;2013;Vakinankaratra;rural;1839768;12.42;399887;4.6;81.63;17.31;0.41;0;0;14.01;0.5958;0.6794;12120;3694;971747.19;234643.95;1206391.14;81.62;simulation_utilisateur + extrapolation_regionale;historique_synthetique;source secondaire
DEM-2009-08;2009;Ihorombe;rural;317512;5.65;66858;4.75;78.56;20.98;1,01;0;0;11.09;0.6366;0.6041;8589;2817;137589.86;35130.76;172720.62;75.49;simulation_utilisateur + extrapolation_regionale;historique_synthetique;source secondaire
DEM-2019-18;2019;Androy;rural;935605;9.87;210326;4.45;92.45;6.54;0.63;0.09;0.19;16.76;0.6051;0.646;19388;6530;617135.04;49030.68;666165.72;79.24;simulation_utilisateur + extrapolation_regionale;historique_synthetique;source secondaire
DEM-2002-16;2002;Melaky;rural;180724;3.58;37937;4.76;87.85;11.46;0.96;0;0;4.17;0.6593;0.588;5060;1639;62556.22;7121.37;69677.59;80.49;simulation_utilisateur + extrapolation_regionale;historique_synthetique;estimation
DEM-2017-11;2017;Analanjirofo;rural;1121692;15.66;311598;3.6;84.98;15.0;0.27;0.05;0;16.42;0.5749;0.7137;16367;5698;683617.43;143270.0;826887.43;73.8;simulation_utilisateur + extrapolation_regionale;historique_synthetique;donnee agregee
DEM-2013-18;2013;Androy;rural;771841;7.55;170004;4.54;93.88;5.01;0.69;0;0;12.58;0.6241;0.6244;12747;4046;497707.28;27364.69;525071.97;79.85;simulation_utilisateur + extrapolation_regionale;historique_synthetique;
DEM-2029-03;2029;Itasy;rural;1224429;22.56;290800;4.21;77.39;18.19;0.3;1.69;1.93;28.57;0.5213;0.7739;43163;14216;510712.5;188 474;699186.61;69.92;projection_scenario_tendanciel;projection_scenario;source secondaire
DEM-2016-17;2016;Atsimo-Andrefana;rural;1693109;13.62;390357;4.34;77.93;22.1;0.31;0.08;0.19;17.69;0.5838;0.6882;15994;4887;936556.78;307608.57;1244165.35;76.61;simulation_utilisateur + extrapolation_regionale;historique_synthetique;
DEM-2002-18;2002;Androy;rural;547389;3;114913;4.76;96;2.64;0.78;0;0;5.27;0.6606;0.5798;5029;1708;204923.07;5045.48;209968.55;82.25;simulation_utilisateur + extrapolation_regionale;historique_synthetique;estimation
DEM-2006-03;2006;Itasy;rural;648057;10.83;142092;4.56;86.99;12.02;0.59;0;0;9.04;0.6121;0.6677;6811;1964;242450.98;36743.88;279194.86;73.42;simulation_utilisateur + extrapolation_regionale;historique_synthetique;source secondaire
DEM-2026-19;2026;Anosy;rural;1025967;19.92;249014;4.12;79.44;16.87;0.49;1.29;1.49;22.61;0.5435;0.7534;33446;10568;486103.32;150641.98;636745.3;70.14;projection_scenario_tendanciel;projection_scenario;source secondaire
DEM-2024-01;2024;Analamanga;mixte;4350798;41.49;1107251;3.93;25.59;68.6;0.18;2.91;-;25.49;0.4278;0.9945;24010;7619;535715.63;3478485.78;4014201.41;59.4;estimation_synthetique_calibree;historique_synthetique;source secondaire
DEM-2003-12;2003;Alaotra-Mangoro;rural;822053;6.6;185305;4.44;75.84;23.3;0.58;0;0;5.78;0.6402;0.6219;5709;1742;250241.47;;325428.83;81.3;simulation_utilisateur + extrapolation_regionale;historique_synthetique;estimation
DEM-2014-07;2014;Vatovavy-Fitovinany;rural;1308875;7.84;280794;4.66;89.04;8.93;1.47;0;0;12.97;0.6219;0.6274;13147;4557;838174.32;82698.99;920873.31;74.21;simulation_utilisateur + extrapolation_regionale;historique_synthetique;donnee agregee
DEM-2014-05;2014;Haute Matsiatra;rural;1314629;14.65;265690;4.95;77.28;22.48;0.53;0;0.27;15.24;0.5821;0.7037;13274;4418;686754.37;242749.98;929504.35;70.91;simulation_utilisateur + extrapolation_regionale;historique_synthetique;donnee agregee
DEM-2029-17;2029;Atsimo-Andrefana;rural;2509087;18.88;615215;4.08;70.66;25.74;0.16;1.72;2.05;25.81;0.5442;0.7365;46465;13304;1031152.3;494376.12;1525528.42;75.16;projection_scenario_tendanciel;projection_scenario;estimation
DEM-2021-18;2021;Androy;rural;987082;10.93;223926;4.41;91.57;7.44;0.6;0.3;0.41;21.29;0.5924;0.6521;23495;7860;639012.18;58783.2;697795.38;78.4;simulation_utilisateur + extrapolation_regionale;historique_synthetique;
DEM-2022-12;2022;Alaotra-Mangoro;rural;1397325;16.23;338692;4.13;69.92;28.15;0.31;0.52;0.54;21.85;0.5638;0.7122;25610;8253;662397.97;330131.96;-;79.17;estimation_synthetique_calibree;historique_synthetique;estimation
DEM-2027-11;2027;Analanjirofo;rural;1466058;19.75;432193;3.39;79.11;18.0;0.01;1.37;1.46;27.05;0.538;0.7444;37143;11529;663644.33;224693.8;888338.13;70.42;projection_scenario_tendanciel;projection_scenario;estimation
DEM-2005-06;2005;Amoron'i Mania;rural;620416;7.06;123187;5.04;89.76;9.02;0.84;0;0;9.0;0,63;0.6233;5763;1987;233577.96;25202.66;258780.62;82.09;simulation_utilisateur + extrapolation_regionale;historique_synthetique;estimation
DEM-2030-15;2030;Betsiboka;rural;584189;18.83;138764;4.21;76.18;20.21;0.44;1.67;1.98;27.3;0.5423;0.7336;n/a;15966;252865.95;88904.79;341770.74;75.19;projection_scenario_tendanciel;projection_scenario;source secondaire
DEM-2025-22;2025;SAVA;rural;1388471;22.47;401105;3.46;71.03;26.35;0.02;1.0;1.07;23.54;0.5289;0.7811;30210;9725;607974.54;320987.36;928961.9;78.37;projection_scenario_tendanciel;projection_scenario;
DEM-2016-11;2016;Analanjirofo;rural;1096245;14.63;303601;3.61;84.49;15.75;0.25;0.01;0;15.14;0.5823;0.7036;15754;4701;676422.83;147586.64;824009.47;72.47;simulation_utilisateur + extrapolation_regionale;historique_synthetique;donnee agregee
DEM-2007-16;2007;Melaky;rural;214593;5.61;45911;4.67;86.65;11.92;0.83;0;0;7.61;0.6426;0.6079;7998;2426;90672.35;12361.74;103034.09;79.67;simulation_utilisateur + extrapolation_regionale;historique_synthetique;
DEM-2017-17;2017;Atsimo-Andrefana;rural;1753820;14.03;405418;4.33;77.39;21.94;0.36;0,00;0.25;15.7;0.5846;0.6959;16940;4906;974826.31;340083.6;1314909.91;75.99;simulation_utilisateur + extrapolation_regionale;historique_synthetique;donnee agregee
DEM-2021-06;2021;Amoron'i Mania;rural;906650;14.22;191190;4.74;85.43;12.75;0.59;0.24;0.41;18.57;0.5793;0.6938;-24663.0;7251;551276.54;98766.37;650042.91;78.47;simulation_utilisateur + extrapolation_regionale;historique_synthetique;a verifier
DEM-2023-08;2023;Ihorombe;rural;486463;12.27;109452;4.44;73.25;24.57;0.69;0.59;0.78;22.58;0.5834;0.6658;29697;9320;242963.8;96309.93;339273.73;73.94;estimation_synthetique_calibree;historique_synthetique;
DEM-2016-08;2016;Ihorombe;rural;390311;9.01;84166;4.64;ND;22.49;0.8;0;0;14.29;0.6135;0.6393;15200;5222;227982.23;66574.12;294556.35;75.39;simulation_utilisateur + extrapolation_regionale;historique_synthetique;donnee agregee
DEM-2019-05;2019;Haute Matsiatra;rural;1486706;18.03;308953;4.81;75.02;23.53;0.49;0.22;0.58;21.51;0.5549;0.7334;21771;6865;783779.1;328390.57;1112169.67;70.68;simulation_utilisateur + extrapolation_regionale;historique_synthetique;a verifier
DEM-2007-08;2007;Ihorombe;rural;299459;5.0;63202;4.74;78.28;20.4;1.02;0;0;8.3;0.6448;0.5998;7883;2594;115573.78;29276.74;144850.52;77.52;simulation_utilisateur + extrapolation_regionale;historique_synthetique;source secondaire
DEM-2029-12;2029;Alaotra-Mangoro;rural;1705141;19.57;422411;4.04;66.72;30.15;0.2;1.57;1.9;27.96;0.5376;0.741;42839;14818;656832.08;419366.48;1076198.56;78.08;projection_scenario_tendanciel;projection_scenario;
DEM-2010-08;2010;Ihorombe;rural;325170;5.77;68915;4.72;77.62;21.17;0.89;0;0;10.26;0.6374;0.6065;9453;2954;149190.16;37087.47;186277.63;78.05;simulation_utilisateur + extrapolation_regionale;historique_synthetique;
DEM-2002-19;2002;Anosy;rural;495415;7.95;109268;4.53;89.44;9.94;0.86;0;0;7.44;0.6302;-;4686;1390;158702.88;19135.0;177837.88;74.59;simulation_utilisateur + extrapolation_regionale;historique_synthetique;
DEM-2029-02;2029;Vakinankaratra;rural;2779024;20.15;645154;4.31;73.14;22.5;0.3;1.79;2.0;26.68;0.5364;0.7496;45344;13819;1131443.36;517661.74;1649105.1;79.43;projection_scenario_tendanciel;projection_scenario;a verifier
DEM-2019-22;2019;SAVA;rural;1165670;19.56;322051;3.62;75.98;23.36;0.18;0.27;0.18;21.21;0.5474;0.7514;21113;6738;575413.81;252314.21;827 728;77.76;simulation_utilisateur + extrapolation_regionale;historique_synthetique;a verifier
DEM-2003-06;2003;Amoron'i Mania;rural;584366;6.43;115583;5,06;89.07;9.6;0.9;0;0;5.82;0.6411;0.6198;5540;1774;213334.69;21809.43;235144.12;82.09;simulation_utilisateur + extrapolation_regionale;historique_synthetique;unite non confirmee
DEM-2025-17;2025;Atsimo-Andrefana;rural;2204576;17.01;527956;4.18;72.32;25.19;0.2;1.01;1.44;21.31;0.5605;0.722;32914;10422;1024570.49;464044.31;1488614.8;76.01;projection_scenario_tendanciel;projection_scenario;
DEM-2015-15;2015;Betsiboka;rural;355954;11.42;78365;4.54;82.89;16.27;0.61;0;0;13.82;0.6014;0.6681;13336;4461;214110.74;46728.18;260838.92;76.35;simulation_utilisateur + extrapolation_regionale;historique_synthetique;source secondaire
DEM-2028-20;2028;Menabe;rural;963895;20.67;236009;4.08;71.59;25.55;0.33;1.42;1.64;27.44;0.5327;0.7542;42121;12995;394475.26;197394.06;591869.32;70.99;projection_scenario_tendanciel;projection_scenario;
DEM-2017-13;2017;Boeny;mixte;896958;35.73;222220;4.04;53.55;46.09;0.36;0.29;0.2;28.72;0.4537;0,92;;4773;256900.88;487070.26;743971.14;65.12;simulation_utilisateur + extrapolation_regionale;historique_synthetique;
DEM-2008-01;2008;Analamanga;mixte;2635692;32.19;626261;4.21;34.2;62.01;0.42;1.58;1.16;16.03;0.4879;0.9063;6923;2252;351133.45;1204095.62;1555229.07;62.6;simulation_utilisateur + extrapolation_regionale;historique_synthetique;
DEM-2027-03;2027;Itasy;rural;1157380;21.58;274518;4.22;78.73;17.81;0.32;1.3;1.64;25.96;0.5301;0.7669;36339;11868;515981.13;179016.3;694997.43;69.53;projection_scenario_tendanciel;projection_scenario;
DEM-2027-05;2027;Haute Matsiatra;rural;1809334;21.28;380416;4.76;-;27,22;0.32;1.43;1.94;27.04;0.5301;0.7618;36090;12460;745294.73;412894.5;1158189.23;70.83;projection_scenario_tendanciel;projection_scenario;source secondaire
DEM-2001-15;2001;Betsiboka;rural;;4.9;48484;4.7;86.64;12.83;0.87;0;0;4,12;0.6522;0.6038;4541;1494;69088.56;9981.09;79069.65;77.75;simulation_utilisateur + extrapolation_regionale;historique_synthetique;estimation
DEM-2025-02;2025;Vakinankaratra;rural;2478969;18.45;572121;4.33;76.78;21.11;0.26;1.0;1.11;25.11;0.5475;0.7326;31826;10535;1151542.47;456718.9;1608261.37;80.19;projection_scenario_tendanciel;projection_scenario;source secondaire
DEM-2015-10;2015;Atsinanana;mixte;1350923;25.86;341825;3.95;67.69;31.52;0.28;0.11;0;20.38;0.5156;0.8252;14798;4358;547848.93;441343.41;989192.34;72.93;simulation_utilisateur + extrapolation_regionale;historique_synthetique;a verifier
DEM-2000-09;2000;Atsimo-Atsinanana;rural;633 999;3;115066;5.51;94.03;4.17;1.26;0;0;2.85;0.6647;0.5827;4395;1282;204542.14;7895.86;212438.0;80.31;simulation_utilisateur + extrapolation_regionale;historique_synthetique;
DEM-2013-13;2013;Boeny;mixte;775560;33.49;186798;4.15;54.16;44.82;0.43;0.03;0.06;19.93;0.4762;0.9139;11448;3237;211184.38;360329.01;571513.39;66.08;simulation_utilisateur + extrapolation_regionale;historique_synthetique;donnee agregee
DEM-2018-13;2018;Boeny;mixte;924780;36.24;226615;4.08;;47.27;0.39;0.38;0.3;30.0;0.4495;0.9257;15597;5339;268622.49;520836.36;789458.85;67.41;INSTAT_RGPH3_2018 + simulation_utilisateur;historique_synthetique;a verifier
DEM-2008-11;2008;Analanjirofo;rural;878401;10.64;231605;3.79;85.67;13.35;0.43;0;0;9.53;0.6123;0.6648;8261;2694;366675.61;66007.47;432683.08;72.91;simulation_utilisateur + extrapolation_regionale;historique_synthetique;
DEM-2018-16;2018;Melaky;rural;310322;10.59;70161;4.42;n/a;14.93;0.68;0;0.07;18.65;0.5983;0.6518;18380;5491;193654.06;36917.92;230571.98;76.5;INSTAT_RGPH3_2018 + simulation_utilisateur;historique_synthetique;source secondaire
DEM-2010-22;2010;SAVA;rural;888949;14.73;233137;3.81;78.97;20,89;0.26;0;0;12.28;0.5861;0.7089;9637;3246;388018.02;121024.44;509042.46;79.23;simulation_utilisateur + extrapolation_regionale;historique_synthetique;
DEM-2009-16;2009;Melaky;rural;226662;6.28;49421;4.59;86.48;12.53;0.87;0;0;11.53;0.6326;0.611;8786;2630;110589.24;14998.59;125587.83;77.45;simulation_utilisateur + extrapolation_regionale;historique_synthetique;
DEM-2010-19;2010;Anosy;rural;633417;12.13;143537;4.41;86.87;12.49;0.67;0;0;11.21;0.6017;0.68;8744;2797;307360.04;47622.85;354982.89;74.51;simulation_utilisateur + extrapolation_regionale;historique_synthetique;source secondaire
DEM-2021-13;2021;Boeny;mixte;1036828;37.91;258548;4.01;51.04;48.01;0.32;0.62;0.64;30.92;0.4399;0.9428;21266;6932;273154.42;555698.02;828852.44;65.1;simulation_utilisateur + extrapolation_regionale;historique_synthetique;
DEM-2023-13;2023;Boeny;mixte;1102783;38.05;276810;3.98;48.82;48.53;0.26;0.92;0.95;31.04;0.439;0,94;23180;7582;271762.73;590602.14;862364.87;64.81;estimation_synthetique_calibree;historique_synthetique;
DEM-2001-19;2001;Anosy;rural;482631;7.91;106100;4.55;88.28;10.7;0.91;0;0;5.68;0.6332;0.6376;4491;1405;154907.79;18058.0;172965.79;76.07;simulation_utilisateur + extrapolation_regionale;historique_synthetique;
DEM-2008-13;2008;Boeny;mixte;655190;30.28;155770;4.21;56.23;42.77;0.6;0;0;15.64;0.4986;0.8848;7033;2286;152499.9;202223.32;354723.22;68.12;simulation_utilisateur + extrapolation_regionale;historique_synthetique;donnee agregee
DEM-2004-17;2004;Atsimo-Andrefana;rural;1184714;7.41;-;4.61;79.61;19.65;0.48;0;0;7.61;0.6328;0.6292;5386;1700;374133.4;93743.84;467877.24;80.44;simulation_utilisateur + extrapolation_regionale;historique_synthetique;estimation
DEM-2013-07;2013;Vatovavy-Fitovinany;rural;1267436;7,20;268395;4.72;90.2;7.9;1.52;0;0;12.22;0.6265;0.6209;12460;3961;749930.25;68944.83;818875.08;76.3;simulation_utilisateur + extrapolation_regionale;historique_synthetique;
DEM-2008-05;2008;Haute Matsiatra;rural;1131442;12.32;222684;5.08;79.46;20.48;0.6;0;0;10.97;0.6011;0.6825;7974;2713;435574.6;132662.42;568237.02;73.9;simulation_utilisateur + extrapolation_regionale;historique_synthetique;
DEM-2022-04;2022;Bongolava;rural;750664;8.93;171123;4.39;84.6;13.47;0.51;0.47;0,47;21.65;0.6023;0.6287;27301;8833;466687.25;77367.82;544055.07;76.58;estimation_synthetique_calibree;historique_synthetique;
DEM-2017-12;2017;Alaotra-Mangoro;rural;1223625;13.69;292705;4.18;73.12;27.03;0.38;0.04;0.12;16.52;0.5852;0.6907;16003;5427;616717.93;277254.67;893972.6;80.16;simulation_utilisateur + extrapolation_regionale;historique_synthetique;
DEM-2014-16;2014;Melaky;rural;269867;-;59264;4.55;;14.09;0.74;0;0;14.72;0.6157;0.6324;14226;4238;161890.44;26347.8;188238.24;78.44;simulation_utilisateur + extrapolation_regionale;historique_synthetique;estimation
DEM-2027-14;2027;Sofia;rural;1990237;15.96;511819;3.89;70.67;26.29;0.32;1.3;1.36;26.35;0.5585;0.7025;36032;11547;865573.82;391949.23;1257523.05;77.63;simulation;projection_scenario;
DEM-2019-13;2019;Boeny;mixte;957672;36.85;236777;4.04;51.72;46.67;0.39;0.58;0.35;27.15;0.4498;0.9384;17774;5363;277000.05;522832.88;799832.93;66.32;JariAla;historique_synthetique;a verifier
DEM-2025-18;2025;Androy;rural;1126399;12.35;260179;4.33;88.93;8.24;0.43;0.93;1.0;20.99;0.5854;0.6689;32081;11047;643547.41;70299.97;713847.38;78.02;projection_scenario_tendanciel;projection_scenario;
DEM-2020-10;2020;Atsinanana;mixte;1552876;n/a;395897;3.92;65.56;32.91;0.31;0.33;0.4;22.75;0.4999;0.8486;21835;6472;630116.55;528015.35;1158131.9;73.42;simulation_utilisateur + extrapolation_regionale;historique_synthetique;
DEM-2015-22;2015;SAVA;rural;1034875;17.04;281410;3.68;76.32;22.8;0.3;0;0;18.45;0.5646;0.7267;15054;4299;549988.81;202144.39;752133.2;79.2;simulation_utilisateur + extrapolation_regionale;historique_synthetique;
DEM-2013-21;2013;DIANA;mixte;751088;30.71;210225;3.57;49.23;48.54;0.41;0.26;1.07;18.08;0.4932;0.8853;11913;3554;202281.33;366748.88;569030.21;62.78;simulation_utilisateur + extrapolation_regionale;historique_synthetique;
DEM-2006-12;2006;Alaotra-Mangoro;rural;903 380;8.27;202248;4.47;75.45;23.56;0.51;0;0;11.26;0.6223;0.6346;6618;2210;311168.45;98619.86;409788.31;82.55;simulation_utilisateur + extrapolation_regionale;historique_synthetique;
DEM-2030-17;2030;Atsimo-Andrefana;rural;2566819;20.5;633166;4.05;68.42;27.17;0.16;1.88;2.25;27.87;0.5329;0.7517;49241;15106;1006584.05;544660.53;1551244.58;75.53;projection_scenario_tendanciel;projection_scenario;estimation
DEM-2028-06;2028;Amoron'i Mania;rural;1065258;17.32;228507;4.66;80.17;15.75;0.46;1.44;1.63;27.23;0.5502;0.7165;40889;13103;501145.58;132427.18;633572.76;77.77;projection_scenario_tendanciel;projection_scenario;a verifier
DEM-2009-20;2009;Menabe;rural;513574;12.32;115654;4.44;78.84;20.42;0.49;0;0;11.35;0.6005;0.682;8015;2662;212496.94;63117.67;275614.61;74.48;simulation_utilisateur + extrapolation_regionale;historique_synthetique;donnee agregee
DEM-2023-05;2023;Haute Matsiatra;rural;n/a;19.92;341796;4.74;72.06;25.85;0.5;0.73;1.25;20.88;0.546;0.7561;29472;9090;748996.87;361675.04;1110671.91;72.31;estimation_synthetique_calibree;historique_synthetique;
DEM-2012-05;2012;Haute Matsiatra;rural;1234676;14.18;245950;5.02;77.21;22.59;0.52;0;0.17;15.99;0.5834;0.6971;10983;3725;564055.21;193222.11;757277.32;72.34;simulation_utilisateur + extrapolation_regionale;historique_synthetique;a verifier
DEM-2006-08;2006;Ihorombe;rural;288863;4.33;60825;4.75;77.24;21.22;1.04;0;0;7.77;0.6492;0.5926;7468;2211;107867.79;26761.18;134628.97;77.48;simulation_utilisateur + extrapolation_regionale;historique_synthetique;source secondaire
DEM-2020-14;2020;Sofia;rural;1599635;12.69;402368;3.98;75.31;24.54;0.31;0.0;0.19;17.86;0.5884;0.6772;21416;6657;830673.03;314693.65;1145366.68;78.05;simulation_utilisateur + extrapolation_regionale;historique_synthetique;donnee agregee
DEM-2015-09;2015;Atsimo-Atsinanana;rural;956235;5.89;181043;5.28;92.64;6.53;1.12;0;0;16.75;0.6261;0.5999;14268;4545;657909.3;44820.39;702729.69;77.33;simulation_utilisateur + extrapolation_regionale;historique_synthetique;source secondaire
DEM-2014-11;2014;Analanjirofo;rural;1032062;14.26;285712;3.61;85.71;14.57;0.25;0;0;16.2;ND;0.6977;14119;4401;597962.57;120469.33;718431.9;74.36;simulation_utilisateur + extrapolation_regionale;historique_synthetique;
DEM-2011-03;2011;Itasy;rural;745549;13.17;166791;4.47;88.08;11.85;0.58;0;0;14.52;0.5911;0.6874;9464;3237;366770.81;56895.57;423666.38;73.43;simulation_utilisateur + extrapolation_regionale;historique_synthetique;estimation
DEM-2009-21;2009;DIANA;mixte;648716;n/a;178218;3.64;52.5;46.3;0.51;0;0.85;13.63;0.5101;0.8689;7746;2530;155978.82;226513.0;382491.82;64.81;simulation_utilisateur + extrapolation_regionale;historique_synthetique;source secondaire
DEM-2014-01;2014;Analamanga;mixte;3192124;35.27;785670;4.06;30.12;65.52;0.29;2.08;1.42;21.06;0.4654;0.9322;10503;3839;513623.49;2248665.46;2762288.95;60.01;simulation_utilisateur + extrapolation_regionale;historique_synthetique;
DEM-2011-02;2011;Vakinankaratra;rural;1741990;11.26;381709;4.56;82.33;16.67;0.52;0;0;12.95;0.6036;0.6674;9749;3155;850942.41;188022.86;1038965.27;82.64;simulation_utilisateur + extrapolation_regionale;historique_synthetique;donnee agregee
DEM-2022-15;2022;Betsiboka;rural;446828;15.26;102674;4.35;79.82;18.15;0.5;0.39;0.45;19.39;0.5726;0.7047;26556;7608;232705.89;68880.31;301586.2;74.8;estimation_synthetique_calibree;historique_synthetique;a verifier
DEM-2008-22;2008;SAVA;rural;838830;13.54;218038;3.85;79.06;20.44;0.41;0;0;13.27;0.591;0.6936;8320;2559;330378.74;96923.51;427302.25;79.46;;historique_synthetique;estimation
DEM-2017-18;2017;Androy;rural;867832;9.48;191383;4.53;94.62;5.16;0.62;0;0;16.69;0.6072;0.6416;18352;5318;598835.99;34476.72;633312.71;77.51;simulation_utilisateur + extrapolation_regionale;historique_synthetique;donnee agregee
DEM-2024-18;2024;Androy;rural;1091622;11.82;248055;4.4;89.68;7.72;0.51;0,81;0.86;22.25;0.5862;0.6611;32744;9996;667897.95;63630.57;731528.52;76.56;estimation_synthetique_calibree;historique_synthetique;
DEM-2007-19;2007;Anosy;rural;578326;10.89;130023;4.45;87.09;12.18;0.71;0;0;8.96;0.6118;0.6685;6903;2234;241081.82;36269.94;277351.76;73.53;simulation_utilisateur + extrapolation_regionale;historique_synthetique;estimation
DEM-2002-14;2002;Sofia;rural;921313;4.03;212700;4.33;78.5;20.2;0.7;0;0;4.27;0.6567;0.5933;4901;1494;267108.21;65352.79;332461.0;80.99;simulation_utilisateur + extrapolation_regionale;historique_synthetique;source secondaire
DEM-2002-07;2002;Vatovavy-Fitovinany;rural;957883;3;195861;4.89;91.92;6.47;1.62;0;0;6.43;0.6587;0.5785;5601;1541;326959.29;21383.17;348342.46;78.52;simulation_utilisateur + extrapolation_regionale;historique_synthetique;source secondaire
DEM-2012-14;2012;Sofia;rural;1254340;8.98;307582;4.08;76.4;22.64;0.48;0;0;14.52;0.6133;0.6387;10910;3507;601868.92;188077.46;789946.38;78.04;simulation_utilisateur + extrapolation_regionale;historique_synthetique;
DEM-2021-14;2021;Sofia;rural;1658329;13.23;416362;3.98;75.06;23.89;0.28;0.31;0.32;18.89;0.584;0.682;23293;7352;848987.02;325758.29;1174745.31;75.92;simulation_utilisateur + extrapolation_regionale;historique_synthetique;
DEM-2009-22;2009;SAVA;rural;868100;13.85;229850;3.78;78.48;21.0;0.29;0;0;12.92;0.5899;0.6977;8435;2737;360931.69;114370.0;475301.69;80.48;simulation_utilisateur + extrapolation_regionale;historique_synthetique;estimation
DEM-2002-21;2002;DIANA;rural;513182;24.98;133624;3.84;54.87;44.48;0.57;0;0.4;8.71;0.5362;0.835;4432;1479;89387.51;108226.48;197613.99;66.68;simulation_utilisateur + extrapolation_regionale;historique_synthetique;source secondaire
DEM-2029-06;2029;Amoron'i Mania;rural;1079468;17.96;234995;4.59;80.84;15.77;0.47;1.55;1.77;25.71;0.5491;0.7262;44345;13049;522812.82;127342.99;650155.81;76.52;projection_scenario_tendanciel;projection_scenario;
DEM-2012-03;2012;Itasy;rural;766561;14.29;168746;4.54;86.27;13.15;0.55;0;0;15.56;0.5835;0.699;10782;3399;383135.93;74058.94;457194.87;73.41;simulation_utilisateur + extrapolation_regionale;historique_synthetique;source secondaire
DEM-2024-14;2024;Sofia;rural;1804764;14.36;462155;3.91;73.02;24.98;0.24;0.71;0.89;20,23;0.576;0.6931;27863;8749;ND;352203.05;1234999.12;76.25;estimation_synthetique_calibree;historique_synthetique;
DEM-2010-04;2010;Bongolava;rural;525415;;115255;4.56;88.59;10.8;0.6;0;0;12.08;0.6473;0.5759;9828;3 215;276219.4;30208.85;306428.25;80.56;simulation_utilisateur + extrapolation_regionale;historique_synthetique;source secondaire
DEM-2018-20;2018;Menabe;rural;696227;15.78;164445;4.23;76.79;23.0;0.36;0.18;0.08;17.96;0.572;0.7128;18068;5509;383894.35;141583.03;525477.38;71.81;INSTAT_RGPH3_2018 + simulation_utilisateur;historique_synthetique;
DEM-2021-08;2021;Ihorombe;rural;456558;10.95;101771;4.49;74.79;24.71;0.69;0.24;0.21;18.23;0.597;0.6566;25579;7191;240194.51;87498.93;327693.44;73.92;simulation_utilisateur + extrapolation_regionale;historique_synthetique;
DEM-2017-07;2017;Vatovavy-Fitovinany;rural;1398043;9.64;304978;4.58;89.95;9.04;1.36;0;0;16.16;0.6072;0.6441;18762;5752;946246.62;99680.97;1045927.59;75.56;simulation_utilisateur + extrapolation_regionale;historique_synthetique;source secondaire
DEM-2004-11;2004;Analanjirofo;rural;793257;8.69;208127;3.81;87.99;11.67;0.43;0;0;7.0;0.6269;0.6451;5858;1880;294613.54;38231.65;332845.19;75.11;simulation_utilisateur + extrapolation_regionale;historique_synthetique;a verifier
DEM-2029-05;2029;Haute Matsiatra;rural;1889149;22.14;407991;4.63;67.75;27.75;0.4;1.71;2.28;26.34;0.5267;0.7727;44721;14286;737938.61;447171.16;1185109.77;69.25;projection_scenario_tendanciel;projection_scenario;estimation
DEM-2002-11;2002;Analanjirofo;rural;746094;8.26;196117;3.8;88.3;11.73;0.46;0;0;7.82;0.6279;0.639;5206;1537;239137.15;34336.18;273473.33;75.95;simulation_utilisateur + extrapolation_regionale;historique_synthetique;
DEM-2029-21;2029;DIANA;mixte;1306465;39.87;395408;3.3;40.48;54.64;0,08;2.05;3.36;34.28;0.426;0.9579;41985;12780;233947.95;729061.91;963009.86;59.84;projection_scenario_tendanciel;projection_scenario;donnee agregee
DEM-2025-14;2025;Sofia;rural;1859525;15.09;474349;3.92;71.5;25.86;0.27;0.97;1.13;24.91;0.5652;0.6947;30138;10227;846011.71;386627.76;1232639.47;;projection_scenario_tendanciel;projection_scenario;a verifier
DEM-2021-16;2021;Melaky;rural;339776;12.19;78207;4.34;82.48;15.9;0.62;0.3;0.37;18.29;0.5904;0.6708;24959;7834;199726.36;41976.72;241703.08;75,84;simulation_utilisateur + extrapolation_regionale;historique_synthetique;estimation
DEM-2028-07;2028;Vatovavy-Fitovinany;rural;1855625;14.4;420566;4.41;84.33;11.86;1.21;1.38;1.58;26.6;0.5662;0.6844;43892;12966;955308.62;159860.75;1115169.37;73.49;projection_scenario_tendanciel;projection_scenario;source secondaire
DEM-2020-01;2020;Analamanga;mixte;3878620;38.67;960191;4.04;28.26;67.49;0.19;2.38;1.92;24.96;0.4431;0.9634;18219;5626;592932.75;2993268.9;3586201.65;58.91;simulation_utilisateur + extrapolation_regionale;historique_synthetique;doublon possible
DEM-2027-18;2027;Androy;rural;1187128;13.46;276089;4.3;88.2;8.24;0.48;1.35;1.37;22.47;0.5773;0.6796;42359;13499;665728.19;75812.5;741540.69;76.32;projection_scenario_tendanciel;projection_scenario;
DEM-2021-09;2021;Atsimo-Atsinanana;rural;1120521;7.85;218533;5.13;90.55;7.71;0.88;0.29;0.35;20.52;0.6097;0.6178;23691;7525;751017.64;66280.9;817298.54;77.91;simulation_utilisateur + extrapolation_regionale;historique_synthetique;source secondaire
DEM-2016-15;2016;Betsiboka;rural;367664;11.82;82363;4.46;83.31;16.22;0.6;0;;15.25;0.5971;0.6708;14621;5091;230291.82;47120.38;277412.2;76.56;simulation_utilisateur + extrapolation_regionale;historique_synthetique;
DEM-2018-09;2018;Atsimo-Atsinanana;rural;1024578;6.52;198684;5.16;91.81;7.77;0.99;0;0.11;16.69;0.6229;0.6073;19779;6031;735902.54;62046.31;797948.85;76.68;INSTAT_RGPH3_2018 + simulation_utilisateur;historique_synthetique;donnee agregee
DEM-2017-06;2017;Amoron'i Mania;rural;818003;12.97;170263;4.8;87.4;11.95;0.64;0;0.03;17.41;0.5877;0.681;16060;5039;514335.7;83757.55;598093.25;77.75;simulation_utilisateur + extrapolation_regionale;historique_synthetique;
DEM-2019-04;2019;Bongolava;rural;694344;7.45;156380;4.44;86.71;13.02;0.43;0.1;0;18.65;0.6148;0.6156;n/a;6422;459861.01;68514.53;528375.54;78.68;source locale;historique_synthetique;donnee agregee
DEM-2011-05;2011;Haute Matsiatra;rural;1212997;13.44;241293;5.03;76.8;22.32;0.54;0;0.07;11.73;0.5939;0.6946;10807;3465;527059.48;177571.47;704630.95;72.62;simulation_utilisateur + extrapolation_regionale;historique_synthetique;estimation
DEM-2004-04;2004;Bongolava;rural;442257;3;94273;4.69;89.19;9.73;0.77;0;0;7.09;0.6576;0.5777;5784;1942;166442.14;16373.61;182815.75;80.58;simulation_utilisateur + extrapolation_regionale;historique_synthetique;
DEM-2002-09;2002;Atsimo-Atsinanana;rural;672120;3;122217;5.5;94.33;4.47;1.32;0;0;6.87;0.6579;0.5779;4668;1577;240896.29;10167.09;251063.38;80.21;simulation_utilisateur + extrapolation_regionale;historique_synthetique;
DEM-2015-21;2015;DIANA;mixte;798799;32.29;222228;3.59;;49.47;0.38;0.49;1.31;25.31;0.4756;0.8901;12492;4450;226264.67;419478.86;645743.53;63.63;simulation_utilisateur + extrapolation_regionale;historique_synthetique;estimation
DEM-2018-15;2018;Betsiboka;rural;395331;12.31;88398;4.47;83.01;16.21;0.67;0;0;17.47;0.591;0.6733;17157;6056;242128.38;52817.67;294946.05;76.86;INSTAT_RGPH3_2018 + simulation_utilisateur;historique_synthetique;
DEM-2028-09;2028;Atsimo-Atsinanana;rural;1341318;11.07;266442;5.03;86.03;10.46;0.81;1.38;1.68;26.19;0.584;0.647;41786;13397;752193.55;102180.52;854374.07;75.95;projection_scenario_tendanciel;projection_scenario;source secondaire
DEM-2026-01;2026;Analamanga;mixte;4676959;42.21;1206674;3.88;23.14;70.12;0.11;3.34;3.07;28.1;0.4212;0.9971;28366;9972;522388.74;3660327.09;4182715.83;59.2;projection_scenario_tendanciel;projection_scenario;source secondaire
DEM-2029-20;2029;Menabe;rural;995309;21.35;244739;4.07;69.17;26.82;0.17;1.69;1.87;27.46;0.5291;0.762;39623;14153;393265.74;217 703;610968.54;69.23;projection_scenario_tendanciel;projection_scenario;estimation
DEM-2023-11;2023;Analanjirofo;rural;1311693;18.62;373103;3.52;81.79;16.57;0.1;0.72;0.6;22.96;0.5498;0.7379;28189;9378;676857.59;194064.35;870921.94;71.63;estimation_synthetique_calibree;historique_synthetique;
DEM-2007-07;2007;Vatovavy-Fitovinany;rural;1084927;4.63;225768;4.81;91.23;7.09;1.62;0;0;8.94;0.6457;0.5947;7926;2458;486091.54;37138.47;523230.01;76.59;simulation_utilisateur + extrapolation_regionale;historique_synthetique;source secondaire
DEM-2006-15;2006;Betsiboka;rural;266450;7.45;57331;4.65;84.39;14.53;0.78;0;0;10.14;0.6285;0.6265;6651;2183;98629.34;17260.51;115889.85;77.85;simulation_utilisateur + extrapolation_regionale;historique_synthetique;
DEM-2015-19;2015;Anosy;rural;738438;14.32;170963;4.32;86.32;13.36;0.67;0;0;18.08;0.5795;0.6957;13026;4 542;-;84770.22;519284.3;73.63;simulation_utilisateur + extrapolation_regionale;historique_synthetique;
DEM-2016-14;2016;Sofia;rural;1428391;11.37;352639;4.05;75.69;23.38;0.47;0;0;18.17;0.5949;0.6615;14792;4812;803327.11;264388.18;1067715.29;76.86;simulation_utilisateur + extrapolation_regionale;historique_synthetique;a verifier
DEM-2030-09;2030;Atsimo-Atsinanana;rural;1418949;12.6;286642;4.95;84.45;10.89;0.8;1.72;2.05;26.45;0.5757;0.6641;48429;15956;740264.85;104979.88;845244.73;74.96;projection_scenario_tendanciel;projection_scenario;a verifier
DEM-2016-22;2016;SAVA;rural;1056125;17.92;287425;3.67;77.03;22.22;0.18;0.01;0;16.14;0.5634;0.7404;14696;5057;558806.49;214780.9;773587.39;78.96;simulation_utilisateur + extrapolation_regionale;historique_synthetique;
DEM-2014-18;2014;Androy;rural;799171;7.44;175988;4.54;94.11;4.94;0.68;0;0;14.19;0.6221;0.6211;13639;4229;521529.92;27591.8;549121.72;78.86;simulation_utilisateur + extrapolation_regionale;historique_synthetique;estimation
DEM-2003-04;2003;Bongolava;rural;432937;3;90756;4,77;90.87;8.92;0.76;0;0;7.58;0.6568;0.5771;5820;1918;155861.32;13608.1;169469.42;81.41;simulation_utilisateur + extrapolation_regionale;historique_synthetique;
DEM-2014-12;2014;Alaotra-Mangoro;rural;1112002;12.16;258265;4.31;73.73;25.76;0.5;0;0;14.91;0.5958;0.6752;13926;4140;560607.26;212626.74;773234.0;81.95;simulation_utilisateur + extrapolation_regionale;historique_synthetique;estimation
DEM-2025-20;2025;Menabe;rural;865185;19.08;206570;n/a;73.0;24.56;0.31;0.95;1.01;24.73;0.5448;0.7404;28375;9501;404629.39;179721.19;584350.58;71.4;projection_scenario_tendanciel;projection_scenario;donnee agregee
DEM-2021-12;2021;Alaotra-Mangoro;rural;1357312;15.28;325449;4.17;71.11;n/a;0.35;0.29;0.52;19.49;0.5723;0.7048;22628;7825;655308.77;314765.5;970074.27;79.64;simulation_utilisateur + extrapolation_regionale;historique_synthetique;estimation
DEM-2001-06;2001;Amoron i Mania;rural;558298;4.67;109643;5.09;89.58;9.08;0.87;0;0;4.21;0.6533;0.6009;4579;1345;184769.65;16919.03;201688.68;81.93;simulation_utilisateur + extrapolation_regionale;historique_synthetique;donnee agregee
DEM-2012-18;2012;Androy;rural;746791;6.67;162094;4.61;94.62;4.4;0.77;0;0;13.62;0.6271;0.6129;12324;3706;436676.38;21390.92;458067.3;80.74;simulation_utilisateur + extrapolation_regionale;historique_synthetique;
DEM-2030-10;2030;Atsinanana;mixte;2074884;33.72;551486;3.76;58.38;36.79;0.08;2.07;2.33;31.19;0.4609;0.895;45521;ND;568936.98;746019.43;1314956.41;71.47;projection_scenario_tendanciel;projection_scenario;source secondaire
DEM-2008-08;2008;Ihorombe;rural;310264;5.05;66037;4.7;77.03;21.8;0.97;0;0;8.65;0.6439;0.6;8281;2616;124349.31;33862.77;158212.08;76.92;simulation_utilisateur + extrapolation_regionale;historique_synthetique;source secondaire
DEM-2028-17;2028;Atsimo-Andrefana;rural;2421345;19.5;590898;4.1;70.46;26.04;0.23;1.57;2.03;27.66;0.5384;0.7406;43389;13483;957556.38;509550.47;1467106.85;74.25;projection_scenario_tendanciel;projection_scenario;
DEM-2001-05;2001;Haute Matsiatra;rural;944452;9.18;183975;5.13;79.81;18.84;0.68;0;0;5.61;0.6264;0.6528;4628;1527;267527.28;64157.25;331684.53;73.89;simulation_utilisateur + extrapolation_regionale;historique_synthetique;
DEM-2016-02;2016;Vakinankaratra;rural;1974785;14.3;440620;4.48;81.79;17.99;0.36;0.15;0.05;16.68;0.5817;0.6976;15705;4873;1154632.36;299228.97;1453861.33;81.53;simulation_utilisateur + extrapolation_regionale;historique_synthetique;
DEM-2020-03;2020;Itasy;rural;941550;17.44;217256;4.33;84.12;15.51;0.37;0.13;0.34;20.12;0.5601;0.7287;19868;6360;550381.39;134764.6;685145.99;71.45;simulation_utilisateur + extrapolation_regionale;historique_synthetique;a verifier
DEM-2011-09;2011;Atsimo-Atsinanana;rural;850859;4.28;159007;5.35;92.84;6.34;1.17;0;0;12.77;0.6412;0.586;10202;3265;499090.51;31347.32;530437.83;79.63;simulation_utilisateur + extrapolation_regionale;historique_synthetique;a verifier
DEM-2024-06;2024;Amoron'i Mania;rural;959290;15.38;204912;4.68;82.92;14.4;0.45;0.71;0.87;21.28;0.5691;0.7034;28959;9812;532816.74;110054.97;642871.71;78.15;estimation_synthetique_calibree;historique_synthetique;valeur saisie manuellement
DEM-2011-15;2011;Betsiboka;rural;312329;9.95;68731;-4.54;83.62;15.35;0.75;0;0;14.13;0.6088;0.6505;9671;3144;158295.61;30753.54;189049.15;78.33;simulation_utilisateur + extrapolation_regionale;historique_synthetique;
DEM-2025-06;2025;Amoron'i Mania;rural;981914;16.47;209609;4.68;83.08;14.52;;0.95;1.04;24.46;0.5587;0.711;31625;9711;523374.2;116337.45;639711.65;76.93;projection_scenario_tendanciel;projection_scenario;donnee agregee
DEM-2014-08;2014;Ihorombe;rural;370876;8.01;79834;4.65;76.09;22.62;0.78;0;0;12.58;0.6216;0.6299;13120;4153;195678.33;61349.17;257027.5;76.77;simulation_utilisateur + extrapolation_regionale;historique_synthetique;estimation
DEM-2027-16;2027;Melaky;rural;416969;14.8;96370;4.33;79.19;17.87;0.61;1.33;1.54;23.96;0.5681;0.6927;39245;12266;211436.38;58140.45;269576.83;75.5;projection_scenario_tendanciel;projection_scenario;estimation
DEM-2011-12;2011;Alaotra-Mangoro;rural;1037134;10.72;241425;4.3;74.19;24.73;0.58;0;0;11.2;0.6093;0.6634;9871;3525;453861.79;170264.21;624126.0;81.99;simulation_utilisateur + extrapolation_regionale;historique_synthetique;
DEM-2019-17;2019;Atsimo-Andrefana;rural;1861732;14.42;432955;4.3;76.5;22.63;0.23;0.24;0.27;20.39;0.5755;0.6935;19012;5708;983847.46;351065.04;1334912.5;75.34;simulation_utilisateur + extrapolation_regionale;historique_synthetique;
DEM-2006-05;2006;Haute Matsiatra;rural;1066815;11.67;209651;5.09;78.98;20.3;0.61;0;0;9.95;-;0.6763;6751;2076;377457.04;111524.3;488981.34;74.48;simulation_utilisateur + extrapolation_regionale;historique_synthetique;donnee agregee
DEM-2023-17;2023;Atsimo-Andrefana;rural;2092568;16.02;491093;4.26;74.22;24.3;0.29;0.8;1.05;20.18;0.5674;0.7123;27489;8472;1025831.69;426061.78;1451893.47;74.79;estimation_synthetique_calibree;historique_synthetique;a verifier
DEM-2001-11;2001;Analanjirofo;rural;728333;7.37;186967;3.9;87.32;11.64;0.49;0;0;5.67;0.6362;0.6312;4744;1493;230850.84;30508.81;261359.65;74.16;simulation_utilisateur + extrapolation_regionale;historique_synthetique;
DEM-2020-02;2020;Vakinankaratra;rural;2174440;15.55;490740;4.43;79.77;18,96;0.35;0.26;0.34;19.79;0.5705;0.7074;23302;6369;1251058.78;347880.29;1598939.07;80.42;simulation_utilisateur + extrapolation_regionale;historique_synthetique;
DEM-2002-15;2002;Betsiboka;rural;235097;5.58;49814;4.72;85.71;13.05;0.91;0;0;7.06;0.6437;0.6082;5152;1566;72883.81;11413.79;84297.6;78.3;simulation_utilisateur + extrapolation_regionale;historique_synthetique;a verifier
DEM-2003-15;2003;Betsiboka;rural;241326;5.39;51334;4.7;86.35;13.49;0.75;0;0;4.98;0.6481;0.6086;5272;1587;84896.63;12016.39;96913.02;77.49;simulation_utilisateur + extrapolation_regionale;historique_synthetique;
DEM-2017-09;2017;Atsimo-Atsinanana;rural;1000782;6.26;190968;5.24;91.62;7.68;0.95;0;0;15.64;0.626;0.6056;17787;4952;697066.12;56385.91;753452.03;77.66;simulation_utilisateur + extrapolation_regionale;historique_synthetique;source secondaire
DEM-2025-11;2025;Analanjirofo;rural;1379822;18.65;399811;3.45;78.99;18.03;0.09;1.12;1.11;23.91;0.5482;0.7368;32861;11088;679906.59;218598.73;898505.32;71.47;projection_scenario_tendanciel;projection_scenario;donnee agregee
DEM-2012-04;2012;Bongolava;rural;561448;3.91;121785;4,61;87.44;11.58;0.53;0;0;14.31;0.6407;0.5798;12792;3947;317420.79;39590.15;357010.94;78.81;simulation_utilisateur + extrapolation_regionale;historique_synthetique;donnee agregee
DEM-2020-09;2020;Atsimo-Atsinanana;rural;1094546;8.41;212612;5.15;91.17;7.97;0.91;0.12;0.15;19.98;0.6076;0.6249;20832;7122;722930.89;66219.67;789150.56;77.67;simulation_utilisateur + extrapolation_regionale;historique_synthetique;
DEM-2021-10;2021;Atsinanana;mixte;1608662;29.41;409187;3.93;65.36;33.19;0.3;0.57;0.56;21.94;0.4949;0.8633;23518;7372;642112.94;566666.41;1208779.35;72.7;simulation_utilisateur + extrapolation_regionale;historique_synthetique;
DEM-2008-21;2008;DIANA;mixte;625964;ND;171386;3.65;51.52;46.82;-;0;0.88;15.27;0.5118;0.8575;7148;2457;134658.26;204252.37;338910.63;64.87;simulation_utilisateur + extrapolation_regionale;historique_synthetique;a verifier
DEM-2014-09;2014;Atsimo-Atsinanana;rural;932328;5.84;176149;5.29;93.16;5.98;1.05;0;0;14.83;0.6295;0.6016;13197;3897;621265.42;38614.95;659880.37;77.07;simulation_utilisateur + extrapolation_regionale;historique_synthetique;donnee agregee
DEM-2026-03;2026;Itasy;rural;1113250;20.79;261810;4.25;80.47;16.42;0.31;1.08;1.34;26.34;0.5336;0.7573;32732;10738;552497.33;151401.5;703898.83;71.01;projection_scenario_tendanciel;projection_scenario;donnee agregee
DEM-2013-17;2013;Atsimo-Andrefana;rural;1559389;12.03;354229;-4.4;78.73;21.4;0.34;0;0.05;13.78;0.5983;0.6752;11739;3521;784230.83;239749.69;1023980.52;78.25;simulation_utilisateur + extrapolation_regionale;historique_synthetique;
DEM-2005-09;2005;Atsimo-Atsinanana;rural;729373;3;134164;5.44;94.17;4.18;1.2;0;0;6.77;0.6581;0.5781;6480;1865;306164.86;12552.67;318717.53;79.38;simulation_utilisateur + extrapolation_regionale;historique_synthetique;donnee agregee
