id_observation;annee;region;superficie_foret_hors_ap_ha;superficie_foret_humide_ha;superficie_foret_seche_ha;superficie_foret_epineuse_ha;superficie_mangrove_ha;superficie_pin_ha;superficie_eucalyptus_ha;reboisement_annuel_ha;taux_deforestation_pct;rendement_carbonisation_pct;part_carbonisation_amelioree_pct;nombre_centres_carbonisation;production_bois_feu_m3_ebr;production_bois_charbon_m3_ebr;production_charbon_tonnes;offre_totale_m3_ebr;volume_transporte_tonnes;distance_moyenne_marche_km;cout_transport_ariary_tonne_km;prix_producteur_charbon_ariary_sac;source_principale;statut_donnee;commentaire_collecte
OFF-2017-05;2017;Haute Matsiatra;59089.96;35 759;1282.23;0.0;0.0;19409.03;2 640;2310.27;0.454;15.09;21.23;0;189608.54;109920.0;10778.6;299528.54;42967.99;74.1;152.82;3512;simulation_utilisateur + repartition_regionale;historique_synthetique;
OFF-2013-10;2013;Atsinanana;155811.68;152409.46;0.0;0.0;0.0;0.0;3402.23;520.54;1.106;13.04;17.39;0;181087.91;179483.28;15212.63;360571.19;45070.18;53.9;97.64;2504;simulation_utilisateur + repartition_regionale;historique_synthetique;estimation
OFF-2027-08;2027;Ihorombe;50572.84;43811.36;5409.28;0.0;0.0;202.83;1149.38;511.96;1.079;21.08;32.81;1;30185.65;33953.17;4652.09;64138.82;9248.13;74.4;ND;7913;projection_scenario_tendanciel;projection_scenario;a verifier
OFF-2006-19;2006;Anosy;210448.3;90901.12;5104.53;113742.37;0.0;0.0;700.27;123.01;0.63;9.4;9.76;0;137993.76;111742.27;6830.36;249736.03;30439.77;48.7;52.87;1488;simulation_utilisateur + repartition_regionale;historique_synthetique;source secondaire
OFF-2028-17;2028;Atsimo-Andrefana;483318.69;0.0;114117.69;361258.96;3651.55;0.0;4290.49;1196.77;1.247;22.49;39.21;2;132055.41;136662.51;19976.33;268717.92;40150.56;55.2;349.91;9200;projection_scenario_tendanciel;projection_scenario;estimation
OFF-2029-15;2029;Betsiboka;26541.22;4610.14;17896.44;0.0;0.38;2080.02;1954.25;1162.69;0.828;22.91;35.36;1;28168.38;36639.96;5457.37;64808.33;9545.35;71.0;385.25;9612;projection_scenario_tendanciel;projection_scenario;estimation
OFF-2026-18;2026;Androy;128344.03;0.0;1886.04;125223.6;1.94;0.0;1 232;529.74;1.506;21.33;34.73;1;41516.16;45960.14;6372.97;87476.29;12698.75;82.9;298.35;-8564.0;projection_scenario_tendanciel;projection_scenario;donnee agregee
OFF-2001-10;2001;Atsinanana;169654.09;167292.18;0.0;0.0;0.0;0.0;2361.91;273.31;0.513;7.52;1.47;0;217526.83;225588.45;11020.22;443115.29;48191.41;53.7;41.19;961;simulation_utilisateur + repartition_regionale;historique_synthetique;donnee agregee
OFF-2000-10;2000;Atsinanana;170513.4;168212.1;0.0;0.0;0.0;0.0;2301.3;263.48;ND;7;0.91;0;181089.32;232755.37;10590.37;413844.69;41280.18;58.4;40;949;simulation_utilisateur + repartition_regionale;historique_synthetique;donnee agregee
OFF-2022-11;2022;Analanjirofo;301362.36;300437.13;68.34;0.0;0.0;128.53;728.35;430.59;1.53;17.68;26.26;0;171212.03;178415.85;20501.42;349627.88;;77.2;206.63;5794;estimation_synthetique_calibree;historique_synthetique;
OFF-2022-19;2022;Anosy;166956.65;72986.24;4416.8;87797.61;0.0;0.0;1755.99;610.47;1.463;18.29;27.28;0;61 742;70117.73;8334.8;131859.8;17948.11;46.4;;5500;estimation_synthetique_calibree;historique_synthetique;source secondaire
OFF-2006-17;2006;Atsimo-Andrefana;669285.65;0.0;144767.01;518972.63;3995.34;0.0;1550.67;210.39;0.426;8.65;10.81;0;345795.73;254726.74;14314.74;600522.47;73981.32;57.2;56.58;1419;simulation_utilisateur + repartition_regionale;historique_synthetique;a verifier
OFF-2019-22;2019;SAVA;306034.44;299624.48;5031.23;0.0;763.31;92.31;523.1;136.52;1.333;16.63;22.35;0;479890.83;357716.18;38671.17;837607.02;118090.71;66.0;158.19;4641;simulation_utilisateur + repartition_regionale;historique_synthetique;
OFF-2022-18;2022;Androy;138437.66;0.0;2019.61;135561.59;2.05;0.0;854.4;453.58;1.543;19.29;26.21;0;50 188;49277.33;6179.94;99465.31;14 101;82.3;191.85;5855;estimation_synthetique_calibree;historique_synthetique;
OFF-2016-21;2016;DIANA;247023.24;160235.23;49652.65;0.0;17734.85;-;0.0;2949.12;0.382;15.18;36.82;12;1013432.13;253547.93;25014.44;1266980.06;202929.63;42.7;127.0;3455;simulation_utilisateur + repartition_regionale;historique_synthetique;source secondaire
OFF-2021-05;2021;Haute Matsiatra;61973.81;32762.7;1239.9;0.0;0.0;24622.0;3349.21;5355.19;1.595;18.19;25.18;0;184059.07;101625.18;12013.34;285684.25;42981.57;67.9;190.52;5170;simulation_utilisateur + repartition_regionale;historique_synthetique;donnee agregee
OFF-2026-13;2026;Boeny;145146.51;0.0;117371.4;0.0;25666.59;737.99;1370.54;762.51;0.921;24.01;53.19;16;105204.79;101048.19;15767.3;206252.98;31866.05;31.8;304.51;7407;projection_scenario_tendanciel;projection_scenario;
OFF-2004-18;2004;Androy;184350.15;0.0;2388.07;181851.05;2.09;0.0;108.94;94.15;0.611;8.48;7.85;0;131453.67;88880.26;4896.49;220333.93;27676.78;84.5;47.93;1405;simulation_utilisateur + repartition_regionale;historique_synthetique;donnee agregee
OFF-2021-15;2021;Betsiboka;28138.28;5253.48;20224.08;0.0;0.42;1371.61;1288.68;803.95;1.081;18.3;27.96;0;35265.21;43137.82;5131.0;78403.03;10555.16;70.2;202.3;5020;simulation_utilisateur + repartition_regionale;historique_synthetique;valeur saisie manuellement
OFF-2004-14;2004;Sofia;284343.3;182530.19;86033.01;0.0;15668.6;16.72;94.77;98.13;0.297;8.86;7.42;0;841920.86;596051.21;34312.23;1437972.07;179681.79;58.3;53.25;1282;simulation_utilisateur + repartition_regionale;historique_synthetique;estimation
OFF-2001-16;2001;Melaky;223775.84;0.0;207984.75;0.0;15745.65;6.82;38.62;96.01;0.35;7;0;0;204099.76;132561.58;6 032;336661.34;41683.83;68.3;41.82;1085;simulation_utilisateur + repartition_regionale;historique_synthetique;donnee agregee
OFF-2025-01;2025;Analamanga;100614.81;15482.77;352.65;n/a;0.0;453.7;84325.7;18558.59;1.257;20.61;30.28;1;616514.99;;247832.12;2466240.62;314195.04;20.6;297.12;6620;projection_scenario_tendanciel;projection_scenario;donnee agregee
OFF-2007-06;2007;Amoron'i Mania;20523.46;19924.68;ND;0.0;0.0;0.0;300.13;100.96;0.47;9.71;8.76;0;54177.46;41793.81;2638.94;95971.27;11915.88;57.9;55.5;1643;simulation_utilisateur + repartition_regionale;historique_synthetique;estimation
OFF-2015-05;2015;Haute Matsiatra;58587.0;36204.99;1295.1;0.0;0.0;18562.01;2524.9;2500.75;0.273;15.25;18.27;0;190629.56;113608.03;11261.77;304237.59;43547.97;64.2;108.96;3147;simulation_utilisateur + repartition_regionale;historique_synthetique;
OFF-2006-09;2006;Atsimo-Atsinanana;128104.63;127953.75;0.0;0.0;0.0;22.63;128.25;104.05;0.585;10.37;9.26;0;164764.18;110342.61;7439.59;275106.8;35758.01;65.7;63.05;1541;simulation_utilisateur + repartition_regionale;historique_synthetique;donnee agregee
OFF-2013-11;2013;Analanjirofo;344905.83;344477.93;74.67;0.0;0.0;52.98;300.24;147.91;0.925;ND;18.46;0;302003.63;232572.18;21306.72;534575.81;71832.17;72.9;94.95;2796;simulation_utilisateur + repartition_regionale;historique_synthetique;donnee agregee
OFF-2024-14;2024;Sofia;237440.04;147084.48;74096.64;0.0;15227.02;154.79;877.12;387.53;1.271;20.33;29,71;0;332887.34;378903.38;50069.72;711790.71;100976.89;63.5;264.37;6782;estimation_synthetique_calibree;historique_synthetique;source secondaire
OFF-2012-18;2012;Androy;169193.57;n/a;2270.67;166588.34;2.08;0.0;332.48;156.26;1.124;12.97;15.15;0;94719.58;74047.61;6243.72;168767.19;22169.38;77.0;81.7;2361;simulation_utilisateur + repartition_regionale;historique_synthetique;estimation
OFF-2027-16;2027;Melaky;192161.53;0.0;176066.18;0.0;14784.96;196.56;1113.83;520.55;0.871;21.85;34.77;1;73917.62;82066.25;11657.04;155983.87;22863.94;72.8;315.31;7860;projection_scenario_tendanciel;projection_scenario;a verifier
OFF-2004-02;2004;Vakinankaratra;16255.15;5461.66;0.0;0.0;0.0;4665.69;6127.79;1263.97;0.407;7.85;4.73;0;36104.57;238567.87;12177.28;274672.44;16484.2;68.1;43.59;1314;simulation_utilisateur + repartition_regionale;historique_synthetique;
OFF-2011-22;2011;SAVA;337953.79;331579.75;5334.06;0.0;748.73;43.69;247.56;162.9;0.883;12.61;17.03;0;538976.28;454672.98;37266.13;993649.26;127573.96;65.3;85.88;2415;simulation_utilisateur + repartition_regionale;historique_synthetique;
OFF-2019-21;2019;DIANA;248387.37;154910.26;50033.19;0.0;19283.42;24160.5;0.0;3098.51;1.331;17.38;43.62;16;1081009.86;228331.41;25799.09;1309341.27;215737.03;46.8;156.95;4207;simulation_utilisateur + repartition_regionale;historique_synthetique;estimation
OFF-2008-18;2008;Androy;178655.08;0.0;2336.31;176123.73;2.07;0.0;192.96;94.01;0.626;11.44;8.93;0;121334.24;81838.85;;203173.09;26832.26;75.1;59.75;1862;simulation_utilisateur + repartition_regionale;historique_synthetique;source secondaire
OFF-2009-03;2009;Itasy;887.26;15.06;15.55;0.0;0.0;0.0;856.66;137.99;0.362;10.89;12.92;0;162.88;32274.22;2284.94;32437.09;1902.97;51.7;69.78;1835;simulation_utilisateur + repartition_regionale;historique_synthetique;
OFF-2015-01;2015;Analamanga;71259.94;18451.04;394.28;0.0;0.0;280.5;52134.12;7043.25;0.544;14.93;17.86;0;409073.69;1671397.38;162204.68;2080471.07;206641.1;19.6;106.54;2707;simulation_utilisateur + repartition_regionale;historique_synthetique;source secondaire
OFF-2002-06;2002;Amoron'i Mania;21018.11;20527.3;305.63;0.0;0.0;0.0;185.18;98.46;0.534;7;1.27;0;60195.9;44621.91;2030.3;104817.81;12500.11;56.8;44.66;990;simulation_utilisateur + repartition_regionale;historique_synthetique;estimation
OFF-2003-18;2003;Androy;185591.36;0.0;2 399;183102.43;2.09;0.0;87.43;100.82;0.385;7.61;3.68;0;;87829.21;4345.76;219507.06;27265.53;76.3;ND;1246;simulation_utilisateur + repartition_regionale;historique_synthetique;source secondaire
OFF-2010-12;2010;Alaotra-Mangoro;262547.19;203613.03;311.28;0.0;0.0;39807.61;18815.27;9380.35;0.629;12.07;13.75;0;1643855.91;696397.14;54653.53;2340253.04;340709.96;68.1;71.72;1986;simulation_utilisateur + repartition_regionale;historique_synthetique;
OFF-2017-16;2017;Melaky;205941.25;0.0;190740.49;0.0;14733.75;70.05;396.96;131.14;0.231;15.46;22.35;0;154743.11;107171.04;10766.76;261914.16;36682.5;67.5;136.33;3714;simulation_utilisateur + repartition_regionale;historique_synthetique;
OFF-2014-12;2014;Alaotra-Mangoro;262293.02;193749.12;301.68;0.0;0.0;46339.58;21902.65;9411.54;0.997;14.53;17.01;0;1738935.43;627230.56;59247.36;2366165.99;361591.21;68.4;114.77;3134;simulation_utilisateur + repartition_regionale;historique_synthetique;
OFF-2002-13;2002;Boeny;161803.27;0.0;134844.39;0.0;26842.23;40.82;75.81;168.97;0.288;7.61;5.37;0;221513.67;150669.22;7453.93;372182.89;45984.68;31.1;40;984;simulation_utilisateur + repartition_regionale;historique_synthetique;
OFF-2001-08;2001;Ihorombe;66566.78;59722.48;6799.52;0.0;0.0;6.72;38.07;94.57;0.507;7.12;5.47;0;88039.75;63187.68;2925.81;151227.43;18246.32;68.2;40;1087;simulation_utilisateur + repartition_regionale;historique_synthetique;a verifier
OFF-2025-13;2025;Boeny;146921.19;0.0;118983.55;0.0;25982.03;684.46;1271.15;787.29;0.963;22.51;49.93;15;110323.55;107669.79;15756.85;217993.34;32778.86;29.0;266.5;6334;projection_scenario_tendanciel;projection_scenario;estimation
OFF-2028-22;2028;SAVA;260792.95;254317.62;4350.95;0.0;682.97;216.21;1225.19;463.29;2.03;21.44;35.17;1;204543.1;265759.91;37030.61;470303.01;67182.86;66,60;360.7;9061;projection_scenario_tendanciel;projection_scenario;source secondaire
OFF-2016-08;2016;Ihorombe;59916.57;53281.94;6175.3;0.0;0.0;68.9;390.43;;0.411;15.22;21.61;0;69605.22;54583.57;5398.59;124188.79;16955.78;69.8;121.8;3542;simulation_utilisateur + repartition_regionale;historique_synthetique;
OFF-2017-10;2017;Atsinanana;151708.65;148055.47;0.0;0.0;0.0;;3653.17;518.08;0.474;14.7;21.53;0;197148.27;173826.23;16606.82;370974.5;49104.28;60.1;131.63;3778;simulation_utilisateur + repartition_regionale;historique_synthetique;
OFF-2030-07;2030;Vatovavy-Fitovinany;60925.01;58998.51;0.0;0.0;0.0;0.0;1926.49;625.76;1.094;23.0;41.5;2;39848.48;49599.74;7415.62;89448.22;13253.53;82.1;355.79;11238;projection_scenario_tendanciel;projection_scenario;estimation
OFF-2024-11;2024;Analanjirofo;290503.19;289399.6;66.07;0.0;0.0;155.63;881.88;472.76;1.235;18.49;33.56;1;156920.55;170259.28;20458.4;327179.83;45021.58;72.0;239.71;6292;estimation_synthetique_calibree;historique_synthetique;source secondaire
OFF-2029-06;2029;Amoron'i Mania;16548.68;14555.99;235.49;0.0;0.0;0.0;1757.2;642.2;1.157;22.07;38.21;2;20322.35;25594.23;3671.85;45916.57;6668.94;61.7;326.07;9761;projection_scenario_tendanciel;projection_scenario;
OFF-2002-10;2002;Atsinanana;168796.71;;0.0;0.0;0.0;0.0;2420.81;266.53;0.571;7.87;4.27;0;208 758;226954.57;11604.95;435713.05;47092.59;55.8;40.4;1112;simulation_utilisateur + repartition_regionale;historique_synthetique;a verifier
OFF-2007-18;2007;Androy;180131.09;0.0;2349.75;177607.59;2.07;0.0;171.67;84.98;0.488;10.68;9.18;0;114127.68;83998.48;5833.85;198126.16;25326.74;81.7;56.23;ND;simulation_utilisateur + repartition_regionale;historique_synthetique;
OFF-2030-15;2030;Betsiboka;26381.06;4537.52;-17617.61;0.0;0.38;2178.64;2 047;1158.96;ND;22.52;41.87;2;27316.37;36294.6;5313.14;63610.97;9273.72;68.3;356.2;10954;projection_scenario_tendanciel;projection_scenario;estimation
OFF-2006-10;2006;Atsinanana;165229.19;162559.5;0.0;0.0;0.0;0.0;2669.69;289.88;0.616;9.05;6.05;0;207009.63;202613.91;11914.82;409623.54;47031.88;62.1;50.35;1489;simulation_utilisateur + repartition_regionale;historique_synthetique;
OFF-2017-14;2017;Sofia;259738.15;165431.38;79064.8;0.0;14750.66;73.7;417.61;160.13;0.325;14.97;22.09;0;656788.12;477481.66;46455.67;1134269.78;156315.52;56.9;137.78;3637;simulation_utilisateur + repartition_regionale;historique_synthetique;a verifier
OFF-2007-10;2007;Atsinanana;164210.78;161475.6;0.0;0.0;0.0;0.0;2735.19;298.99;0.504;9.6;13.0;0;217885.81;198232.59;12376.01;416118.4;49367.78;55.8;65.69;1543;simulation_utilisateur + repartition_regionale;historique_synthetique;estimation
OFF-2016-12;2016;Alaotra-Mangoro;260 945;191801.91;294.92;0.0;0.0;46751.03;22097.12;10221.56;0.349;15.31;20.84;0;1744872.99;645338.62;64224.15;2390211.61;366740.94;61,50;125.72;3184;simulation_utilisateur + repartition_regionale;historique_synthetique;estimation
OFF-2010-05;2010;Haute Matsiatra;58566.81;38186.37;n/a;0.0;0.0;16743.15;2277.49;2308.32;0.524;11.12;15.94;0;179969.94;120686.25;8726.84;300656.19;39550.6;69.7;79.9;2252;simulation_utilisateur + repartition_regionale;historique_synthetique;
OFF-2021-20;2021;Menabe;296726.08;0.0;282522.39;0.0;13428.99;116.21;658.5;360.32;1.052;18.42;25.5;0;102059.5;102152.63;12231.53;204212.12;28400.57;47.6;182.43;4959;simulation_utilisateur + repartition_regionale;historique_synthetique;source secondaire
OFF-2020-18;2020;Androy;144876.92;0.0;2093.32;142108.38;2.1;0.0;673.12;229.45;1.769;16.94;24.58;0;62147.96;55856.31;6150.44;118004.27;16230.0;79,40;184.2;4609;simulation_utilisateur + repartition_regionale;historique_synthetique;
OFF-2029-14;2029;Sofia;220021.78;135656.18;68626.27;0.0;14211.91;229.11;1298.31;523.82;1.05;22.04;38.07;2;258373.02;310202.1;44431.11;568575.12;82940.65;60.3;335.06;10002;projection_scenario_tendanciel;projection_scenario;
OFF-2009-01;2009;Analamanga;64716.7;19606.41;ND;0.0;0.0;239.18;44454.67;3823.21;0.566;12.09;12.65;0;280114.59;1608339.51;126393.91;1888454.1;154063.63;18.7;69.95;1570;simulation_utilisateur + repartition_regionale;historique_synthetique;donnee agregee
OFF-2009-05;2009;Haute Matsiatra;58365.12;ND;ND;0.0;0.0;16309.86;2218.55;1414.63;0.618;10.93;ND;0;163184.96;125245.04;8898.32;288 430;36669.91;68.2;72.11;1873;simulation_utilisateur + repartition_regionale;historique_synthetique;estimation
OFF-2000-17;2000;Atsimo-Andrefana;694136.9;0.0;148805.59;540004.65;4047.35;0.0;1279.31;200.17;0.556;7;0;0;286514.85;283359.83;12892.87;569874.68;62144.83;56.8;40;938;simulation_utilisateur + repartition_regionale;historique_synthetique;a verifier
OFF-2001-01;2001;Analamanga;58850.08;20582.3;432.41;0.0;0.0;202.48;37632.9;3665.31;0.461;7;1.11;0;249826.12;1522899.46;69291.93;1772725.58;101788.08;20.6;40;926;simulation_utilisateur + repartition_regionale;historique_synthetique;source secondaire
OFF-2007-11;2007;Analanjirofo;365208.71;364967.79;77.55;0.0;0.0;24.51;138.86;86.26;0.542;9.2;8.84;0;410158.04;266802.68;15960.72;676960.72;86916.24;68.2;64.13;1603;simulation_utilisateur + repartition_regionale;historique_synthetique;a verifier
OFF-2022-06;2022;Amoron'i Mania;17721.29;16418.05;263.39;0.0;0.0;0.0;1039.85;415.7;-;17.81;29.09;0;24642.93;30078.1;3481.56;54721.03;7290.61;ND;212.75;5560;estimation_synthetique_calibree;historique_synthetique;
OFF-2024-17;2024;Atsimo-Andrefana;516425.59;0.0;121570.4;387506.93;3857.86;0.0;3490.39;887.98;1.273;19.23;32.19;1;149557.68;155276.7;19403.84;304834.38;42831.53;57.4;249.54;6756;estimation_synthetique_calibree;historique_synthetique;source secondaire
OFF-2011-07;2011;Vatovavy-Fitovinany;79986.13;79536.87;0.0;0.0;0.0;0.0;449.26;196.83;0.873;11.51;15.18;0;109170.39;88960.22;6658.15;198130.61;25110.36;75.7;-;2432;simulation_utilisateur + repartition_regionale;historique_synthetique;estimation
OFF-2029-22;2029;SAVA;256763.07;250272.02;4283.7;0.0;672.99;230.15;1304.2;513.43;1.175;21.99;37.26;2;209104.59;259074.17;37038.44;468178.75;68010.35;62.9;406.58;10582;projection_scenario_tendanciel;projection_scenario;donnee agregee
OFF-2006-22;2006;SAVA;351040.54;344688.61;5458.57;0.0;744.66;22.31;126.4;101.39;0.604;9.71;10.89;0;686888.66;489061.66;30857.94;1175950.33;148943.47;66.3;60.77;1482;simulation_utilisateur + repartition_regionale;historique_synthetique;donnee agregee
OFF-2028-05;2028;Haute Matsiatra;67141.85;28983.44;1107.96;0.0;0.0;32614.11;4436.34;7374.25;1.101;21.97;-18.2;1;197071.06;103111.79;14722.72;300182.86;47545.42;74.7;330.28;9070;projection_scenario_tendanciel;projection_scenario;donnee agregee
OFF-2013-13;2013;Boeny;157481.83;0.0;130130.31;0.0;26701.95;227.35;422.22;307.91;0.51;13.11;18.39;1;185642.56;128020.04;10909.89;313662.6;42361.77;29.9;93.73;2235;simulation_utilisateur + repartition_regionale;historique_synthetique;source secondaire
OFF-2018-14;2018;Sofia;261629.21;163721.33;81 134;0.0;16182.46;88.72;502.73;147.43;1.387;16.02;23.41;0;624525.43;438019.53;45605.4;1062544.96;149811.0;61.4;161.57;3909;simulation_utilisateur + repartition_regionale;historique_synthetique;
OFF-2020-01;2020;Analamanga;84676.05;17045.13;383.78;0.0;0.0;359.87;66887.26;10648.19;1.367;18.23;23.73;0;508 628;1776193.94;210526.52;2284821.52;264184.71;20.9;195.44;4291;simulation_utilisateur + repartition_regionale;historique_synthetique;
OFF-2002-18;2002;Androy;186838.09;0.0;2410.78;184360.88;2.1;0.0;64.33;86.36;0.375;7;6.45;0;128442.72;94789.1;4312.9;223231.82;;77.6;40;1044;simulation_utilisateur + repartition_regionale;historique_synthetique;
OFF-2028-14;2028;Sofia;-223368.61;137821.36;69693.27;0.0;14421.94;214.81;1217.23;455.77;0.935;22.3;38.83;2;256812.27;340744.08;49396.07;597556.35;86730.98;58.8;320.81;9639;projection_scenario_tendanciel;projection_scenario;estimation
OFF-2009-21;2009;DIANA;256957.57;170831.37;52594.98;0.0;18583.4;14947.82;0.0;2040.61;0.515;12.13;14,70;1;1068737.59;268061.94;21 135;1336799.54;209703.6;45.0;79.85;1889;simulation_utilisateur + repartition_regionale;historique_synthetique;
OFF-2007-08;2007;Ihorombe;64491.6;57693.06;6619.39;0.0;0.0;26.87;152.28;94.21;0,49;9.51;8.91;0;89452.9;60663.73;3750.3;150116.64;19176.77;68.0;55.29;1541;simulation_utilisateur + repartition_regionale;historique_synthetique;
OFF-2011-03;2011;Itasy;1028.37;14.86;15.49;0.0;0.0;0.0;998.02;262.94;0.773;13.26;17.47;0;162.74;34959.04;3014.24;35121.78;2500.97;54.3;84.61;2095;simulation_utilisateur + repartition_regionale;historique_synthetique;donnee agregee
OFF-2012-19;2012;Anosy;198145.55;85894.8;4920.93;106351.75;0.0;0.0;978.08;214.98;1.148;12.31;13.68;0;109586.21;91804.17;7344.31;201390.37;25747.85;46.7;93.68;2362;simulation_utilisateur + repartition_regionale;historique_synthetique;a verifier
OFF-2016-21;2016;DIANA;247023.24;160235.23;49652.65;0.0;17734.85;-;0.0;2949.12;0.382;15.18;36.82;12;1013432.13;253547.93;25014.44;1266980.06;202929.63;42.7;127.0;3455;simulation_utilisateur + repartition_regionale;historique_synthetique;source secondaire
OFF-2016-06;2016;Amoron'i Mania;19263.03;18384.47;278.43;0.0;ND;0.0;600.14;161.93;0.507;14.74;21.72;0;42308.54;37781.18;3618.81;80089.71;10582.96;63.7;114.05;3542;simulation_utilisateur + repartition_regionale;historique_synthetique;estimation
OFF-2017-01;2017;Analamanga;73738.69;18222.94;390.36;0.0;0.0;295.0;54830.4;6277.2;0.276;15.47;24.78;0;410852.13;1676406.96;168546.03;2087259.09;212161.13;21.1;140.64;3450;simulation_utilisateur + repartition_regionale;historique_synthetique;a verifier
OFF-2025-20;2025;Menabe;279444.41;0.0;265571.15;0.0;12742.7;169.58;960.98;491.0;1.029;19.16;35.49;1;89113.77;100686.18;12538.0;189799.95;26321.64;48.8;265.87;6954;projection_scenario_tendanciel;projection_scenario;a verifier
OFF-2007-13;2007;Boeny;159463.81;0.0;132598.15;0.0;26569.0;103.83;192.82;148.68;0.259;9.86;10.92;0;215465.26;139206.75;8922.98;354672.01;46100.59;30.7;57.32;1509;simulation_utilisateur + repartition_regionale;historique_synthetique;
OFF-2001-20;2001;Menabe;319272.05;0.0;305984.94;0.0;13243.71;6.51;36.9;102.35;0.29;7;4.95;0;204527.37;147680.9;6719.48;352208.28;42324.9;53.0;40.31;928;simulation_utilisateur + repartition_regionale;historique_synthetique;donnee agregee
OFF-2028-08;2028;Ihorombe;49889.04;43117.52;5327.28;0.0;0.0;216.64;1227.62;491.01;1.288;20.76;36.92;1;28892.55;36408.31;4912.0;65300.86;9228.5;71.2;313.13;9295;projection_scenario_tendanciel;projection_scenario;a verifier
OFF-2022-08;2022;Ihorombe;54553.51;47826.04;5863.49;0.0;0.0;129.6;734.38;378.85;1.456;18.93;26.02;0;36616.62;39252.55;4830.35;75869.18;10551.88;78.7;227.83;5 693;estimation_synthetique_calibree;historique_synthetique;donnee agregee
OFF-2010-08;2010;Ihorombe;-;56529.87;6514.91;0.0;0.0;38.76;219.63;148.98;-;11.04;11.25;0;70633.53;54550.95;3913.85;125184.48;15923.39;68.9;74.37;2081;simulation_utilisateur + repartition_regionale;historique_synthetique;
OFF-2021-14;2021;Sofia;249478.61;155122.6;77747.89;0.0;15829.04;116.86;662.22;416.04;1.41;18.57;28.62;0;398512.14;391243.84;47235.94;789755.98;110465.66;63.0;179.87;5060;simulation_utilisateur + repartition_regionale;historique_synthetique;
OFF-2027-03;2027;Itasy;2631.09;11.93;13.11;0.0;0.0;0.0;2606.05;791.11;1.005;20.25;34.7;1;242.17;69205.17;9109.91;69447.34;7513.72;48.7;284.55;7872;projection_scenario_tendanciel;projection_scenario;a verifier
OFF-2008-01;2008;Analamanga;64026.21;19737.85;418.59;0.0;0.0;234.77;43635.01;3714.79;0.564;10.84;13.37;0;268702.22;1547268.74;109025.98;1815970.96;137767.7;20.3;72.52;1596;simulation_utilisateur + repartition_regionale;historique_synthetique;estimation
OFF-2004-07;2004;Vatovavy-Fitovinany;83961.39;83724.35;0.0;0.0;0.0;0.0;237.05;106.94;0.306;8.74;8.98;0;142865.94;102045.51;5798.94;244911.45;243768.0;80.5;50.11;1419;simulation_utilisateur + repartition_regionale;historique_synthetique;source secondaire
OFF-2022-04;2022;Bongolava;4826.54;0,00;3221.8;0.0;0.0;0.0;1604.74;;0.926;17.68;31,21;1;2872.43;17035.79;1957.23;19908.22;2121.97;90.0;215.22;5500;estimation_synthetique_calibree;historique_synthetique;a verifier
OFF-2014-06;2014;Amoron'i Mania;19410.79;18574.2;284.83;0.0;0.0;0.0;551.75;166.93;0.96;13.46;16.53;0;42461.18;37059.73;3243.29;79520.91;10302.51;58.8;119.79;3064;simulation_utilisateur + repartition_regionale;historique_synthetique;a verifier
OFF-2002-07;2002;Vatovavy-Fitovinany;84842.82;84651.21;0.0;0.0;0.0;0.0;191.62;111.27;0.505;7.85;4.45;0;133244.22;106481.14;5434.44;239725.36;28440.2;81.4;40;1107;simulation_utilisateur + repartition_regionale;historique_synthetique;estimation
OFF-2002-02;2002;Vakinankaratra;15792.8;5522.12;0.0;0.0;0.0;4439.7;5830.98;1 168;0.556;7;-2.02;0;34495.35;226073.21;10286.33;260568.56;14643.95;68.9;40;1118;simulation_utilisateur + repartition_regionale;historique_synthetique;estimation
OFF-2026-06;2026;Amoron'i Mania;16965.3;15272.76;246.56;0.0;0.0;0.0;1445.98;ND;1.191;20.84;35.22;1;20952.53;27347.15;3703.61;48 300;6808.42;58.9;314.85;7494;projection_scenario_tendanciel;projection_scenario;donnee agregee
OFF-2019-15;2019;Betsiboka;28596.46;5438.74;20795.9;0.0;0.43;1217.51;1143.89;317.28;1.215;17.47;26.68;0;51799.54;46314.09;5258.21;98113.62;13635.65;65.0;163.39;4186;simulation_utilisateur + repartition_regionale;historique_synthetique;estimation
OFF-2012-02;2012;Vakinankaratra;18700.24;5123.22;0.0;0.0;0.0;5868.93;7708.09;n/a;1.017;13.75;15.52;0;38392.8;-;23650.24;303015.7;26303.9;64.8;95.87;2442;simulation_utilisateur + repartition_regionale;historique_synthetique;
OFF-2017-12;2017;Alaotra-Mangoro;;190624.19;293.47;0.0;0.0;47852.19;22617.59;7 937;0.433;16,24;24.13;0;1554388.17;646931.43;68274.44;2201319.61;335774.92;65.9;132.88;3428;simulation_utilisateur + repartition_regionale;historique_synthetique;donnee agregee
OFF-2029-16;2029;Melaky;186745.57;0.0;170872.79;0.0;14370.62;225.32;1276.84;523.57;0.783;21.45;36.75;1;66527.4;80384.03;11210.03;146911.42;21167.16;68.1;411.92;9419;projection_scenario_tendanciel;projection_scenario;estimation
OFF-2029-02;2029;Vakinankaratra;ND;3910.95;0.0;0.0;0.0;12053.45;15830.67;6795.8;0.998;21.9;40.71;2;68648.84;339939.33;48394.74;408588.17;52040.48;68.9;344.34;9725;projection_scenario_tendanciel;projection_scenario;
OFF-2023-01;2023;Analamanga;94379.36;16077.96;365.06;0.0;0.0;417.08;77519.26;19982.12;1.467;18.2;27.97;0;708906.53;1824749.4;215879.46;2533655.93;304624.33;19.2;240.13;5708;estimation_synthetique_calibree;historique_synthetique;
OFF-2022-01;2022;Analamanga;90758.95;16379.6;371.19;0.0;0.0;396.05;73612.1;16929.65;1.355;18.76;29,33;;591015.88;1849812.84;225618.85;2440828.72;291390.31;19.1;193.37;5214;estimation_synthetique_calibree;historique_synthetique;
OFF-2018-20;2018;Menabe;307418.81;0.0;293123.6;0.0;13703.73;88.72;502.76;141.47;0.907;15.81;21.44;0;158809.06;115704.4;11887.99;274513.45;38333.78;46.3;133.93;3534;simulation_utilisateur + repartition_regionale;historique_synthetique;source secondaire
OFF-2025-19;2025;Anosy;157863.95;68891.42;4191.78;82635.31;0.0;0.0;2145.43;690.53;1.311;-;30.51;1;50599.78;64589.92;8497.13;115189.7;16075.61;49.6;285.03;7162;projection_scenario_tendanciel;projection_scenario;
OFF-2006-03;2006;Itasy;794.32;15.33;15.76;0.0;0.0;0.0;763.23;126.67;0.488;10.45;8.91;0;140.14;27287.9;1854.28;27428.04;ND;53.4;55.64;1459;simulation_utilisateur + repartition_regionale;historique_synthetique;donnee agregee
OFF-2012-07;2012;Vatovavy-Fitovinany;79026.37;78536.27;0.0;0.0;0.0;0.0;490.1;179.45;1.089;13.33;18.6;0;103268.43;84201.79;7294.12;187470.22;24569.49;84.4;89.46;2623;simulation_utilisateur + repartition_regionale;historique_synthetique;
OFF-2022-10;2022;Atsinanana;138020.57;132922.86;0.0;0.0;0.0;0.0;5097.71;1470.22;1.428;17.68;30.72;1;144277.68;138971.19;15973.2;283248.87;39 068;61.9;231.07;5918;estimation_synthetique_calibree;historique_synthetique;donnee agregee
OFF-2005-20;2005;Menabe;315203.85;0.0;301940.39;0.0;13137.05;18.96;107.45;92.09;0.274;8.49;4.86;0;194008.64;145216.31;8017.64;339224.95;41496.02;47.6;45.99;1300;Etude_JariAla_2005 + simulation_utilisateur;historique_synthetique;a verifier
OFF-2007-07;2007;Vatovavy-Fitovinany;82467.75;82157.96;0.0;0.0;0.0;0.0;309.79;110.56;0.547;9.47;8.56;0;129011.72;92414.14;5687.39;221425.85;27885.77;83.1;56.0;1663;source locale;historique_synthetique;
OFF-2010-20;2010;Menabe;309033.76;0.0;295789.31;0.0;12991.11;38.0;215.34;160.6;0.427;11.03;16.01;0;167125.49;133209.69;9552.32;300335.18;37915.49;53.2;85.16;2017;simulation_utilisateur + repartition_regionale;historique_synthetique;
OFF-2006-21;2006;DIANA;259654.97;173956.41;53340.79;0.0;18708.49;13649.28;0.0;1928.06;0.584;9.09;6.4;0;1078640.02;265115.79;15661.38;1343755.81;206997.54;43.5;53.4;1522;simulation_utilisateur + repartition_regionale;historique_synthetique;a verifier
OFF-2012-20;2012;Menabe;308753.58;0.0;295235.91;0.0;13182.87;50.22;284.57;155.46;0.577;12.88;13.56;0;163210.16;125809.27;10532.44;289019.43;38014.43;51.6;89.41;2360;simulation_utilisateur + repartition_regionale;historique_synthetique;donnee agregee
OFF-2017-13;2017;Boeny;150368.95;0.0;124358.12;0.0;25167.72;295.09;548.03;256.89;0.354;14.77;41.06;6;181010.53;121647.31;11678.39;302657.85;42158.17;33.5;124.68;3438;simulation_utilisateur + repartition_regionale;historique_synthetique;
OFF-2011-09;2011;Atsimo-Atsinanana;123343.36;123045.69;0.0;0.0;0.0;44.65;253.02;182.0;1.14;12.97;13.38;0;123828.28;101110.14;8524.69;224938.42;29279.34;64.6;82.82;2408;simulation_utilisateur + repartition_regionale;historique_synthetique;estimation
OFF-2003-08;2003;Ihorombe;65915.87;59084.39;6742.87;0.0;0.0;13.29;75.32;98.06;0.301;;5.98;0;93227.49;62870.07;2970.76;156097.57;19216.97;70.5;48.02;1195;simulation_utilisateur + repartition_regionale;historique_synthetique;
OFF-2001-09;2001;Atsimo-Atsinanana;131722.59;131678.93;0.0;0.0;0.0;6.55;37.11;n/a;0.567;7.2;0;0;159969.31;121076.99;5666.78;281046.3;33 441;65.8;40;1014;simulation_utilisateur + repartition_regionale;historique_synthetique;donnee agregee
OFF-2001-21;2001;DIANA;263410.8;178526.47;54433.03;0.0;18902.18;11549.12;0.0;2073.02;ND;7;4.71;0;1147085.11;295138.37;13428.8;1442223.49;217486.93;43.9;40;961;simulation_utilisateur + repartition_regionale;historique_synthetique;a verifier
OFF-2002-03;2002;Itasy;678.54;15.65;16.02;0.0;0.0;0.0;646.87;128.56;0.436;7;5.18;0;119.82;25431.36;1157.13;25551.19;970.41;50.3;42.56;1068;simulation_utilisateur + repartition_regionale;historique_synthetique;a verifier
OFF-2026-05;2026;Haute Matsiatra;65765.75;29925.82;1142.1;0.0;0.0;30543.19;4154.64;8450.72;1.314;19.75;33.77;1;236517.96;100470.34;12900.86;336988.3;53151.94;73.0;285.13;7285;projection_scenario_tendanciel;projection_scenario;estimation
OFF-2026-08;2026;Ihorombe;51256.82;44514.4;5490.98;0.0;0.0;187.72;1063.72;531.68;1.216;20.49;32.77;1;31940.29;36098.14;4807.72;68038.43;9691.58;69.5;308.65;7999;projection_scenario_tendanciel;projection_scenario;
OFF-2020-13;2020;Boeny;156856.14;0.0;128093.16;0.0;27592.48;409.67;760.82;429.84;0.843;20.18;41.58;9;140298.97;119455.66;15665.32;259754.64;38099.38;30.9;179.56;4289;GIZ_PAGE2_2024 + estimation_synthetique;historique_synthetique;donnee agregee
OFF-2023-09;2023;Atsimo-Atsinanana;103653.52;102695.3;0.0;0.0;0.0;143.73;814.49;450.99;1,28;18.19;28.67;0;68659.35;68507.96;8100.07;137167.31;19000.74;68.8;243.56;6037;estimation_synthetique_calibree;historique_synthetique;a verifier
OFF-2011-10;2011;Atsinanana;159507.83;156324.03;0.0;0.0;0.0;n/a;3183.8;586.65;0.975;12.85;14.02;0;193856.66;183827.12;15355.84;377683.78;47485.99;59.0;85.68;2103;simulation_utilisateur + repartition_regionale;historique_synthetique;
OFF-2009-06;2009;Amoron'i Mania;20302.67;19660.07;295.58;0.0;0.0;0.0;347.02;101.44;0.624;11.78;13.23;0;54983.01;42567.56;3260.78;97550.57;12570.78;57.1;69.97;1906;simulation_utilisateur + repartition_regionale;historique_synthetique;a verifier
OFF-2023-04;2023;Bongolava;4905.58;0.0;3172.99;0.0;0.0;0.0;1732.59;611.95;0.917;18.47;28.61;0;3009.32;17989.16;2159.92;20998.48;2312.81;89.3;232.59;6016;estimation_synthetique_calibree;historique_synthetique;a verifier
OFF-2017-20;2017;Menabe;293289.55;0.0;280404.31;0.0;12392.6;73.9;418.74;154.39;0.312;15.62;25.05;0;162665.1;120711.44;12254.03;283376.53;39 328;50.1;149.97;3624;simulation_utilisateur + repartition_regionale;historique_synthetique;estimation
OFF-2012-17;2012;Atsimo-Andrefana;631811.1;0.0;139722.04;486141.19;3995.74;0.0;1952.13;314.49;1.045;13.38;15.4;0;267737.25;231312.22;20113.45;499049.47;64685.73;57.8;98.68;2378;simulation_utilisateur + repartition_regionale;historique_synthetique;donnee agregee
OFF-2021-02;2021;Vakinankaratra;23745.05;4493.97;0.0;0.0;0.0;8321.65;10929.42;4681.2;1.387;17.27;27.73;0;53436.35;268306.94;30111.35;321743.3;34309.85;67.6;169.16;5058;simulation_utilisateur + repartition_regionale;historique_synthetique;
OFF-2019-12;2019;Alaotra-Mangoro;265614.17;181716.72;292.86;0.0;0.0;56771.32;26833.26;8817.25;1.426;16.53;24.64;0;1654933.95;612205.9;65794.26;2267139.85;351839.4;65.8;148.35;4510;simulation_utilisateur + repartition_regionale;historique_synthetique;
OFF-2024-06;2024;Amoron'i Mania;17307.97;15815.71;254.65;0.0;0.0;0.0;1237.61;496.85;1.494;19.22;30.22;1;22533.23;28377.21;3545.13;50910.44;6962.99;63.5;219.6;6236;estimation_synthetique_calibree;historique_synthetique;donnee agregee
OFF-2016-10;2016;Atsinanana;152516.22;148970.48;0.0;0.0;0.0;0.0;3545.74;540.15;0.316;14.35;21.35;0;178645.26;183387.58;17104.63;362032.84;46181.94;62.4;116.76;3207;simulation_utilisateur + repartition_regionale;historique_synthetique;
OFF-2017-09;2017;Atsimo-Atsinanana;117025.56;116537.35;0.0;-;0.0;73.23;414.98;135.99;0.283;14.64;23.2;0;124289.71;93810.03;8925.36;218099.73;29690.94;65.3;142.2;3420;simulation_utilisateur + repartition_regionale;historique_synthetique;estimation
OFF-2023-19;2023;Anosy;163875.18;71603.0;4342.13;86039.58;0.0;0.0;1890.48;646.94;1.525;18.91;27.81;0;62146.11;62887.08;7730.91;125033.18;17525.65;49.8;220.04;6243;estimation_synthetique_calibree;historique_synthetique;a verifier
OFF-2006-13;2006;Boeny;159978.61;0.0;133091.28;0.0;26624.4;92.02;170.9;160.78;0.272;9.87;7.45;0;220073.71;142094.54;9118.9;362168.25;47090.77;30.3;55.53;1428;simulation_utilisateur + repartition_regionale;historique_synthetique;estimation
OFF-2018-19;2018;Anosy;181493.33;79248.39;4718.51;96149.25;0.0;0.0;1377.18;206.76;1.671;15.15;23.68;0;94032.43;78116.95;7693.28;172149.38;23234.32;50.0;139.16;3841;simulation_utilisateur + repartition_regionale;historique_synthetique;
OFF-2018-22;2018;SAVA;311634.36;305180.34;5102.56;0.0;768.13;87.5;495.82;146.26;1.489;15.5;22.92;0;518745.0;354543.34;35723.86;873288.34;122667.67;65.9;152.01;3896;simulation_utilisateur + repartition_regionale;historique_synthetique;estimation
OFF-2004-09;2004;Atsimo-Atsinanana;129629.12;129523.84;0.0;0.0;0.0;15.79;89.49;92.61;0.359;8.64;3.73;0;167982.81;110115.63;6185.81;278098.44;35309.27;60.7;44.01;1338;simulation_utilisateur + repartition_regionale;historique_synthetique;a verifier
OFF-2011-08;2011;Ihorombe;62742.1;55934.43;6507.19;0.0;0.0;45.07;255.41;153.77;1.055;12.34;27.47;0;67316.38;55199.33;4427.75;122515.71;15747.7;68.1;76.23;2288;simulation_utilisateur + repartition_regionale;historique_synthetique;
OFF-2010-15;2010;Betsiboka;28838.92;5846.97;21449.96;0.0;0.41;794.82;746.76;344.62;0.332;12.19;15.58;0;49583.03;51869.09;4108.73;101452.11;12294.11;69.9;72.16;2161;simulation_utilisateur + repartition_regionale;historique_synthetique;a verifier
OFF-2028-12;2028;Alaotra-Mangoro;284605.44;154181.02;253.2;0.0;0.0;88392.19;41779.03;33844.42;1.267;21.85;36.53;1;2425824.97;550573.47;78198.88;2976398.44;500771.58;ND;299.92;9655;projection_scenario_tendanciel;projection_scenario;source secondaire
OFF-2023-21;2023;DIANA;239945.08;144002.92;47037.3;0.0;18504.01;30400.85;0.0;7610.0;1.325;22.84;50.62;22;1116070.59;200424.26;29753.44;1316494.85;225290.53;46.8;250.46;5728;GIZ_PAGE2_2024 + estimation_synthetique;historique_synthetique;a verifier
OFF-2019-11;2019;Analanjirofo;319658.26;318980.47;71.78;0.0;0.0;90.9;515.11;155.07;1.597;16.93;24.31;0;299111.56;204302.22;22476.47;503413.78;72270.79;68.5;167.7;4564;simulation_utilisateur + repartition_regionale;historique_synthetique;donnee agregee
OFF-2029-20;2029;Menabe;264169.98;0.0;250571.25;0.0;12075.47;228.49;1294.77;507.02;0.784;22.33;37.62;2;71869.03;83020.85;12047.52;154889.88;22815.39;50.5;409.38;8953;projection_scenario_tendanciel;projection_scenario;donnee agregee
OFF-2010-17;2010;Atsimo-Andrefana;649950.19;0.0;141589.78;502643.76;3953.52;0.0;1763.13;360.08;0.659;12.4;13.92;0;283168.99;225129.9;18146.41;508298.89;65850.47;55.1;76.6;2078;simulation_utilisateur + repartition_regionale;historique_synthetique;a verifier
OFF-2010-14;2010;Sofia;275503.37;176136.99;83666.01;0.0;-;37.13;210.39;164.44;0.347;11.63;11.49;0;681594.74;520193.47;39327.06;1201788.21;154935.24;61.8;72.33;2176;simulation_utilisateur + repartition_regionale;historique_synthetique;
OFF-2003-12;2003;Alaotra-Mangoro;262485.91;213031.49;322.41;0.0;0.0;33362.87;15769.14;5650.32;0.538;8.33;3.41;0;1418110.89;719197.22;38958.91;2137308.11;287206.26;64.6;47.38;1220;simulation_utilisateur + repartition_regionale;historique_synthetique;estimation
OFF-2025-22;2025;SAVA;273229.67;266817.51;4551.82;0.0;710.77;172.44;977.13;511.66;1.195;20.29;33.69;1;253956.0;283978.43;37447.28;537934.43;76418.85;70.3;247.61;7061;projection_scenario_tendanciel;projection_scenario;donnee agregee
OFF-2021-18;2021;Androy;141230.09;0.0;2054.38;138421.04;2.08;0.0;752.6;341.3;1.809;17.58;29.02;0;50914.45;56383.44;6442.75;107297.89;14447.65;84.6;186.95;5564;simulation_utilisateur + repartition_regionale;historique_synthetique;
OFF-2004-19;2004;Anosy;213282.28;92082.58;5155.66;115399.31;0.0;0.0;644.73;132.71;0.352;8.48;6.23;0;146109.97;114047.9;6286.74;260157.87;31454.92;48.4;44.34;1138;simulation_utilisateur + repartition_regionale;historique_synthetique;donnee agregee
OFF-2008-17;2008;Atsimo-Andrefana;659767.98;0.0;143 223;510933.4;3975.86;0.0;1635.76;189.19;0,45;10.32;13.23;0;320718.67;236969.61;15892.77;557688.27;70761.43;54.4;59.48;1784;simulation_utilisateur + repartition_regionale;historique_synthetique;
OFF-2025-12;2025;Alaotra-Mangoro;274602.97;161768.36;264.9;0.0;0.0;76439.96;36129.75;28592.87;1.196;19.75;32.89;1;2137028.87;570908.34;73306.81;2707937.21;444776.78;60.9;271.51;6666;projection_scenario_tendanciel;projection_scenario;source secondaire
OFF-2012-05;2012;Haute Matsiatra;59188.08;37287.72;1344.43;0.0;0.0;18094.61;2461.32;2412.74;0.942;12.46;16.51;0;185437.89;120467.5;9760.09;305905.39;41382.09;74.3;89.01;2323;simulation_utilisateur + repartition_regionale;historique_synthetique;a verifier
OFF-2025-04;2025;Bongolava;5046.71;0.0;3072.0;0.0;0.0;0.0;1974.71;598.2;1.029;19.14;34.29;1;2637.57;18699.61;2326.54;21337.18;2382.53;77.8;284.51;7394;projection_scenario_tendanciel;projection_scenario;donnee agregee
OFF-2010-01;2010;Analamanga;66112.35;19462.0;414.0;0.0;0.0;247.43;45988.92;7127.1;0.55;12.43;11.83;0;380757.32;1624249.14;131222.81;2005006.46;176139.02;18.8;77.92;1808;simulation_utilisateur + repartition_regionale;historique_synthetique;a verifier
OFF-2030-20;2030;Menabe;260179.63;0.0;246679.08;0.0;11891.47;241.36;1367.72;500.1;0.857;22.37;41.98;2;63382.92;79099.82;11500.01;142482.74;20838.94;49.9;398.86;10747;projection_scenario_tendanciel;projection_scenario;
OFF-2005-22;2005;SAVA;353345.59;346986.93;5486.62;0.0;746.41;18.84;106.78;88.64;0.385;8.52;7.41;0;677763.85;495593.44;27452.8;1173357.29;144508.79;67.8;47.69;1447;Etude_JariAla_2005 + simulation_utilisateur;historique_synthetique;a verifier
OFF-2030-13;2030;Boeny;137641.51;0.0;110585.12;0.0;24251.03;981.87;1823.48;999.74;0.846;25.34;58.7;16;90817.61;86630.63;14270.01;177448.24;28048.58;29.3;380.67;9040;projection_scenario_tendanciel;projection_scenario;source secondaire
OFF-2025-21;2025;DIANA;236580.65;138851.02;45480.7;0.0;17982.87;34266.05;0.0;10577.1;1.163;24.17;52.04;23;1330135.5;192329.54;30220.55;1522465.04;264205.24;48.1;245.4;6814;projection_scenario_tendanciel;projection_scenario;
OFF-2015-12;2015;Alaotra-Mangoro;260046.3;193019.32;296.43;0.0;0.0;45313.08;21417.46;9461.8;0.492;14.63;19.1;0;1680787.11;627601.99;59677.23;2308389.1;351477.01;67.3;121.51;3131;simulation_utilisateur + repartition_regionale;historique_synthetique;donnee agregee
OFF-2003-15;2003;Betsiboka;29373.57;6069.26;22089.67;0.0;0.42;626.03;588.18;172.36;0.415;8.08;7.99;0;56962.44;54884.99;2883.7;111847.43;12617.88;69.1;45.99;1198;;historique_synthetique;a verifier
OFF-2008-22;2008;sava;346456.99;340125.8;5402.71;0.0;741.13;28.1;159.25;85.84;0.657;10.64;11.68;0;700426.57;473249.81;32735.82;1173676.37;152920.15;65.3;70.98;1894;simulation_utilisateur + repartition_regionale;historique_synthetique;
OFF-2030-06;2030;Amoron'i Mania;16415.56;14324.36;231.79;0.0;0.0;0.0;1859.41;591.6;1.237;22.98;40.49;2;19439.13;23598.43;3524.96;43037.56;6389.51;64.0;355.58;10490;projection_scenario_tendanciel;projection_scenario;estimation
OFF-2018-09;2018;Atsimo-Atsinanana;113738.2;113154.41;0.0;0.0;0.0;87.57;496.22;130.63;1.475;16.72;26.08;0;110014.47;81023.51;8806.69;191037.97;27024.09;62.4;139.91;3854;simulation_utilisateur + repartition_regionale;historique_synthetique;a verifier
OFF-2022-09;2022;Atsimo-Atsinanana;105486.49;104626.17;0.0;0.0;0.0;129.05;731.27;460.88;1.421;17.42;27.06;0;73015.65;70258.37;7953.85;143274.02;19664.97;60.2;229.93;5578;estimation_synthetique_calibree;historique_synthetique;source secondaire
OFF-2018-06;2018;Amoron'i Mania;18792.1;17752.34;280.53;0.0;0.0;0.0;759.23;159.93;1.333;16.24;24.84;0;42133.9;35713.86;3770.71;77847.76;10676.08;65.5;157.85;4240;simulation_utilisateur + repartition_regionale;historique_synthetique;estimation
OFF-2017-07;2017;Vatovavy-Fitovinany;75984.38;75329.87;0.0;0.0;0.0;0.0;654.51;164.04;0.42;16.45;23.31;0;103276.1;80277.38;8581.22;183553.47;25626.3;83.4;131.56;3806;simulation_utilisateur + repartition_regionale;historique_synthetique;a verifier
OFF-2028-03;2028;Itasy;2763.33;11.75;12.91;0.0;0.0;0.0;2738.67;746.49;0.885;20.81;34.39;1;225.52;74365.02;10057.03;74590.54;8287.36;47.6;359.07;8758;projection_scenario_tendanciel;projection_scenario;
OFF-2021-22;2021;SAVA;293900.68;287515.88;4869.54;0.0;750.38;114.73;650.15;406.68;1.489;18.36;27.72;0;313075.17;340528.19;40631.78;653603.36;89671.59;-70.1;204.23;4787;simulation_utilisateur + repartition_regionale;historique_synthetique;estimation
OFF-2012-11;2012;Analanjirofo;349275.51;348880.56;75.41;0.0;0.0;47.93;271.61;151.24;0.949;12.02;19.26;0;309370.05;242685.76;18962.31;552055.81;71235.7;70.1;85.23;2318;simulation_utilisateur + repartition_regionale;historique_synthetique;
OFF-2014-01;2014;Analamanga;72619.13;18525.69;401.33;0.0;0.0;287.33;53404.77;7364.54;1.039;14.9;21.18;0;406285.68;1699211.38;164601.48;2105497.06;208104.64;21.3;115.27;2652;simulation_utilisateur + repartition_regionale;historique_synthetique;
OFF-2011-19;2011;Anosy;200920.2;87054.72;4971.98;107963.54;0.0;0.0;929.97;224.94;1.107;12.16;14.33;0;110879.52;98680.17;7802.28;209559.69;26356.19;51.0;81.77;2164;simulation_utilisateur + repartition_regionale;historique_synthetique;
OFF-2025-03;2025;Itasy;2310.91;12.31;13.5;0.0;0.0;0.0;2285.11;;1.12;19.67;33.73;1;223.33;62536.39;7995.88;62759.72;6596.82;54.3;293.94;6941;projection_scenario_tendanciel;projection_scenario;
OFF-2012-04;2012;Bongolava;4285.97;0.0;3425.73;0.0;0.0;0.0;860.24;227.41;0,79;12.25;14.5;0;3867.04;18965.03;1510.41;22832.08;1934.6;80.7;90.42;2683;simulation_utilisateur + repartition_regionale;historique_synthetique;source secondaire
OFF-2016-15;2016;Betsiboka;27822.95;5532.87;20390.37;0.0;0.39;979.26;920.05;287.89;0.467;16.04;23.64;0;45635.04;47583.89;4960.02;93218.93;12281.53;65.6;114.43;3344;simulation_utilisateur + repartition_regionale;historique_synthetique;donnee agregee
OFF-2006-07;2006;Vatovavy-Fitovinany;82994.25;82709.45;0.0;0.0;0.0;0.0;284.81;109.17;0.469;9.36;9.44;0;130009.1;96140.24;5846.18;226149.35;28195.5;78.4;51.58;1438;simulation_utilisateur + repartition_regionale;historique_synthetique;estimation
OFF-2022-05;2022;Haute Matsiatra;62721.68;32166.0;1219.97;0.0;0.0;25823.12;3512.59;6845.43;1.572;17.96;28.02;0;238458.94;103815.29;12116.13;342274.23;52857.84;67.9;228.82;5781;estimation_synthetique_calibree;historique_synthetique;
OFF-2025-08;2025;Ihorombe;51940.83;45226.29;5572.28;0.0;0.0;171.34;970.93;503.48;1.207;20.07;30.39;1;34423.6;38029.06;4960.99;72452.66;10264.26;71.1;286.04;6919;projection_scenario_tendanciel;projection_scenario;estimation
OFF-2013-15;2013;Betsiboka;28694.16;5703.66;21179.43;0.0;0.42;933.55;877.1;366.9;0.765;12.57;17.3;0;49118.91;49024.96;4006.74;98143.87;12126.93;66.5;99.29;2581;simulation_utilisateur + repartition_regionale;historique_synthetique;
OFF-2000-08;2000;Ihorombe;66894.32;60043.35;6827.93;0.0;0.0;3.46;19.58;100.0;0.343;7;0,55;0;80174.65;64 089;2916.05;144263.65;16822.6;69.8;40;970;simulation_utilisateur + repartition_regionale;historique_synthetique;source secondaire
OFF-2027-05;2027;Haute Matsiatra;66451.56;29451.26;1125.05;0.0;;31579.62;4295.62;7078.0;1.249;21.81;35.02;;203945.34;104081.75;14756.45;308027.1;48810.45;66.9;337.65;8297;projection_scenario_tendanciel;projection_scenario;
OFF-2026-14;2026;Sofia;230070.12;142202.29;71803.74;0.0;14818.76;186.8;1058.53;559.81;1.022;20.1;33.89;1;n/a;332085.33;43381.42;644664.83;91837.07;63.6;278.69;7345;projection_scenario_tendanciel;projection_scenario;source secondaire
OFF-2004-15;2004;Betsiboka;29313.6;6041.71;22010.53;0.0;0.42;650.13;610.82;209.11;0.465;n/a;6.51;0;62228.88;57797.45;2832.81;120026.33;13524.1;69.7;42.51;1199;simulation_utilisateur + repartition_regionale;historique_synthetique;donnee agregee
OFF-2027-01;2027;Analamanga;107509.38;14995.74;342.29;0.0;0.0;493.25;91678.1;21566.1;;20.58;33.87;1;718273.87;1994948.68;266868.62;2713222.54;348121.56;19.7;343.12;7431;projection_scenario_tendanciel;projection_scenario;
OFF-2003-20;2003;Menabe;317237.81;0.0;303961.05;0.0;13190.49;12.94;73.33;94.88;0.385;7.03;6.34;0;202771.74;142856.54;6524.03;345628.28;41848.62;48.4;45,50;1105;simulation_utilisateur + repartition_regionale;historique_synthetique;a verifier
OFF-2000-18;2000;Androy;189356.86;0.0;2433.62;186899.07;2.11;0.0;22.05;82.99;0.564;7;0.87;0;113136.88;90895.62;4135.75;204032.5;23755.95;79.9;40;987;simulation_utilisateur + repartition_regionale;historique_synthetique;estimation
OFF-2024-13;2024;Boeny;149078.07;0.0;120921.37;0.0;26359.93;628.87;1167.9;817.44;0.954;22.13;47.93;14;118508.08;104698.12;15062.77;ND;33682.93;29.3;217.23;6009;GIZ_PAGE2_2024 + estimation_synthetique;historique_synthetique;
OFF-2029-08;2029;Ihorombe;49227.5;42433.19;5245.08;0.0;0.0;232.39;1316.85;568.04;0.985;21.98;39.32;2;28336.78;34334.78;4905.42;62671.56;9123.07;70.6;402.82;9523;projection_scenario_tendanciel;projection_scenario;
OFF-2011-04;2011;Bongolava;4261.12;0.0;3452.13;0.0;0.0;0.0;808.99;219.93;0.585;11.44;14.71;0;3830.52;17 837;1326.81;21 668;1777.48;81.0;92.91;2227;simulation_utilisateur + repartition_regionale;historique_synthetique;
OFF-2001-06;2001;Amoron'i Mania;21109.62;20639.98;306.93;0.0;0.0;0.0;162.71;100.22;0.429;7;3.97;0;58372.65;46281.27;2105.8;104653.92;12233.83;60.9;40;1060;simulation_utilisateur + repartition_regionale;historique_synthetique;donnee agregee
OFF-2030-14;2030;Sofia;216684.32;133510.01;67553.47;0.0;13994.88;243.89;1382.07;558.83;0.985;23.24;36.85;1;257696.0;299704.68;45268.77;557400.68;83505.67;54.8;424.1;10323;projection_scenario_tendanciel;projection_scenario;
OFF-2016-17;2016;Atsimo-Andrefana;611469.07;0.0;134051.76;471494.95;3784.71;0.0;2137.65;361.77;0.364;14.55;22.41;0;262152.54;219467.74;20757.57;481620.28;64208.67;60.3;115.76;3124;simulation_utilisateur + repartition_regionale;historique_synthetique;
OFF-2020-15;2020;Betsiboka;28352.29;5349.52;20524.17;0.0;0.43;1277.72;1200.46;515.44;1.25;16.58;28.67;0;38318.09;46291.55;4987.55;84609.64;10987.04;71.2;190.52;4766;simulation_utilisateur + repartition_regionale;historique_synthetique;source secondaire
OFF-2000-21;2000;DIANA;264081.34;179413.65;54644.58;0.0;18940.03;11083.08;0.0;1852.17;0.366;7;0.48;0;902977.94;282675.73;12861.75;1185653.67;173082.66;47.5;40;930;simulation_utilisateur + repartition_regionale;historique_synthetique;estimation
OFF-2015-08;2015;Ihorombe;60248.62;53613.51;6206.35;0.0;0.0;64.31;364.45;169.73;0.519;15.36;18.11;0;70914.78;54878.12;5477.81;125792.9;17256.46;73.9;106.74;3097;simulation_utilisateur + repartition_regionale;historique_synthetique;
OFF-2020-04;2020;Bongolava;4687.64;0.0;3315.68;0.0;0.0;0.0;1371.96;383.23;0.949;17.21;25.85;0;3489.99;18391.17;2056.92;21881.16;2314.87;86.9;190.6;4895;simulation_utilisateur + repartition_regionale;historique_synthetique;estimation
OFF-2013-05;2013;Haute Matsiatra;59313.71;36820.79;1331.4;0,00;0.0;18627.69;2533.83;2795.26;1.058;13.82;16.44;0;208038.35;114595.88;10293.06;322634.23;45887.22;69.8;91.24;2526;simulation_utilisateur + repartition_regionale;historique_synthetique;a verifier
OFF-2024-22;2024;SAVA;278320.81;271922.49;4632.23;0.0;721.41;156.7;887.97;452.98;1.408;19.12;29.13;0;270320.3;302214.89;37565.84;572535.19;79461.65;65.5;265.82;55480.0;estimation_synthetique_calibree;historique_synthetique;
OFF-2030-12;2030;Alaotra-Mangoro;290759.73;149312.06;245.37;0.0;0.0;95882.8;45319.5;36001.1;0.995;21.99;40.18;2;2408591.66;545845.27;78031.41;2954436.93;497532.26;70.6;379.37;11201;projection_scenario_tendanciel;projection_scenario;source secondaire
OFF-2027-15;2027;Betsiboka;26867.74;4756.08;18445.86;0.0;0.39;1889.84;1775.57;919.88;1.029;21.76;36.52;1;26987.23;37202.12;5262.8;64189.35;9173.19;66.6;313.12;8757;projection_scenario_tendanciel;projection_scenario;a verifier
OFF-2006-14;2006;Sofia;281599.46;180545.49;85302.55;0.0;15602.35;22.36;126.72;82.53;0.392;-4.76;7.51;0;ND;564367.39;34913.76;1397721.27;178632.98;61.2;54.48;1380;simulation_utilisateur + repartition_regionale;historique_synthetique;
OFF-2020-02;2020;Vakinankaratra;22803.93;4591.67;0.0;0.0;0.0;7872.6;10339.65;2961.45;1.398;16.79;28.63;;45603.91;288269.3;31468.6;333873.2;34012.95;;157.08;4397;simulation_utilisateur + repartition_regionale;historique_synthetique;
OFF-2005-15;2005;Betsiboka;29250.16;6014.24;21931.48;0.0;0.42;672.34;631.69;193.63;0.305;8.88;10.65;0;59976.79;55918.08;3225.9;115894.87;13441.06;62.9;49.52;1318;Etude_JariAla_2005 + simulation_utilisateur;historique_synthetique;estimation
OFF-2017-06;2017;Amoron'i Mania;19186.04;18271.88;277.06;0.0;0.0;0.0;637.1;173.51;0.571;15.91;20.02;0;48038.08;36848.17;3811.03;84886.24;11771.9;59.9;146.37;3391;simulation_utilisateur + repartition_regionale;historique_synthetique;
OFF-2015-06;2015;Amoron'i Mania;19346.39;18500.86;279.85;0.0;0.0;0.0;565.68;195.58;0.526;13,66;17.69;0;43659.18;37328.55;3313.41;80987.74;10575.65;61.9;126.47;3106;simulation_utilisateur + repartition_regionale;historique_synthetique;a verifier
OFF-2010-16;2010;Melaky;216843.06;0.0;201151.52;0.0;15445.33;36.93;209.28;145.55;0.326;12.34;13.96;0;154795.61;125936.79;10101.26;280732.4;36146.24;64.2;82.38;2070;simulation_utilisateur + repartition_regionale;historique_synthetique;source secondaire
OFF-2005-05;2005;Haute Matsiatra;58252.35;39504.91;1396.14;0.0;0.0;15273.69;16620.88;1307.0;0.408;8.51;5.68;0;152434.75;124946.65;6908.83;277381.4;33103.5;73.6;53.7;1385;Etude_JariAla_2005 + simulation_utilisateur;historique_synthetique;source secondaire
OFF-2010-19;2010;Anosy;204237.03;88291.89;4990.61;110097.66;0.0;0.0;856.87;246.64;0.693;12.49;12.94;0;116246.99;102822.25;8348.85;219069.24;27770.51;50.5;76.2;2133;simulation_utilisateur + repartition_regionale;historique_synthetique;
OFF-2029-17;2029;Atsimo-Andrefana;475855.85;0.0;112346.39;355391.7;3598.12;0.0;4519.64;1313.13;1.242;22.62;40.22;2;142344.31;124139.54;18250.67;266483.86;40587.52;55.8;352.51;9045;projection_scenario_tendanciel;projection_scenario;donnee agregee
OFF-2026-21;2026;DIANA;235409.49;136719.28;44830.06;0.0;17760.19;36099.96;0.0;9684.27;1.039;24.12;49.25;23;1197246.81;193290.04;30304.1;1390536.85;240353.79;48.0;256.69;7641;projection_scenario_tendanciel;projection_scenario;
OFF-2025-18;2025;Androy;130450.25;0.0;1914.99;127409.79;1.97;0.0;1123.5;456.72;1.629;19.62;32.06;1;40556.9;47422.71;6047.9;87979.61;12259.52;74.3;245.45;7078;projection_scenario_tendanciel;projection_scenario;source secondaire
OFF-2020-19;2020;Anosy;174039.87;76091.28;4572.68;91869.56;0.0;0.0;1506.34;333.52;1.58;17.3;28.44;0;68792.8;74973.95;8431.93;143766.75;19296.89;45.6;183.26;4637;simulation_utilisateur + repartition_regionale;historique_synthetique;source secondaire
OFF-2023-11;2023;Analanjirofo;295897.6;294892.68;67.21;0.0;0.0;140.66;797.05;379.33;1.499;19.26;29.23;0;157450.19;186215.52;23313.03;343665.71;47457.72;69.4;209.64;6138;estimation_synthetique_calibree;historique_synthetique;donnee agregee
OFF-2020-08;2020;Ihorombe;56491.56;49742.71;6060.0;0.0;0.0;103.33;585.52;259.67;1.476;17.18;25.32;0;48128.46;44259.6;4942.18;92388.05;12715.71;70.7;161.39;5011;simulation_utilisateur + repartition_regionale;historique_synthetique;a verifier
OFF-2004-20;2004;Menabe;316219.53;0.0;302950.31;0.0;13163.8;15.81;89.61;83.83;0.226;9.32;7.24;0;199937.85;145933.44;8838.35;345871.3;43236.26;51.4;50.57;1297;simulation_utilisateur + repartition_regionale;historique_synthetique;donnee agregee
OFF-2001-05;2001;Haute Matsiatra;57892.63;40377.68;1420.09;0.0;0.0;14167.69;1927.16;1486.61;0.314;7.23;4.38;0;177274.67;133137.39;6253.28;310412.05;37037.13;ND;40;983;simulation_utilisateur + repartition_regionale;historique_synthetique;a verifier
OFF-2003-22;2003;SAVA;357182.46;350815.67;5533.7;0.0;749.49;12.54;71.06;95.94;0.51;7.58;7.39;0;707512.61;509573.27;25115.0;1217085.88;147946.57;68.6;47.99;1121;simulation_utilisateur + repartition_regionale;historique_synthetique;
OFF-2003-04;2003;Bongolava;4048.73;0.0;3531.39;0.0;0.0;0.0;517.34;127.2;0.414;7.55;6.23;0;4553.73;18419.05;903.56;22972.77;1560.59;90.1;41.29;1262;simulation_utilisateur + repartition_regionale;historique_synthetique;estimation
OFF-2003-16;2003;Melaky;222399.22;0.0;206628.5;0.0;15682.38;13.25;75.09;90.27;0.352;8.76;4.78;0;188256.83;133600.72;7610.93;321857.55;;70.6;40;1294;simulation_utilisateur + repartition_regionale;historique_synthetique;donnee agregee
OFF-2014-22;2014;SAVA;325564.25;319243.45;5180.02;0.0;738.58;60.33;341.88;172.91;1.13;14.02;16.96;0;556903.21;407001.62;37088.08;963904.83;130654.8;71.2;103.97;2877;simulation_utilisateur + repartition_regionale;historique_synthetique;estimation
OFF-2022-12;2022;Alaotra-Mangoro;268547.08;171155.38;278.85;0.0;0.0;65944.06;31168.8;22431.27;1.556;17.49;30.27;1;2065349.49;569417.37;64718.1;2634766.85;424831.75;60.7;185.89;5682;estimation_synthetique_calibree;historique_synthetique;donnee agregee
OFF-2030-04;2030;Bongolava;5438.76;0.0;2852.9;0.0;0.0;0.0;2585.87;658.72;0.677;22.21;39.97;2;2551.36;16641.24;2402.57;19192.6;2429.35;78.4;426.12;11562;projection_scenario_tendanciel;projection_scenario;
OFF-2006-04;2006;Bongolava;4095.77;0.0;3493.3;0.0;0.0;0.0;602.47;119.45;0.497;8.58;7.59;0;4386.1;17837.19;994.43;22223.3;1604.93;79.6;60.63;1539;simulation_utilisateur + repartition_regionale;historique_synthetique;estimation
OFF-2009-22;2009;SAVA;344187.41;337861.25;5374.9;0.0;739.36;31.79;180.12;108.48;0.668;10.78;11.94;0;705182.4;465566.38;32629.73;1170748.78;153689.21;71.0;71.37;2021;simulation_utilisateur + repartition_regionale;historique_synthetique;estimation
OFF-2005-16;2005;Melaky;221021.26;0.0;205274.19;0.0;15618.84;19.24;109.0;88.68;0.227;9.46;7.07;0;193388.95;129018.02;7934.37;322406.96;41316.2;65.6;53.43;1334;Etude_JariAla_2005 + simulation_utilisateur;historique_synthetique;estimation
OFF-2021-12;2021;Alaotra-Mangoro;267278.23;174342.91;283.42;0.0;0.0;62914.87;29737.04;24426.82;1.445;18.55;27.8;0;2300754.07;600864.98;72451.06;2901619.05;473545.61;60.7;178.01;5379;simulation_utilisateur + repartition_regionale;historique_synthetique;source secondaire
OFF-2017-19;2017;Anosy;190859.54;82507.6;4698.85;102479.2;0.0;0.0;1173.88;194.62;0.549;16.42;25.7;0;102603.26;86927.62;9275.57;189530.88;26 075;45.9;134.53;3 609;simulation_utilisateur + repartition_regionale;historique_synthetique;donnee agregee
OFF-2024-12;2024;Alaotra-Mangoro;272509.4;164868.22;269.58;0,00;0.0;72910.21;34461.39;27875.49;1.436;20.39;31.67;1;2208197.39;579773.65;76850.31;2787971.04;460492.78;61.6;261.41;6405;estimation_synthetique_calibree;historique_synthetique;
OFF-2017-17;2017;Atsimo-Andrefana;607528.14;0.0;133370.54;468183.49;3774.28;0.0;2199.83;300.52;0.448;15.41;21.59;ND;;202389.08;20278.78;458740.98;62771.94;59.1;149.67;3649;simulation_utilisateur + repartition_regionale;historique_synthetique;
OFF-2011-20;2011;Menabe;310996.21;0.0;297463.75;0.0;13233.23;44.88;254.34;170.52;0.756;11.63;16.88;0;168379.25;134121.81;10142.78;302501.06;38625.35;52.5;94.37;2286;JariAla;historique_synthetique;estimation
OFF-2024-05;2024;Haute Matsiatra;;30988.1;1179.54;0.0;0.0;27892.5;3794.08;6914.9;1.471;20.1;30.07;1;216310.26;99769.0;13036.96;316079.26;49626.16;71.7;246.08;6863;estimation_synthetique_calibree;historique_synthetique;
OFF-2022-03;2022;Itasy;1911.68;12.99;14.18;0.0;0.0;0.0;1884.51;603.1;1.349;19.04;28.87;0;193.31;52351.38;6479.53;52544.69;5348.01;51.9;232.02;5114;estimation_synthetique_calibree;historique_synthetique;a verifier
OFF-2017-18;2017;Androy;163435.4;0.0;2170.34;160774.08;1.96;0.0;489.02;153.07;0.342;15.8;24.36;0;91866.68;67998.49;6982.11;159865.17;22261.33;77.1;147.31;3634;simulation_utilisateur + repartition_regionale;historique_synthetique;source secondaire
OFF-2020-10;2020;Atsinanana;142891.05;138342.41;0.0;0.0;0.0;0.0;4548.64;888.28;1.421;17.37;23.58;0;141567.3;149523.93;16883.9;291091.23;39326.91;57.5;182.66;4643;simulation_utilisateur + repartition_regionale;historique_synthetique;a verifier
OFF-2016-22;2016;SAVA;322178.68;315955.62;5063.16;0.0;705.78;68.12;-;155.43;0.409;;19.85;0;549241.91;416803.6;38612.59;966045.51;130525.86;68.0;117.85;3618;simulation_utilisateur + repartition_regionale;historique_synthetique;donnee agregee
OFF-2011-21;2011;DIANA;256549.35;168426.77;52369.44;0.0;18838.8;16914.34;0.0;3640.23;1.021;12.83;17.55;4;1218965.87;239106.16;19933.87;1458072.03;235759.63;45.4;91.4;2277;simulation_utilisateur + repartition_regionale;historique_synthetique;
OFF-2013-04;2013;Bongolava;4311.24;0.0;3399.4;0.0;0.0;0.0;911.84;230.0;0.871;14.24;17.97;0;3835.22;17901.01;1657.23;21736.23;;91.2;92.19;3064;simulation_utilisateur + repartition_regionale;historique_synthetique;
OFF-2000-16;2000;Melaky;224464.13;0.0;208663.59;0.0;15777.18;3.5;19,86;101.41;0.259;7;3.71;0;167206.15;143648.86;6536.02;310855.01;35456.65;72.8;40;995;simulation_utilisateur + repartition_regionale;historique_synthetique;estimation
OFF-2023-02;2023;Vakinankaratra;25595.39;4330.37;0.0;0.0;0.0;9192.22;12072.8;5112.33;1.488;17.93;32.63;1;57726.92;305063.0;35550.19;362789.92;39542.0;68.4;249.91;5661;estimation_synthetique_calibree;historique_synthetique;source secondaire
OFF-2012-14;2012;Sofia;271935.08;172913.23;83041.36;0.0;15646.44;50.11;283.94;176.63;0.916;12.06;19.36;0;634488.57;500842.19;39262.05;1135330.76;146402.83;54.7;88.39;2530;simulation_utilisateur + repartition_regionale;historique_synthetique;
OFF-2018-01;2018;Analamanga;;17709.17;395.32;0.0;0.0;340.92;63365.2;5801.58;1.604;15.34;24.46;0;383711.18;1784154.72;177928.9;2167865.89;214969.71;19.2;149.57;3303;simulation_utilisateur + repartition_regionale;historique_synthetique;unite non confirmee
OFF-2011-17;2011;Atsimo-Andrefana;640412.38;0.0;141146.1;493369.11;4014.34;0.0;1882.84;331.2;1.166;13.21;17.44;0;283934.28;232087.78;19926.85;516022.06;67448.19;59.0;92.4;2121;simulation_utilisateur + repartition_regionale;historique_synthetique;donnee agregee
OFF-2008-08;2008;Ihorombe;64102.68;57316.72;6585.99;0.0;0.0;30.0;169.97;91.94;0.582;10.59;13.71;0;83024.54;58965.08;4057.44;141989.62;18271.52;76.9;72.22;1814;simulation_utilisateur + repartition_regionale;historique_synthetique;donnee agregee
OFF-2008-12;2008;Alaotra-Mangoro;262210.41;206511.06;314.74;0.0;0.0;37608.67;17775.93;6166.06;0.665;10.53;9.75;0;1478808.53;726339.44;49707.83;2205147.97;306945.96;67.0;73.79;1878;simulation_utilisateur + repartition_regionale;historique_synthetique;
OFF-2000-15;2000;Betsiboka;29573.84;6152.36;22327.71;0.0;0.42;563.72;ND;196.67;0.344;7.22;0.8;0;54045.07;59054.69;2771.24;113099.76;12000.53;69.9;40;876;simulation_utilisateur + repartition_regionale;historique_synthetique;donnee agregee
OFF-2024-21;2024;DIANA;238179.59;141423.79;46264.13;0.0;18249.8;32241.87;0.0;9413.69;1.265;23.79;50.6;23;1194594.79;207028.8;32014.96;1401623.59;241279.33;46.9;245.55;6487;GIZ_PAGE2_2024 + estimation_synthetique;historique_synthetique;estimation
OFF-2003-10;2003;Atsinanana;167945.59;165463.25;0.0;0.0;0.0;0.0;2482.35;278.62;0.28;8.2;3.31;0;213002.59;217823.51;11611.22;430826.1;47861.67;53.8;43.11;1236;simulation_utilisateur + repartition_regionale;historique_synthetique;source secondaire
OFF-2030-10;2030;Atsinanana;123307.34;115957.36;0.0;0.0;0.0;0.0;7349.98;1693.81;0.959;n/a;41.01;2;94443.98;105273.65;14896.5;199717.63;29215.05;56.1;440.34;10748;projection_scenario_tendanciel;projection_scenario;source secondaire
OFF-2002-14;2002;Sofia;286848.82;184343.89;86702.32;0.0;15732.08;10.58;59.95;96.73;0.259;7.95;2.26;0;842038.59;570321.9;29486.43;1412360.49;175745.82;61.0;40;1003;simulation_utilisateur + repartition_regionale;historique_synthetique;a verifier
OFF-2030-22;2030;SAVA;252810.13;246289.67;4216.44;0.0;662.7;246.2;1395.12;597.99;1.176;23.11;37.8;2;213207.59;255563.87;38391.91;468771.47;69858.73;63.3;385.59;11138;projection_scenario_tendanciel;projection_scenario;a verifier
OFF-2027-17;2027;Atsimo-Andrefana;490956.25;0.0;115890.92;367285.59;3703.21;0.0;4076.53;1040.28;1.33;20.33;37.31;2;-;143993.46;19031.9;280473.76;40172.61;56.0;335.56;8274;projection_scenario_tendanciel;projection_scenario;
OFF-2012-16;2012;Melaky;216871.24;0.0;200871.95;0.0;15677.18;48.32;273.79;141.41;0.711;13.13;15.28;0;152967.78;118948.72;10154.85;271916.51;35861.18;65.1;95.63;2267;simulation_utilisateur + repartition_regionale;historique_synthetique;
OFF-2021-16;2021;Melaky;209299.3;0.0;192582.23;0.0;15979.31;110.66;627.09;334.8;0.919;18.59;28.1;0;90204.18;101932.24;12315.0;192136.42;26335.05;64.1;168.82;4981;simulation_utilisateur + repartition_regionale;historique_synthetique;estimation
OFF-2004-04;2004;Bongolava;4066.55;0.0;3519.41;0.0;0.0;0.0;547.14;132.2;0.426;7.94;6.88;0;4563.32;18910.97;976.23;23474.29;1621.9;86.8;47.99;1325;simulation_utilisateur + repartition_regionale;historique_synthetique;source secondaire
OFF-2029-18;2029;Androy;n/a;0.0;1799.88;119067.09;1.86;0.0;1527.07;543.49;1.341;22.07;39.47;2;36729.01;39672.59;5691.35;76401.61;11278.13;84.5;394.1;10691;projection_scenario_tendanciel;projection_scenario;source secondaire
OFF-2025-02;2025;Vakinankaratra;27425.17;4169.8;0.0;0.0;0.0;10052.59;13202.78;6106.98;1.226;20.47;29.82;0;65180.25;309315.5;41159.54;374495.74;45483.27;73.8;235.18;7570;projection_scenario_tendanciel;projection_scenario;source secondaire
OFF-2001-03;2001;Itasy;649.74;15.72;16.08;0.0;0.0;0.0;617.93;162.92;0.384;7;4.37;0;115.47;24459.16;1112.89;24574.63;933.36;52.7;40;1036;simulation_utilisateur + repartition_regionale;historique_synthetique;a verifier
OFF-2008-07;2008;Vatovavy-Fitovinany;81941.58;81609.21;0.0;0.0;0.0;0.0;332.37;100.32;0.47;11.11;12.0;0;125611.14;97235.69;7018.9;222846.83;28365.51;83.6;63.95;1892;simulation_utilisateur + repartition_regionale;historique_synthetique;a verifier
OFF-2009-19;2009;Anosy;205866.92;88985.31;5021.57;111057.91;0.0;0.0;802.14;161.85;0.428;11.7;10.88;0;130030.55;99719.03;7584.07;229749.58;29624.43;46.6;79.1;1887;simulation_utilisateur + repartition_regionale;historique_synthetique;
OFF-2026-07;2026;Vatovavy-Fitovinany;64415.02;62906.89;0.0;0.0;0.0;0.0;1508.13;579.27;1.227;19.65;34.63;-1.0;52438.24;55218.15;7053.84;107656.39;15223.03;76.0;266.09;8031;projection_scenario_tendanciel;projection_scenario;a verifier
OFF-2015-21;2015;DIANA;247 630;161167.68;49887.77;0.0;17785.39;18788.67;0.0;3139.07;0.405;15.41;36.02;10;1072156.07;237685.95;23803.13;1309842.02;212506.66;44.1;114.99;3180;simulation_utilisateur + repartition_regionale;historique_synthetique;
OFF-2027-10;2027;Atsinanana;128177.94;121674.41;0.0;0.0;0.0;0.0;6503.53;1753.97;1.339;21.45;37.47;2;111212.64;123287.65;17185.68;234500.29;34110.54;59.3;319.94;8489;projection_scenario_tendanciel;projection_scenario;a verifier
OFF-2004-13;2004;Boeny;160929.13;0.0;134004.42;0.0;26733.93;66.77;124.01;166.36;0.185;8.78;8.45;0;217073.44;135868.35;7752.22;352941.8;45430.04;33.3;43.03;1118;simulation_utilisateur + repartition_regionale;historique_synthetique;
OFF-2017-15;2017;Betsiboka;27772.99;5504.16;20304.07;0.0;0.39;1012.81;951.57;311.83;0.21;14.8;23.06;0;48088.8;48944.54;4708.08;97033.34;12516.61;71.2;135.44;3642;simulation_utilisateur + repartition_regionale;historique_synthetique;estimation
OFF-2021-09;2021;Atsimo-Atsinanana;107331.84;106575.04;0.0;0.0;0.0;113.52;643.28;379.59;1.348;18.35;28.48;-;67792.17;71526.24;8530.08;139318.41;19197.25;61.5;195.35;4743;simulation_utilisateur + repartition_regionale;historique_synthetique;donnee agregee
OFF-2026-03;2026;Itasy;2482.25;12.12;13.3;0.0;0.0;0.0;2456.83;860.7;1.126;20.52;35.73;1;241.17;64486.18;8603.23;64727.35;7098.06;51.7;298.68;7705;projection_scenario_tendanciel;projection_scenario;
OFF-2023-10;2023;Atsinanana;135859.61;130469.77;0.0;0.0;0.0;-;5389.84;1466.64;1.405;19.89;31.36;1;132219.19;132312.57;17106.16;264531.77;302612.08;62.8;243.47;5986;estimation_synthetique_calibree;historique_synthetique;a verifier
OFF-2011-05;2011;Haute Matsiatra;59152.69;37759.06;1357.54;0.0;0.0;17637.02;2399.08;2389.84;1.035;11.55;13.67;0;181413.21;116659.77;8755.87;298072.98;39834.19;71.8;86.57;2155;simulation_utilisateur + repartition_regionale;historique_synthetique;a verifier
OFF-2005-01;2005;Analamanga;61965.33;20136.08;425.09;0.0;0.0;221.57;41182.58;3750.18;0.582;9.05;8.77;0;256184.17;1491889.77;87791.91;1748073.94;118102.51;19.5;46.08;1236;Etude_JariAla_2005 + simulation_utilisateur;historique_synthetique;a verifier
OFF-2010-09;2010;Atsimo-Atsinanana;124728.57;124479.36;0.0;0.0;0.0;37.38;211.83;151.98;0.484;11.99;14.43;0;122809.97;106279.25;8283.69;229089.22;28898.42;64.7;75.22;2006;simulation_utilisateur + repartition_regionale;historique_synthetique;donnee agregee
OFF-2030-01;2030;Analamanga;118236.23;14291.55;326.67;0.0;0.0;554.51;103063.51;25448.91;1.111;22.51;41.83;2;834398.35;2016824.58;295040.33;2851222.93;392124.78;18.6;422.65;8755;projection_scenario_tendanciel;projection_scenario;estimation
OFF-2008-04;2008;Bongolava;4124.31;0.0;3465.08;0.0;0.0;0.0;659.22;118.57;0.476;10.47;13.37;0;-;19102.9;1299.5;23276.19;1816.78;85.4;58.89;1793;simulation_utilisateur + repartition_regionale;historique_synthetique;source secondaire
OFF-2005-10;2005;Atsinanana;166254.91;163648.81;-;0.0;0.0;0.0;2606.1;289.59;0.633;8.66;5.92;0;221304.15;206479.88;11624.61;427784.03;49366.93;58.0;55.95;1359;Etude_JariAla_2005 + simulation_utilisateur;historique_synthetique;donnee agregee
OFF-2025-14;2025;Sofia;233392.69;144414.63;72844.07;0.0;15004.44;169.43;960.11;479.73;1.197;19.24;31.1;1;311891.62;356141.8;44545.44;668033.42;92667.75;58.0;283.74;6772;projection_scenario_tendanciel;projection_scenario;estimation
OFF-2016-09;2016;Atsimo-Atsinanana;117716.78;117257.57;0.0;0.0;0.0;68.88;390.33;166.78;0.521;14.87;21.03;0;123323.66;89101.47;8612.72;212425.13;29260.69;66.9;124.0;3313;simulation_utilisateur + repartition_regionale;historique_synthetique;a verifier
OFF-2012-22;2012;SAVA;333782.61;327428.75;5282.42;0.0;745.36;48.91;277.16;152.22;1.13;12.74;17.93;0;569843.8;414221.54;34307.36;984065.34;130703.92;68.6;93.01;2429;simulation_utilisateur + repartition_regionale;historique_synthetique;a verifier
OFF-2006-01;2006;Analamanga;62730.45;20002.68;422.92;0.0;0.0;226.39;42078.45;4127.16;0.628;8.99;7.73;0;291317.46;1515871.01;88626.76;1807188.46;125111.08;20.3;62.34;1403;simulation_utilisateur + repartition_regionale;historique_synthetique;
OFF-2018-12;2018;Alaotra-Mangoro;267048.88;185102.26;297.04;0.0;0.0;55443.79;26205.8;8268.4;1.35;16.21;22.54;0;1574262.55;606626.07;63932.13;2180888.62;335791.61;63.3;145.72;4153;simulation_utilisateur + repartition_regionale;historique_synthetique;a verifier
OFF-2005-17;2005;Atsimo-Andrefana;674082.45;0.0;145542.75;523030.54;4005.05;0.0;1504.11;184.13;0.558;8.61;10.44;0;337875.46;261325.51;14620.52;599200.97;72806.41;61.7;50.16;1375;Etude_JariAla_2005 + simulation_utilisateur;historique_synthetique;
OFF-2024-09;2024;Atsimo-Atsinanana;101828.43;100782.32;0.0;0.0;0.0;156.92;889.2;423.33;1.224;18.76;31.29;1;61715.93;67334.57;8211.27;129050.49;17842.11;67.1;248.03;6621;estimation_synthetique_calibree;historique_synthetique;donnee agregee
OFF-2014-03;2014;Itasy;1192.05;-;15.09;0.0;0.0;0.0;9300.8;;1.001;14.73;17.91;0;175.02;37987.09;3636.17;38162.1;3013.16;48.1;109.7;2858;simulation_utilisateur + repartition_regionale;historique_synthetique;donnee agregee
OFF-2026-12;2026;Alaotra-Mangoro;277632.68;159202.72;261.01;0.0;0.0;80242.1;37926.85;29964.53;1.238;20.67;32.01;1;2259285.61;583226.71;78363.39;2842512.32;470929.39;61.6;292.65;7534;projection_scenario_tendanciel;projection_scenario;
OFF-2023-17;2023;Atsimo-Andrefana;526277.46;0.0;123694.69;395347.83;3912.53;0.0;3322.4;950.78;1.339;-;31.49;1;156542.89;151883.81;18410.38;308426.7;43274.23;61.1;200.39;6000;estimation_synthetique_calibree;historique_synthetique;a verifier
OFF-2008-14;2008;Sofia;278627.15;178394.11;84511.82;0.0;15533.21;ND;159.81;83.81;0.538;9.91;9.87;0;825913.86;559470.96;36035.13;1385384.82;178213.3;58.5;61.67;1689;simulation_utilisateur + repartition_regionale;historique_synthetique;estimation
OFF-2016-04;2016;Bongolava;4272.17;0.0;3267.83;0.0;0.0;0.0;1004.34;200.18;0.235;14,84;19.89;0;3937.12;17482.75;1686.89;21419.87;n/a;91.0;125.59;3883;simulation_utilisateur + repartition_regionale;historique_synthetique;donnee agregee
OFF-2020-16;2020;Melaky;212000.79;0.0;195229.51;0.0;16111.49;98.97;560.82;256.3;1.157;17.72;28.93;0;120993.04;104059.64;11987.0;225052.69;31608.09;73.1;161.72;4476;simulation_utilisateur + repartition_regionale;historique_synthetique;
OFF-2013-22;2013;SAVA;329652.7;323316.73;5231.08;0.0;741.98;54.44;308.48;161.59;0.893;13.71;20.03;;554666.46;404499.19;36047.97;959165.65;129399.29;65.2;89.1;2814;simulation_utilisateur + repartition_regionale;historique_synthetique;
OFF-2025-17;2025;Atsimo-Andrefana;506730.81;0.0;119435.28;379821.79;3800.66;0.0;3673.08;988.42;1.339;19.71;32.86;-1.0;138423.37;150215.98;19249.55;288639.36;40700.84;55.2;294.45;6581;projection_scenario_tendanciel;projection_scenario;estimation
OFF-2023-08;2023;Ihorombe;53664.37;46952.78;5767.33;0.0;0.0;141.64;802.62;377.43;1.336;19.05;29.95;0;36423.55;40931.64;5067.57;77355.19;10711.65;71.1;223.77;6256;estimation_synthetique_calibree;historique_synthetique;a verifier
OFF-2028-01;2028;Analamanga;110981.15;14757.4;337.09;0.0;0.0;513.14;95373.53;22051.4;1.034;22.09;34.23;1;714414.24;1931212.52;277327.38;2645626.75;356003.02;;341.57;7940;projection_scenario_tendanciel;projection_scenario;estimation
OFF-2024-15;2024;Betsiboka;27413.27;4990.74;19301.01;0.0;0.41;1609.21;1511.91;771.82;0.95;20.16;32.17;1;30896.77;40569.82;5316.27;71466.59;9920.76;69.1;242.3;6523;estimation_synthetique_calibree;historique_synthetique;a verifier
OFF-2005-21;2005;DIANA;ND;175006.72;53590.5;0.0;18749.95;13221.96;0.0;2017.21;0.525;9.39;7.68;0;1039752.86;264113.91;16116.81;1303866.78;200371.3;42.1;57.49;1294;Etude_JariAla_2005 + simulation_utilisateur;historique_synthetique;donnee agregee
OFF-2015-09;2015;Atsimo-Atsinanana;118425.49;118002.05;0.0;0.0;0.0;63.52;359.92;152.23;0.511;13.89;22.15;0;116333.14;95555.73;8627.32;211888.87;28014.37;65.5;123.79;3171;simulation_utilisateur + repartition_regionale;historique_synthetique;donnee agregee
OFF-2013-12;2013;Alaotra-Mangoro;262741.41;196232.53;304.66;0.0;0.0;44955.68;21248.54;8842.11;0.858;13.36;17.13;0;1581674.02;630977.43;54776.18;2212651.45;329617.79;61.0;94.65;2711;simulation_utilisateur + repartition_regionale;historique_synthetique;source secondaire
OFF-2021-21;2021;DIANA;243738.7;149177.06;48549.69;0.0;18972.05;27039.9;0.0;7251.61;1.175;20.88;44.41;19;1164941.65;212995.67;28908.95;1377937.32;233394.83;42.1;190.0;4889;GIZ_PAGE2_2024 + estimation_synthetique;historique_synthetique;
OFF-2020-05;2020;Haute Matsiatra;61548.27;33470.03;1261.26;0.0;0.0;23605.97;3211.01;3764.3;1.368;16.84;25.91;0;182648.37;114561.71;12536.3;297210.07;43156.47;66.0;188.84;5110;simulation_utilisateur + repartition_regionale;historique_synthetique;source secondaire
OFF-2007-15;2007;Betsiboka;29082.29;5948.63;21744.42;0.0;0.42;716.06;672.76;188.03;0.5;10.01;8.71;0;55733.78;52947.71;3444.15;108681.49;12856.28;66.5;57.91;1754;simulation_utilisateur + repartition_regionale;historique_synthetique;donnee agregee
OFF-2005-18;2005;Androy;183117.31;0.0;2376.77;180606.69;2.08;0.0;131.77;100.08;0.675;9.65;7.29;0;123442.41;88780.11;5568.31;212222.52;26785.65;80.4;57.19;1353;Etude_JariAla_2005 + simulation_utilisateur;historique_synthetique;a verifier
OFF-2020-06;2020;Amoron'i Mania;18221.57;17085.8;272.33;0.0;0.0;0.0;863.43;300.32;1.59;16.59;26.34;0;32818.78;31547.73;3402.66;64366.51;8697.56;61.0;188.28;4387;simulation_utilisateur + repartition_regionale;historique_synthetique;
OFF-2026-16;2026;Melaky;194 784;0.0;178597.3;0.0;14979.19;181.07;1026.05;533.98;0.992;19.62;35.94;1;77437.96;86249.06;10999.2;163687.02;22958.18;70.3;273.77;7399;projection_scenario_tendanciel;projection_scenario;donnee agregee
OFF-2009-14;2009;Sofia;277151.67;177324.99;84117.75;n/a;15498.49;31.57;178.88;99.22;0.376;10.24;10.71;0;786 462;529207.74;35 213;1315669.59;170438.17;62.8;70.11;1965;simulation_utilisateur + repartition_regionale;historique_synthetique;
OFF-2023-12;2023;Alaotra-Mangoro;270341.79;167997.2;274.23;0.0;0.0;69310.43;32759.93;25395.46;1.469;18.44;28.55;0;2202395.61;552614.84;66233.97;2755010.45;450743.07;67.5;246.8;5984;estimation_synthetique_calibree;historique_synthetique;
OFF-2006-18;2006;Androy;181619.61;0.0;2363.23;179101.89;2.08;0.0;152.4;90.73;0.629;9.5;6.38;0;118097.93;88133.07;5442.03;206231.0;25720.09;80.2;62.65;1490;simulation_utilisateur + repartition_regionale;historique_synthetique;a verifier
OFF-2001-12;2001;Alaotra-Mangoro;262374.98;215385.42;325.17;0.0;0.0;31687.25;14977.14;5630.41;0.552;7;0.08;0;1409948.33;717651.53;32653.14;2127599.86;280566.28;62.9;40;964;simulation_utilisateur + repartition_regionale;historique_synthetique;estimation
OFF-2009-15;2009;Betsiboka;28907.59;5883.47;21557.97;0.0;0.41;755.72;710.02;179.66;0.52;11.21;9.78;0;54618.27;54828.66;3994.1;109446.92;13106.45;70.7;73.53;1875;simulation_utilisateur + repartition_regionale;historique_synthetique;a verifier
OFF-2028-10;2028;Atsinanana;126531.5;119738.78;0.0;0.0;0.0;0.0;6792.73;1676.62;1.122;22.16;38.1;2;102640.85;121680.19;17525.61;224321.04;32846.35;61.5;345.79;8459;projection_scenario_tendanciel;projection_scenario;source secondaire
OFF-2028-07;2028;Vatovavy-Fitovinany;62641.89;60922.48;0.0;0.0;0.0;0.0;1719.41;522.26;1.279;20.66;35.59;1;43759.66;53714.77;7212.99;97474.42;13791.39;80.3;353.57;9547;projection_scenario_tendanciel;projection_scenario;
OFF-2025-15;2025;Betsiboka;27208.51;4902.47;18981.27;0.0;0.4;1714.01;1610.37;1055.32;0.951;20.98;34.95;1;32526.07;39684.61;5410.99;;10291.71;66.9;295.03;6799;projection_scenario_tendanciel;projection_scenario;
OFF-2023-06;2023;Amoron'i Mania;17509.13;16115.51;259.04;0.0;0.0;0.0;1134.57;446.25;1.308;18.92;28.8;0;23504.53;28975.47;3563.51;52480.0;7152.9;60.4;201.07;5664;estimation_synthetique_calibree;historique_synthetique;a verifier
OFF-2012-10;2012;Atsinanana;157645.73;154357.43;ND;0.0;0.0;0.0;3288.3;477.46;1.135;13.37;14.78;0;184268.73;184179.04;16004.1;368447.77;46291.73;59.6;96.8;2617;simulation_utilisateur + repartition_regionale;historique_synthetique;a verifier
OFF-2026-15;2026;Betsiboka;27045.06;4829.25;18715.54;0.0;0.4;1804.49;1695.38;928.98;1.009;20.34;31.1;1;29200.54;40334.41;5332.28;69534.95;9628.57;71.2;316.88;8235;projection_scenario_tendanciel;projection_scenario;source secondaire
OFF-2022-07;2022;Vatovavy-Fitovinany;68730.72;67630.47;0.0;0.0;0.0;0.0;1100.24;521.27;1.495;18.6;31.68;1;59986.64;66057.6;7984.71;126 044;17345.06;76.1;201.26;5635;estimation_synthetique_calibree;historique_synthetique;estimation
OFF-2002-22;2002;SAVA;359111.37;352741.4;5557.32;0.0;751.03;9.24;52.38;85.44;0.504;7.81;3.13;0;686437.76;502775.32;25512.47;1189213.08;144479.02;62.7;40.69;1073;simulation_utilisateur + repartition_regionale;historique_synthetique;estimation
OFF-2013-07;2013;Vatovavy-Fitovinany;78077.04;77545.15;0.0;0.0;0.0;0.0;531.88;184.36;0.956;13.09;19.94;0;102347.8;88278.9;7510.84;190626.7;24581.49;84.4;107.42;2871;simulation_utilisateur + repartition_regionale;historique_synthetique;source secondaire
OFF-2016-16;2016;Melaky;206705.0;0.0;191492.69;0.0;14773.26;65.86;373.19;157.5;0.415;14.19;19.08;0;147157.59;109955.05;10141.84;257112.63;34804.67;68.8;120.85;3246;simulation_utilisateur + repartition_regionale;historique_synthetique;estimation
OFF-2021-03;2021;Itasy;1784.59;13.21;14.4;0.0;0.0;0.0;1756.98;623.12;1.396;30.64;29.39;0;189.97;-;5730.27;51988.94;4733.01;-;209.45;4868;simulation_utilisateur + repartition_regionale;historique_synthetique;donnee agregee
OFF-2019-18;2019;Androy;148415.22;0.0;2129.63;145664.13;2.12;0.0;619.35;137.95;1.628;15.79;27.72;0;79378.68;56420.84;5790.24;135799.52;19036.16;83.1;153.93;4923;simulation_utilisateur + repartition_regionale;historique_synthetique;
OFF-2011-18;2011;Androy;171844.37;0.0;2295.41;-;;0.0;296.72;169.37;1.033;12.53;14.16;0;97794.31;76508.88;6230.55;174303.19;22712.02;86.1;80,08;2477;simulation_utilisateur + repartition_regionale;historique_synthetique;estimation
OFF-2027-20;2027;Menabe;271945.49;0.0;258198.78;0.0;12 424;198.43;1124.45;487.94;0.944;20.23;32.52;1;74656.52;88174.44;11593.56;162830.96;22944.89;50.9;330.59;7842;projection_scenario_tendanciel;projection_scenario;
OFF-2024-08;2024;Ihorombe;52795.61;46086.18;5670.23;0.0;0.0;155.88;883.32;452.47;1.365;18.84;33.59;1;36560.34;39338.07;;75898.41;10531.69;78.4;226.71;6315;estimation_synthetique_calibree;historique_synthetique;source secondaire
OFF-2008-02;2008;Vakinankaratra;17112.44;5323.68;0.0;0.0;0.0;5095.92;6692.84;1076.14;0.524;10.89;9.21;0;33855.69;229588.68;16258.68;263444.38;19426.14;67.6;72.2;1785;simulation_utilisateur + repartition_regionale;historique_synthetique;
OFF-2007-14;2007;Sofia;280111.24;179467.61;84906.75;0.0;15567.83;25.36;143.69;87.99;0.392;10.79;10.67;0;786186.6;564433.69;39587.5;1350620.29;173975.34;55.5;61.56;1485;simulation_utilisateur + repartition_regionale;historique_synthetique;donnee agregee
OFF-2003-01;2003;Analamanga;60437.03;20358.31;428.74;0.0;0.0;212.19;39437.79;4169.83;0.504;8.75;4.24;0;288404.01;1532206.28;87187.82;1820610.3;123406.73;20.2;40.2;1051;simulation_utilisateur + repartition_regionale;historique_synthetique;source secondaire
OFF-2004-06;2004;Amoron'i Mania;20838.02;20303.28;303.03;0.0;0.0;0.0;231.71;101.37;0.524;8.8;6.74;0;60545.66;43596.87;2492.51;104142.53;12942.08;65.4;44.64;1240;simulation_utilisateur + repartition_regionale;historique_synthetique;
OFF-2001-02;2001;Vakinankaratra;15564.73;5552.53;0.0;0.0;0.0;4327.96;5684.23;1067.37;0.322;12.6;5.38;0;29710.65;235758.61;10727.02;265469.26;14144.07;71,00;40;999;simulation_utilisateur + repartition_regionale;historique_synthetique;
OFF-2008-21;2008;DIANA;257835.12;171868.75;52843.03;0.0;18625.22;14498.12;0.0;1844.89;0.35;11.61;12.07;0;972630.26;257773.21;19455.59;1230403.47;191027.03;45.5;68.8;1590;simulation_utilisateur + repartition_regionale;historique_synthetique;
OFF-2013-20;2013;Menabe;306516.99;0.0;293012.99;0.0;13132.18;55.77;316.04;162.44;0.801;14.19;15.52;0;155052.66;126030.37;11623.4;281083.04;37440.67;46.7;96.59;2722;simulation_utilisateur + repartition_regionale;historique_synthetique;a verifier
OFF-2009-12;2009;Alaotra-Mangoro;262031.63;205129.84;313.12;0.0;0.0;38426.28;18162.38;5543.97;0.643;11.44;12.56;0;1367681.6;660592.95;49137.32;2028274.55;286475.29;62.9;70.03;1828;simulation_utilisateur + repartition_regionale;historique_synthetique;estimation
OFF-2018-06;2018;Amoron'i Mania;18792.1;17752.34;280.53;0.0;0.0;0.0;759.23;159.93;1.333;16.24;24.84;0;42133.9;35713.86;3770.71;77847.76;10676.08;65.5;157.85;4240;simulation_utilisateur + repartition_regionale;historique_synthetique;estimation
OFF-2028-18;2028;Androy;124310.94;0.0;1828.47;121053.31;1.89;0.0;1427.28;535.49;1.27;21.66;37.06;2;35862.29;42396.2;5970.01;78258.49;11350.62;87.0;374.06;9441;projection_scenario_tendanciel;projection_scenario;donnee agregee
OFF-2002-21;2002;DIANA;262701.43;177642.19;54221.85;0.0;18864.24;11973.16;0.0;;0.5;7;1.63;0;1053834.27;288697.25;13 136;1342531.52;200461.46;42.9;43.9;967;simulation_utilisateur + repartition_regionale;historique_synthetique;source secondaire
OFF-2021-10;2021;Atsinanana;140190.88;135398.81;0.0;0.0;0.0;0.0;4792.08;1103.55;1.467;17.97;27.35;0;116656.4;143138.06;16720.97;259794.46;34709.34;55.0;170.28;5155;simulation_utilisateur + repartition_regionale;historique_synthetique;source secondaire
OFF-2030-14;2030;Sofia;216684.32;133510.01;67553.47;0.0;13994.88;243.89;1382.07;558.83;0.985;23.24;36.85;1;257696.0;299704.68;45268.77;557400.68;83505.67;54.8;424.1;10323;projection_scenario_tendanciel;projection_scenario;
OFF-2028-13;2028;Boeny;141466.23;0.0;114039.17;0.0;24987.56;853.82;1585.67;875.33;0.735;25.98;51.81;16;95885.83;95171.95;16073.11;191057.78;30439.4;31.7;310.69;8655;projection_scenario_tendanciel;projection_scenario;a verifier
OFF-2017-21;2017;DIANA;246525.42;159334.93;49426.94;0.0;17687.42;20076.12;-;3235.85;0.407;16.03;43.67;13;1135224.53;234684.35;24458.78;1369908.89;224396.62;48.8;136.54;3413;simulation_utilisateur + repartition_regionale;historique_synthetique;
OFF-2021-11;2021;Analanjirofo;306863.41;306033.22;69.46;0.0;0.0;114.11;646.61;382.41;1.629;18.77;30.69;1;184373.82;184713.79;22532.66;369087.6;51664.06;70.2;204.33;5265;simulation_utilisateur + repartition_regionale;historique_synthetique;source secondaire
OFF-2013-12;2013;Alaotra-Mangoro;262741.41;196232.53;304.66;0.0;0.0;44955.68;21248.54;8842.11;0.858;13.36;17.13;0;1581674.02;630977.43;54776.18;2212651.45;329617.79;61.0;94.65;2711;simulation_utilisateur + repartition_regionale;historique_synthetique;source secondaire
OFF-2028-04;2028;Bongolava;5293.0;0.0;2942.46;0.0;0.0;0.0;2350.54;734.85;0.998;21.96;35.59;1;2620.73;17684.29;2524.51;20305.01;2541.83;88.7;365.45;8962;projection_scenario_tendanciel;projection_scenario;
OFF-2014-17;2014;Atsimo-Andrefana;614902.82;0.0;136900.35;471944.52;3958.34;0.0;2099.6;342.13;1.032;12.96;20.86;0;252902.12;222536.82;18741.87;475438.94;60890.71;56.6;103.08;3021;simulation_utilisateur + repartition_regionale;historique_synthetique;
OFF-2014-09;2014;Atsimo-Atsinanana;118857.39;118445.73;0.0;0.0;0.0;61.75;349.91;168.95;0.983;14.92;17.43;0;122667.97;93523.05;9068.53;216191.02;29516.43;69.8;111.86;2949;simulation_utilisateur + repartition_regionale;historique_synthetique;source secondaire
OFF-2011-15;2011;Betsiboka;29012.37;5823.7;21527.38;0.0;0.42;856.32;804.55;352.21;0.748;11.41;15.24;0;52817.22;54627.03;4050.22;107444.25;12828.28;66.5;92.49;2194;simulation_utilisateur + repartition_regionale;historique_synthetique;estimation
OFF-2018-18;2018;Androy;151842.74;0.0;2163.4;149090.31;2.13;0.0;586.91;139.53;1.652;15,99;26.45;0;87362.79;62777.23;6526.44;150140.01;21076.98;79.4;136.29;4313;simulation_utilisateur + repartition_regionale;historique_synthetique;
OFF-2000-01;2000;Analamanga;58157.99;20694.95;434.25;0.0;0.0;198.16;36830.64;n/a;0.518;7.15;0;0;223115.35;1428964.82;66444.17;1652080.17;94644.98;19.2;40;775;simulation_utilisateur + repartition_regionale;historique_synthetique;source secondaire
OFF-2020-17;2020;Atsimo-Andrefana;558804.32;0.0;130194.04;421786.71;4052.25;0.0;2771.32;592.5;1.472;16.6;28.39;0;193669.04;172 838;18648.55;366507.52;50152.24;60.8;187.35;4692;simulation_utilisateur + repartition_regionale;historique_synthetique;estimation
OFF-2000-03;2000;Itasy;612.96;15.8;16.14;0.0;0.0;0.0;581.02;147.38;0.46;7;4.27;0;95.62;24357.44;1108.26;24453.07;925.99;54.3;40;933;simulation_utilisateur + repartition_regionale;historique_synthetique;
OFF-2030-17;2030;Atsimo-Andrefana;468513.1;0.0;110578.89;349682.66;3543.05;0.0;4708.51;1181.47;1.102;22.21;36.69;1;119794.08;131083.9;18920.79;250877.97;37077.98;54.7;419.85;10229;projection_scenario_tendanciel;projection_scenario;source secondaire
OFF-2000-12;2000;Alaotra-Mangoro;262309.88;216569.39;326.56;0.0;0.0;30838.12;14575.8;5936.14;0.401;7;1.59;0;1307123.45;739233.3;33635.12;2046356.75;262863.02;62.1;40;990;simulation_utilisateur + repartition_regionale;historique_synthetique;source secondaire
OFF-2016-07;2016;Vatovavy-Fitovinany;76415.07;75795.42;0,00;0.0;0.0;0.0;619.65;161.23;0.401;15.58;22.5;0;100279.17;83654.04;8470.09;183933.21;24995.72;86.5;135.5;3752;simulation_utilisateur + repartition_regionale;historique_synthetique;estimation
OFF-2015-14;2015;Sofia;262373.35;167322.73;79797.96;0.0;14832.36;63,04;357.25;150.58;0.392;13.57;18.8;0;630450.5;490647.4;43282.21;1121097.89;148972.5;55,70;130.08;2997;simulation_utilisateur + repartition_regionale;historique_synthetique;source secondaire
OFF-2019-07;2019;Vatovavy-Fitovinany;72619.14;71804.87;0.0;0.0;0.0;0.0;814.27;165.58;1.524;17.11;24.74;0;99204.33;69249.46;7702.56;168453.79;24172.88;84.8;155.74;4714;simulation_utilisateur + repartition_regionale;historique_synthetique;donnee agregee
OFF-2009-20;2009;Menabe;310427.44;0.0;297182.53;0.0;13027.75;32.57;184.58;108.22;0.43;11.03;13.92;0;200218.72;131295.44;9411.65;331514.16;43756.92;53.5;79.45;1978;simulation_utilisateur + repartition_regionale;historique_synthetique;estimation
OFF-2014-20;2014;Menabe;304283.87;0.0;290795.06;0.0;13081.16;61.15;346.51;158.09;0.607;14.13;21.23;0;155731.49;121589.77;11163.66;277321.26;37185.87;53.3;100.16;2909;simulation_utilisateur + repartition_regionale;historique_synthetique;
OFF-2017-08;2017;Ihorombe;59601.44;52961.32;6145.43;0.0;0.0;74.2;420.48;165.09;0.379;14.64;25.22;0;68403.9;53062.88;5049.36;121466.78;16453.18;73.8;144.28;3550;simulation_utilisateur + repartition_regionale;historique_synthetique;donnee agregee
OFF-2007-17;2007;Atsimo-Andrefana;664513.92;0.0;143993.75;514940.29;3985.61;0.0;1594.27;197.97;0.658;9.52;10.04;0;309898.59;261982.63;16214.79;571881.22;69077.87;62.1;61.77;1683;simulation_utilisateur + repartition_regionale;historique_synthetique;a verifier
OFF-2007-20;2007;Menabe;312812.14;0.0;299558.91;0.0;13082.59;25.6;145.04;93.72;0.259;9.41;12.19;0;205631.98;146253.71;8943.79;351885.69;44347.66;46.7;66.97;1556;simulation_utilisateur + repartition_regionale;historique_synthetique;donnee agregee
OFF-2003-06;2003;Amoron'i Mania;20928.06;20415.07;304.33;0.0;0.0;0.0;208.67;103.06;0.488;7.18;4.65;0;-56047.61;42287.46;1973.15;98335.07;11706.55;60.4;46.15;1246;simulation_utilisateur + repartition_regionale;historique_synthetique;
OFF-2003-17;2003;Atsimo-Andrefana;682046.62;0.0;146842.92;529768.56;4022.01;0.0;1413.13;186.9;0.462;8.15;4.12;0;347639.47;248571.43;13174.75;596210.9;73378.4;60.1;47.35;1138;simulation_utilisateur + repartition_regionale;historique_synthetique;
OFF-2023-15;2023;Betsiboka;27670.3;5078.7;19614.97;0.0;0.41;1534.5;1441.71;820.69;1.009;19.39;31.44;1;32440.78;41690.31;5254.45;74131.09;10147.99;63.8;201.94;5565;estimation_synthetique_calibree;historique_synthetique;source secondaire
OFF-2029-12;2029;Alaotra-Mangoro;287388.79;151726.98;249.28;0.0;0.0;91951.28;43461.25;32094.7;1.179;23.09;35.8;1;2199957.56;535976.73;80451.51;2735934.28;461962.6;65.1;404.93;10539;projection_scenario_tendanciel;projection_scenario;estimation
OFF-2018-17;2018;Atsimo-Andrefana;582013.16;0.0;134274.08;441060.94;4111.17;0.0;2566.97;331.52;1.491;ND;21.84;0;245678.89;182806.21;19428.52;428485.1;60153.59;61.7;147.83;4065;simulation_utilisateur + repartition_regionale;historique_synthetique;estimation
OFF-2030-05;2030;Haute Matsiatra;68692.38;28068.77;1073.71;0.0;0.0;34814.28;4735.62;7899.11;1.22;23.31;38.93;2;n/a;98 552;14930.98;313565.08;50945.75;72.3;382.0;10748;projection_scenario_tendanciel;projection_scenario;source secondaire
OFF-2006-11;2006;Analanjirofo;367639.27;367417.52;77.95;0.0;0.0;21.57;122.23;84.72;0.611;10.33;11.89;0;419015.85;278022.42;18663.68;697038.27;90727.07;76.0;53.1;1472;simulation_utilisateur + repartition_regionale;historique_synthetique;
OFF-2021-08;2021;Ihorombe;55445.1;48705.93;5958.65;0.0;0.0;117.08;663.44;391.64;1.306;18.74;24.9;0;40666.41;43 412;5287.45;84078.75;11655.67;77.3;190.56;4932;simulation_utilisateur + repartition_regionale;historique_synthetique;estimation
OFF-2024-20;2024;Menabe;283920.73;0.0;269961.42;0.0;12929.03;154.54;875.74;400.99;1.105;18.84;32.75;1;89067.57;99171.81;12145.21;188239.37;25991.23;47.9;257.33;6409;estimation_synthetique_calibree;historique_synthetique;donnee agregee
OFF-2027-07;2027;Vatovavy-Fitovinany;63531.29;61907.32;0.0;0.0;0.0;0.0;1623.98;592.35;1.286;21.93;34.42;1;n/a;51324.89;7316.58;97657.26;14339.42;80.8;287.78;8217;projection_scenario_tendanciel;projection_scenario;estimation
OFF-2010-21;2010;DIANA;256206.39;169679.57;52310.89;0.0;;15687.43;0.0;3365.75;0.365;12.09;13,79;3;1231863.88;265664.18;20872.76;1497528.06;238851.16;47.5;77.97;2134;simulation_utilisateur + repartition_regionale;historique_synthetique;source secondaire
OFF-2014-07;2014;Vatovavy-Fitovinany;77138.82;76563.45;0.0;0.0;0.0;0.0;575.37;192.59;1.042;14.04;17.35;0;104863.45;81498.78;7435.72;186362.23;24972.72;84.4;119.62;2983;simulation_utilisateur + repartition_regionale;historique_synthetique;donnee agregee
OFF-2008-06;2008;Amoron'i Mania;20413.38;19792.05;297.11;0.0;0.0;0.0;324.22;106.91;0.409;10.96;9.37;0;56888.31;42550.55;3029.98;99438.87;12724.48;61.0;59.94;1862;simulation_utilisateur + repartition_regionale;historique_synthetique;
OFF-2008-05;2008;Haute Matsiatra;58326.55;38726.01;1374.85;0.0;0.0;16043.39;2182.3;1290.62;0.586;10.08;9.26;0;n/a;126297.96;8277.52;282408.08;34887.39;64.5;62.82;1741;simulation_utilisateur + repartition_regionale;historique_synthetique;
OFF-2008-19;2008;Anosy;207382.5;89620.42;5049.13;111946.91;0.0;0.0;766.05;151.71;0.708;10.1;8.82;0;126682.59;101498.22;6665.85;228180.81;28268.86;50.7;68.44;1827;simulation_utilisateur + repartition_regionale;historique_synthetique;source secondaire
OFF-2015-13;2015;Boeny;151365.55;0.0;125323.04;0.0;25307.12;257.39;478.0;270.6;0.239;14.99;37.38;3;177264.06;122580.35;11942.34;299844.41;41700.25;29.2;111.12;2 657;simulation_utilisateur + repartition_regionale;historique_synthetique;a verifier
OFF-2009-17;2009;Atsimo-Andrefana;n/a;0.0;142454.67;506951.83;3966.08;0.0;1684.16;220.0;0.541;11.97;15.16;0;320184.42;236083.53;18374.49;556267.95;72700.27;59.5;64.03;1839;simulation_utilisateur + repartition_regionale;historique_synthetique;
OFF-2030-03;2030;Itasy;3047.58;11.38;12.52;0.0;0.0;0.0;3023.68;866.16;-0.45;23.73;40.77;2;264.89;78812.04;12156.12;79076.92;10015.7;47.8;436.01;9633;projection_scenario_tendanciel;projection_scenario;estimation
OFF-2019-04;2019;Bongolava;4640.5;0.0;3357.32;0.0;0.0;0.0;1283.18;207.24;1.215;16.75;23.11;0;4354.27;17373.52;1891.94;21727.79;2335.16;90,00;178.64;4693;simulation_utilisateur + repartition_regionale;historique_synthetique;estimation
OFF-2018-04;2018;Bongolava;4629.9;0.0;3394.5;0.0;0.0;0.0;1235.4;203.25;0.979;16.3;26.78;0;4020.18;18062.19;1913.9;22082.36;2293.03;88.4;133.04;4511;simulation_utilisateur + repartition_regionale;historique_synthetique;
OFF-2029-01;2029;Analamanga;114438.08;14522.64;331.88;0.0;0.0;532.92;99050.64;22899.46;1.068;22.82;37.43;2;745706.99;2029171.96;301009.38;2774878.94;381054.95;21.5;353.63;9321;projection_scenario_tendanciel;projection_scenario;source secondaire
OFF-2012-21;2012;DIANA;254828.16;166515.05;51907.0;0.0;18759.09;17647.01;0.0;3298.9;1.017;13.72;17.24;6;1216696.59;243040.28;21669.29;1459736.87;236774.21;47.8;102.37;2421;simulation_utilisateur + repartition_regionale;historique_synthetique;
OFF-2019-05;2019;Haute Matsiatra;61420.12;34138.76;1280.97;0.0;0.0;22887.17;3113.23;2283.18;1.524;17.22;24.84;0;178940.35;106447.93;11911.35;285388.28;41976.57;-;169.3;4203;simulation_utilisateur + repartition_regionale;historique_synthetique;source secondaire
OFF-2021-01;2021;Analamanga;87710.0;16683.95;377.27;0.0;0.0;378.08;70270.71;15506.72;1.554;18.41;27.48;0;527629.41;1828625.23;218828.6;2356254.64;274412.75;18.6;205.42;4828;simulation_utilisateur + repartition_regionale;historique_synthetique;estimation
OFF-2009-11;2009;Analanjirofo;360386.57;360104.77;76.75;0.0;0.0;30.76;174.3;94.79;0.399;11.2;10.97;0;382007.18;278693.63;20296.65;660700.81;85404.54;74.6;70.33;1988;simulation_utilisateur + repartition_regionale;historique_synthetique;a verifier
OFF-2014-11;2014;Analanjirofo;340583.59;340117.12;73.94;0.0;0.0;58.88;-;172.88;0.873;n/a;18.48;0;314055.03;248348.35;23611.04;562403.38;75890.96;73.6;101.39;3161;simulation_utilisateur + repartition_regionale;historique_synthetique;
OFF-2014-04;2014;Bongolava;4332.04;0.0;3373.13;0.0;0.0;ND;958.91;211.58;0.637;14.2;19.01;0;3775.02;18496.96;1707.58;22271.97;ND;83.7;109.21;3245;simulation_utilisateur + repartition_regionale;historique_synthetique;
OFF-2006-16;2006;Melaky;220210.32;0.0;204476.26;0.0;15586.52;22.13;125.41;84.92;0.242;8.89;6.6;0;-;131998.42;7628.02;323748.81;40770.05;63.6;57.41;1445;simulation_utilisateur + repartition_regionale;historique_synthetique;source secondaire
OFF-2019-13;2019;Boeny;158420.09;0.0;129578.61;0.0;27772.1;374.29;695.1;235.74;1.095;15.78;42.11;8;180309.7;126621.98;12983.71;306931.69;43102.39;31.8;162.53;4087;simulation_utilisateur + repartition_regionale;historique_synthetique;
OFF-2007-01;2007;Analamanga;63358.82;19869.94;420.75;0.0;0.0;230.48;42837.65;-3537.19;0.534;9.76;9.5;0;257567.37;1575634.59;100001.83;1833201.95;128363.63;20.4;54.96;1525;simulation_utilisateur + repartition_regionale;historique_synthetique;
OFF-2003-21;2003;DIANA;261981.14;176760.8;54011.03;0.0;18826.22;12383.08;0.0;1837.66;0.466;8.83;4.53;0;1022844.51;267009.22;15323.32;1289853.73;196677.13;44.2;49.27;1047;simulation_utilisateur + repartition_regionale;historique_synthetique;a verifier
OFF-2009-18;2009;Androy;177190.55;0.0;2322.93;174650.25;2.06;0.0;215.31;98.84;0.57;11.74;12.0;;121088.27;79509.73;6 066;200598.0;26769.81;76.4;80.35;1956;simulation_utilisateur + repartition_regionale;historique_synthetique;estimation
OFF-2021-07;2021;Vatovavy-Fitovinany;69874.71;68890.22;0.0;0.0;0.0;0.0;984.49;444.88;1.596;16.94;30.29;1;59952.31;69399.03;7640.28;129351.34;17056.44;81.3;179.55;5074;simulation_utilisateur + repartition_regionale;historique_synthetique;estimation
OFF-2005-04;2005;Bongolava;4083.17;0.0;3507.44;0.0;0.0;0.0;575.73;127.18;0.288;9.03;5.24;0;4341.28;19243.1;1129.1;23584.38;1707.29;78.0;53.47;1462;Etude_JariAla_2005 + simulation_utilisateur;historique_synthetique;
OFF-2018-16;2018;Melaky;216576.29;0.0;199709.39;0.0;16303.66;84.49;478.75;144.35;1.019;15.83;25.0;0;157203.54;116926.58;12028.7;274130.12;38160.17;65.6;150.29;3891;simulation_utilisateur + repartition_regionale;historique_synthetique;
OFF-2012-09;2012;Atsimo-Atsinanana;121833.76;121497.74;0.0;0.0;0.0;50.4;285.61;167.38;1.062;13.13;16.13;0;124333.44;101542.44;8667.66;225875.88;29487.5;63.6;82.54;2564;simulation_utilisateur + repartition_regionale;historique_synthetique;source secondaire
OFF-2013-03;2013;Itasy;1141.49;14.53;15.22;;0,00;0.0;1111.74;250.29;0.724;12.72;18.22;0;180.81;39684.54;3280.22;39865.35;2722.33;48.1;106.25;2442;simulation_utilisateur + repartition_regionale;historique_synthetique;
OFF-2029-04;2029;Bongolava;5377.91;0.0;2897.95;0.0;0.0;0.0;2479.96;736.97;0.731;21.79;35.4;1;2773.83;17254.5;2443.8;20028.33;2503.2;78.6;363.61;10500;projection_scenario_tendanciel;projection_scenario;unite non confirmee
OFF-2001-17;2001;Atsimo-Andrefana;690093.94;0.0;148149.71;536575.33;4038.92;0.0;1329.99;225.76;0.413;7;2.49;0;340273.39;279321.87;12709.15;619595.26;71670.71;58.6;40;1023;simulation_utilisateur + repartition_regionale;historique_synthetique;source secondaire
OFF-2012-15;2012;Betsiboka;;5763.49;21353.12;0.0;0.42;891.5;837.6;307.99;0.886;12.56;16.64;0;49542.29;53470.39;4364.62;103012.68;12496.6;66.7;101.53;2282;simulation_utilisateur + repartition_regionale;historique_synthetique;estimation
OFF-2028-20;2028;Menabe;268098.1;0.0;254413.44;0.0;12253.09;214.74;1216.84;563.53;0.919;20.8;34.05;1;77253.64;83747.69;11323.33;161001.33;23190.79;50.8;368.68;9201;projection_scenario_tendanciel;projection_scenario;
OFF-2014-15;2014;Betsiboka;28522.66;5644.23;21006.29;0.0;0.41;965.04;906.69;280.4;0.834;14.4;20,62;0;47408.99;53576.24;5014.54;100985.22;12645.54;69.0;110.57;3074;simulation_utilisateur + repartition_regionale;historique_synthetique;
OFF-2019-01;2019;Analamanga;82677.94;17386.71;389.8;0.0;0.0;347.32;64554.12;5540.9;1.411;17.69;25.75;0;368325.78;1804034.43;207460.78;2 172 360;236416.48;20.8;165.31;3690;simulation_utilisateur + repartition_regionale;historique_synthetique;
OFF-2005-07;2005;Vatovavy-Fitovinany;83523.77;83263.68;0.0;0.0;0.0;0.0;260.09;101.6;0.485;9.82;10.17;0;129523.29;100241.95;6398.08;229765.23;28560.61;79.0;48.28;1491;Etude_JariAla_2005 + simulation_utilisateur;historique_synthetique;estimation
OFF-2027-12;2027;Alaotra-Mangoro;281170.07;156673.26;257.11;0.0;0.0;84364.42;39875.28;33178.21;1.223;20.47;32.73;1;2359419.9;546123.36;72655.42;2905543.26;484273.02;61.8;290.81;8 197;projection_scenario_tendanciel;projection_scenario;estimation
OFF-2019-15;2019;Betsiboka;28596.46;5438.74;20795.9;0.0;0.43;1217.51;1143.89;317.28;1.215;17.47;26.68;0;51799.54;46314.09;5258.21;98113.62;13635.65;65.0;163.39;4186;simulation_utilisateur + repartition_regionale;historique_synthetique;estimation
OFF-2016-03;2016;Itasy;1238.38;14.13;14.68;0.0;0.0;0.0;1209.57;224.64;0.496;15.97;20.02;0;187.45;39936.38;4145.52;40123.83;3433.07;46.9;131.95;2996;simulation_utilisateur + repartition_regionale;historique_synthetique;donnee agregee
OFF-2003-19;2003;Anosy;214568.34;92620.77;5179.01;116153.65;0.0;0.0;614.91;145.69;0.524;8.52;7.69;0;142477.91;113097.16;6265.85;255575.07;30784.02;47.6;41.32;1092;simulation_utilisateur + repartition_regionale;historique_synthetique;source secondaire
OFF-2006-12;2006;Alaotra-Mangoro;262334.43;209294.23;318.01;0.0;0.0;35800.77;16921.42;5421.42;0.432;10.12;8.01;0;1312886.01;721554.54;47457.19;2034440.55;275234.38;67.1;59.93;1522;simulation_utilisateur + repartition_regionale;historique_synthetique;donnee agregee
OFF-2007-05;2007;Haute Matsiatra;58316.74;38984.37;1381.92;0.0;0.0;15801.1;2149.35;1445.71;0.668;9.37;7.85;0;166593.57;124922.24;7611.35;291515.81;36228.15;66.2;63.65;1686;simulation_utilisateur + repartition_regionale;historique_synthetique;donnee agregee
OFF-2028-06;2028;Amoron'i Mania;16669.12;14791.34;239.18;0.0;0.0;-0.0;1638.6;534.56;1.132;21.24;38.41;2;18949.9;25764.28;3557.1;44714.18;6 328;60.0;323.86;8775;projection_scenario_tendanciel;projection_scenario;
OFF-2023-07;2023;Vatovavy-Fitovinany;67571.46;66382.35;0.0;0.0;0.0;0.0;1189.11;424.63;1.272;18.56;32.02;1;55997.39;64175.72;7743.99;120173.11;16429.6;79.0;213.21;6678;estimation_synthetique_calibree;historique_synthetique;
OFF-2000-14;2000;Sofia;289362.44;186169.37;87373.9;0.0;15795.29;3.58;20.3;103.66;0.348;7;1.71;0;706168.6;624212.27;28401.66;1330380.88;150399.71;56.8;40;883;simulation_utilisateur + repartition_regionale;historique_synthetique;source secondaire
OFF-2020-20;2020;Menabe;300684.88;0.0;286453.42;0.0;13540.78;103.6;587.08;267.38;1.079;16.36;24.62;0;127198.67;116842.68;12427.15;244041.35;33086.02;46.2;192.09;4206;simulation_utilisateur + repartition_regionale;historique_synthetique;
OFF-2021-17;2021;Atsimo-Andrefana;546391.46;0.0;127905.09;411516.53;4013.82;0.0;2956.02;821.39;1.516;18.27;29.84;0;177440.08;166834.06;19807.85;344274.14;48181.65;61.0;185.04;5065;simulation_utilisateur + repartition_regionale;historique_synthetique;donnee agregee
OFF-2016-14;2016;Sofia;ND;166360.4;79423.87;0.0;14790.21;68.56;388.48;171.16;0.347;15.63;24.25;n/a;634285.07;486338.16;49402.1;1120623.23;;58.0;116.58;3607;simulation_utilisateur + repartition_regionale;historique_synthetique;
OFF-2003-11;2003;Analanjirofo;374145.42;373980.26;79.03;0.0;0.0;12.92;73.21;98.01;0.517;7.36;4.42;0;427537.86;283791.09;13570.88;711328.94;88084.93;77.0;47.03;1143;simulation_utilisateur + repartition_regionale;historique_synthetique;
OFF-2006-05;2006;Haute Matsiatra;58271.89;39244.01;1389.02;0.0;0.0;15526.82;2112.04;1337.01;0.43;9.74;7.06;0;161260.05;123546.98;7822.15;284807.04;35440.97;74.1;53.11;1467;simulation_utilisateur + repartition_regionale;historique_synthetique;
OFF-2000-06;2000;Amoron'i Mania;21201.13;20753.1;308.24;0.0;0.0;0.0;139.78;110.38;0.453;7;0.61;0;52509.77;48405.53;2202.45;100915.3;11257.77;60.7;40;925;simulation_utilisateur + repartition_regionale;historique_synthetique;
OFF-2002-11;2002;Analanjirofo;376 186;376042.94;79.36;0.0;0.0;9,55;54.13;102.1;0.36;7.15;1.85;0;424042.63;306127.0;14229.69;730169.63;87996.02;75.3;;1204;simulation_utilisateur + repartition_regionale;historique_synthetique;estimation
OFF-2002-20;2002;Menabe;318254.27;0.0;304972.59;0.0;13217.13;9.68;54.86;92.12;0.378;7.27;2.54;0;211088.6;150561.09;7116.75;361649.69;43831.68;47.2;40;1107;simulation_utilisateur + repartition_regionale;historique_synthetique;a verifier
OFF-2029-13;2029;Boeny;139579.18;0.0;112325.73;0.0;24625.98;919.61;1707.85;1007.7;0.879;26.48;54.46;16;102491.37;91890.75;15815.67;194382.12;31417.29;31.0;394.04;8553;projection_scenario_tendanciel;projection_scenario;a verifier
OFF-2007-21;2007;DIANA;258760.99;-;53091.63;0.0;18666.92;14092.02;0.0;2000.26;0.39;9.9;12.02;0;1077539.01;265089.35;17 055;1342628.36;207942.45;46.2;60.47;1666;simulation_utilisateur + repartition_regionale;historique_synthetique;estimation
OFF-2013-02;2013;Vakinankaratra;19044.08;5058.57;0.0;0.0;0.0;6045.51;7940.0;1882.85;0.998;14.09;17.64;0;41493.17;257326.31;188529.44;298819.49;26793.04;74.3;93.92;2680;simulation_utilisateur + repartition_regionale;historique_synthetique;estimation
OFF-2015-15;2015;Betsiboka;27883.14;5562.66;20480.48;0.0;0.4;948.48;891.13;302.05;0.321;13.92;18.67;0;46360.33;52038.01;4710.02;98398.34;12207.08;65.0;119.48;3230;simulation_utilisateur + repartition_regionale;historique_synthetique;
OFF-2007-02;2007;Vakinankaratra;16914.99;5359.48;0.0;0.0;0.0;4995.1;6560.42;1089.06;0.557;10.64;7.97;0;33570.52;227817.03;15753.89;261387.54;18960.88;72.3;55.4;1625;simulation_utilisateur + repartition_regionale;historique_synthetique;
OFF-2012-13;2012;Boeny;158435.3;0.0;131055.05;0.0;26800.97;202.75;376.53;275.04;0.649;13.28;15.37;0;181237.46;124919.61;10783.69;306157.06;41465.37;29.3;97.61;2070;simulation_utilisateur + repartition_regionale;historique_synthetique;donnee agregee
OFF-2015-20;2015;Menabe;295578.08;0.0;282694.34;0.0;12461.24;63.38;359.13;165.26;0.215;13.9;21.82;0;162325.49;125097.5;11299.14;287422.99;38483.89;53.1;105.24;3173;simulation_utilisateur + repartition_regionale;historique_synthetique;
OFF-2009-16;2009;Melaky;217789.43;0.0;202087.09;0.0;15488.9;32.02;181.42;108.39;0.368;10.88;13.19;0;199258.65;122722.87;8680.89;321981.52;42984.89;67.0;70,98;2090;simulation_utilisateur + repartition_regionale;historique_synthetique;
OFF-2027-22;2027;SAVA;264891.21;258424.88;4418.11;0.0;692.61;203.34;1152.27;544.35;1.135;20.39;37.14;2;245440.46;269325.19;35691.97;514765.65;73446.7;62.7;331.67;7835;projection_scenario_tendanciel;projection_scenario;
OFF-2018-21;2018;DIANA;251037.97;157503.7;50677.55;0.0;19397.26;23459.46;0.0;3157.86;1.368;16.47;39.88;14;1184052.07;237833.44;25465.44;1421885.51;234011.03;45.8;139.46;3555;simulation_utilisateur + repartition_regionale;historique_synthetique;estimation
OFF-2011-14;2011;Sofia;274666.57;174884.18;83776.23;0.0;-;44.03;249.51;171.69;0.747;13.13;13.74;0;655401.97;529866.0;45218.45;1185267.98;155051.49;60.5;82.12;2116;simulation_utilisateur + repartition_regionale;historique_synthetique;donnee agregee
OFF-2003-02;2003;Vakinankaratra;16006.07;5491.83;0.0;0.0;0.0;4544.98;5969.26;1105.85;0.433;7.61;6.67;0;33928.98;239396.37;11846.25;273325.35;15821.14;72.5;42.45;1236;simulation_utilisateur + repartition_regionale;historique_synthetique;
OFF-2027-02;2027;Vakinankaratra;29688.64;4038.45;0.0;0.0;0.0;11087.79;14562.4;6333.47;1.236;20.49;35.55;1;67801.96;303560.13;40438.79;371362.08;45364.16;68.7;286.28;8185;projection_scenario_tendanciel;projection_scenario;
OFF-2025-09;2025;Atsimo-Atsinanana;100039.74;98887.19;0.0;0.0;0.0;172.88;979.67;518.38;1.26;19.17;32.66;1;465506.24;67111.35;8363.84;125299.63;17332.24;67.7;281.6;7675;projection_scenario_tendanciel;projection_scenario;
OFF-2013-16;2013;Melaky;215355.17;0.0;199381.63;0.0;15617.44;53.42;302.69;149.28;0.745;13.41;15.7;0;151270.32;114958.06;10017.57;266228.37;35443.06;67.5;105.27;2900;simulation_utilisateur + repartition_regionale;historique_synthetique;
OFF-2008-16;2008;Melaky;218593.16;0.0;202882.7;0.0;15521.55;28.34;160.57;97.25;0.311;10,21;12.26;0;195440.2;-125072.3;8296.37;320512.5;41982.26;65.5;71.25;1884;simulation_utilisateur + repartition_regionale;historique_synthetique;estimation
OFF-2000-04;2000;Bongolava;3992.67;0.0;3567.39;0.0;0.0;0.0;425.28;136.85;0.321;7;0.42;0;3720.54;19000.19;864.51;22720.73;1378.59;88.2;40;910;simulation_utilisateur + repartition_regionale;historique_synthetique;a verifier
OFF-2019-20;2019;Menabe;304241.24;0.0;289981.62;0.0;13631.99;94.14;533.49;153.06;1.074;16.71;22.53;0;162831.67;113615.5;12342.7;276447.17;39430.71;52.2;174.67;3979;simulation_utilisateur + repartition_regionale;historique_synthetique;
OFF-2023-18;2023;Androy;135706.19;0.0;1984.78;132 775;2.02;0.0;944.39;417.62;1.453;18.04;32.84;1;46064.16;52685.04;6178.44;98749.2;13357.87;78.8;217.44;6027;estimation_synthetique_calibree;historique_synthetique;a verifier
OFF-2020-09;2020;Atsimo-Atsinanana;109559.96;108892.01;0.0;0.0;ND;100.19;567.76;226.13;1.444;17.18;29.11;0;86908.06;81654.01;9117.82;168562.07;23120.06;67.8;186.87;4547;simulation_utilisateur + repartition_regionale;historique_synthetique;estimation
OFF-2019-14;2019;Sofia;257867.37;161045.1;80109.44;0.0;16087.93;93.74;531.17;142.13;1.43;16.31;23.95;0;622851.44;430182.45;45614.97;1053033.9;149517.54;59.7;172.17;4509;simulation_utilisateur + repartition_regionale;historique_synthetique;a verifier
OFF-2010-10;2010;Atsinanana;161120.74;158145.43;0.0;0.0;0.0;0.0;2975.31;501.14;0.417;12.23;12.71;0;186538.82;190407.37;15130.44;376946.19;45983.94;55.7;71.97;1974;simulation_utilisateur + repartition_regionale;historique_synthetique;a verifier
OFF-2003-09;2003;Atsimo-Atsinanana;130 323;130239.35;0.0;0.0;0.0;12.62;71.5;90.73;0.349;7.01;6.87;0;156878.66;107994.29;4919.52;264872.95;32272.17;60.5;49.36;1195;simulation_utilisateur + repartition_regionale;historique_synthetique;source secondaire
OFF-2004-08;2004;Ihorombe;65593.43;58767.17;6714.64;0.0;0.0;16.74;94.88;100.7;0.408;8.83;5.35;0;94911.16;62983.11;3613.66;157894.27;20047.21;67.5;52.97;1368;simulation_utilisateur + repartition_regionale;historique_synthetique;donnee agregee
OFF-2013-09;2013;Atsimo-Atsinanana;120337.76;119964.45;0.0;0.0;0.0;56.0;317.31;163.6;1.009;14.14;15.13;0;119949.83;96365.6;8859.22;216315.43;28855.53;65.8;89.12;2642;simulation_utilisateur + repartition_regionale;historique_synthetique;source secondaire
OFF-2006-08;2006;Ihorombe;64881.86;58071.2;6652.88;0.0;0.0;23.67;134.11;101.6;0.427;9.99;8.97;0;88521.35;61660.41;4005.52;150181.76;19218.37;68.3;54.5;1401;simulation_utilisateur + repartition_regionale;historique_synthetique;
OFF-2018-13;2018;Boeny;159815.37;0.0;130889.42;-0.0;27911.96;354.89;659.09;249.04;0.838;16.77;44.8;7;179775.62;129037.5;14062.1;308813.13;43890.53;31.6;141.15;3689;simulation_utilisateur + repartition_regionale;historique_synthetique;source secondaire
OFF-2005-13;2005;Boeny;160490.67;0.0;133584.71;0.0;26679.6;79.22;147.13;156.08;0.262;9.28;9.66;0;220386.97;145923.22;8797.92;366310.19;46883.95;31.7;58.0;1289;Etude_JariAla_2005 + simulation_utilisateur;historique_synthetique;
OFF-2024-01;2024;Analamanga;97704.26;15779.02;358.88;0.0;0.0;436.5;81129.86;19513.26;1.329;19.64;30.23;1;671834.8;1851185.64;236321.81;2523020.43;314714.15;21.0;236.07;5668;estimation_synthetique_calibree;historique_synthetique;
OFF-2015-16;2015;Melaky;207500.79;0.0;192280.15;0,00;14815.36;60.79;344.48;155.42;0.251;15.18;21.58;0;142061.13;110824.03;10937.73;ND;34539.94;64.3;117.44;3085;simulation_utilisateur + repartition_regionale;historique_synthetique;donnee agregee
OFF-2014-08;2014;Ihorombe;60627.04;53891.32;6322.49;0.0;0.0;61.98;351.24;161.12;0.904;13.24;20.45;0;65839.47;54930.19;4728.39;120769.66;15728.38;73.2;118.39;3143;simulation_utilisateur + repartition_regionale;historique_synthetique;estimation
OFF-2010-11;2010;Analanjirofo;357756.11;357441.3;76.3;0.0;0.0;35.78;202.74;148.49;0.577;11.89;11.3;0;342163.46;247944.48;19155.15;590107.95;77296.64;71.8;73.19;2116;simulation_utilisateur + repartition_regionale;historique_synthetique;a verifier
OFF-2015-11;2015;Analanjirofo;339324.9;338842.09;72.66;0.0;0.0;61.52;348.62;174.22;0.382;15.48;23.0;0;317540.19;250230.64;25180.37;567770.83;77805.14;74.6;115.64;3146;simulation_utilisateur + repartition_regionale;historique_synthetique;donnee agregee
OFF-2015-04;2015;Bongolava;4243.88;0.0;3281.65;0.0;0.0;0.0;962.23;244.8;0.228;15.22;23.2;0;4016.13;18096.1;1789.98;22112.23;2190.69;87.9;123.32;3143;simulation_utilisateur + repartition_regionale;historique_synthetique;
OFF-2026-01;2026;Analamanga;103953.7;15237.56;347.48;0.0;0.0;472.9;87895.75;19838.03;1.242;20.08;36.66;1;631302.74;1932968.28;252236.68;2564271.02;320468.57;19.1;255.24;7012;projection_scenario_tendanciel;projection_scenario;source secondaire
OFF-2004-05;2004;Haute Matsiatra;58193.27;39721.82;1402.11;0.0;0.0;15025.5;2043.84;1674.31;0.419;7.74;4.88;0;181754.69;118143.58;5946.91;299898.27;37592.31;71.9;47.29;1300;simulation_utilisateur + repartition_regionale;historique_synthetique;
OFF-2014-05;2014;Haute Matsiatra;59354.67;36358.23;1318.44;0.0;0.0;19082.33;2595.68;2426.1;1.082;14.6;16.6;0;180608.75;112893.92;10712.25;293502.67;41293.62;65.3;109.72;ND;simulation_utilisateur + repartition_regionale;historique_synthetique;
OFF-2008-10;2008;Atsinanana;163191.33;160397.07;0.0;0.0;0.0;;2794.26;271.62;0.634;10.17;12.73;0;198328.12;211986.59;14008.58;410314.71;47186.1;55.3;60.1;1606;simulation_utilisateur + repartition_regionale;historique_synthetique;donnee agregee
OFF-2013-21;2013;DIANA;253145.52;164618.43;51446.58;0.0;18678.97;18401.54;0.0;3409.72;0.93;12.66;17.18;7;1221626.12;244892.05;20159.83;1466518.17;236423.76;49.0;90.69;2614;simulation_utilisateur + repartition_regionale;historique_synthetique;a verifier
OFF-2025-16;2025;Melaky;197339.19;0.0;181078.26;0.0;15164.03;164.53;932.36;440.61;0.839;19.82;29.91;0;78672.43;92318.12;11892.33;170990.56;23912.75;64.6;260.58;7207;projection_scenario_tendanciel;projection_scenario;a verifier
OFF-2019-17;2019;Atsimo-Andrefana;570668.72;0.0;132315.19;431632.17;4084.59;0.0;2636.76;310.97;1.583;17.55;25.48;0;249031.24;174424.56;19896.87;423455.8;61141.06;58.9;167.74;4324;simulation_utilisateur + repartition_regionale;historique_synthetique;
OFF-2018-05;2018;Haute Matsiatra;61574.82;34769.88;1299.08;0.0;0,00;22451.84;3054.01;2419.94;1.586;15.31;22.96;0;204876.1;108914.76;10838.85;313790.86;45765.56;73.5;135.35;4303;simulation_utilisateur + repartition_regionale;historique_synthetique;a verifier
OFF-2000-07;2000;Vatovavy-Fitovinany;85729.4;85585.46;0.0;0.0;0.0;0.0;143.94;110.25;0.569;7;0;0;114474.31;101224.25;4605.7;215698.55;24382.05;75.5;40;964;simulation_utilisateur + repartition_regionale;historique_synthetique;
OFF-2005-14;2005;Sofia;283094.05;181627.75;85699.21;0.0;15636.76;19.55;110.77;82.63;0.54;8.61;8.36;0;827699.81;577118.41;32312.33;1404818.22;175482.07;57.4;56.01;1256;Etude_JariAla_2005 + simulation_utilisateur;historique_synthetique;estimation
OFF-2007-04;2007;Bongolava;4112.01;0.0;3479.18;-0.0;0.0;0.0;632.82;135.58;0.496;10.5;7.85;0;4312.58;17506.85;9555.36;21819.43;1755.69;89.7;59.78;1673;simulation_utilisateur + repartition_regionale;historique_synthetique;
OFF-2004-11;2004;Analanjirofo;372110.36;371925.78;78.69;0.0;0.0;15.89;90.02;86.55;0.36;8.83;4.22;0;431273.21;273497.49;15704.93;704770.7;90507.23;69.8;52.7;1298;simulation_utilisateur + repartition_regionale;historique_synthetique;
OFF-2000-11;2000;Analanjirofo;380292.58;380192.92;80.04;0.0;0.0;2.94;16.67;85.15;0.387;7;0;0;365827.15;288111.37;13109.07;653938.52;76598.32;73.7;40;912;simulation_utilisateur + repartition_regionale;historique_synthetique;source secondaire
OFF-2014-11;2014;Analanjirofo;340583.59;340117.12;73.94;0.0;0.0;58.88;-;172.88;0.873;n/a;18.48;0;314055.03;248348.35;23611.04;562403.38;75890.96;73.6;101.39;3161;simulation_utilisateur + repartition_regionale;historique_synthetique;
OFF-2017-02;2017;Vakinankaratra;19680.13;4914.06;0.0;0.0;0.0;6382.92;8383.15;1703.32;0.477;16.26;24.32;0;43402.01;257125.14;27181.27;300527.15;30101.0;71.7;141.17;3668;simulation_utilisateur + repartition_regionale;historique_synthetique;
OFF-2025-06;2025;Amoron'i Mania;17115.95;15518.64;250.23;0.0;0.0;0.0;1347.08;542.58;1.172;19.66;29.76;0;22412.0;26733.66;3415.88;49145.66;6835.19;63.0;257.75;6591;projection_scenario_tendanciel;projection_scenario;
OFF-2009-07;2009;Vatovavy-Fitovinany;81418.34;81063.19;0.0;0.0;0.0;0.0;355.15;101.44;0.521;11.64;14.26;0;129553.51;93210.54;7055.02;222764.05;29104.75;75.8;70.23;1899;simulation_utilisateur + repartition_regionale;historique_synthetique;
OFF-2013-06;2013;Amoron i Mania;19613.38;18811.56;287.65;0.0;0.0;0.0;514.17;174.4;1.134;13.47;17.14;0;45314.1;38770.66;3394.88;84084.76;10940.34;57.3;101.34;2 568;simulation_utilisateur + repartition_regionale;historique_synthetique;
OFF-2027-04;2027;Bongolava;5201.69;0.0;2986.36;0.0;0.0;0.0;2215.33;616.23;0.774;21.67;32.94;1;2512.38;17862.03;2516.4;20374.42;2515.68;80.3;290.6;8584;projection_scenario_tendanciel;projection_scenario;a verifier
OFF-2010-13;2010;Boeny;157846.95;0.0;131028.94;0.0;26383.22;152.17;282.61;309.89;0.257;11.3;16.69;0;187831.12;131584.04;9665.42;319415.15;41735.25;28.7;71.76;1746;simulation_utilisateur + repartition_regionale;historique_synthetique;donnee agregee
OFF-2026-11;2026;Analanjirofo;280762.14;279453.77;63.97;0.0;0.0;186.66;-;523.86;1.181;20.0;36.64;1;142582.03;155262.35;20182.15;297844.39;42214.13;76.1;291.98;n/a;projection_scenario_tendanciel;projection_scenario;
OFF-2026-10;2026;Atsinanana;129820.78;123638.99;0.0;0.0;0.0;0.0;6181.79;1415.98;1.256;20.34;31.66;1;110627.05;120178.46;15886.44;230805.51;32939.75;59.6;315.67;7434;projection_scenario_tendanciel;projection_scenario;source secondaire
OFF-2004-16;2004;Melaky;221709.76;0.0;205951.1;0.0;15650.65;16.2;91.82;86.15;0.377;9.27;3.68;0;197856.52;136715.72;8238.62;334572.23;42369.84;65,50;51.39;1238;simulation_utilisateur + repartition_regionale;historique_synthetique;
OFF-2018-03;2018;Itasy;1501.49;13.94;15.02;0.0;0.0;0.0;1472.53;238.79;1.312;16.17;26.36;0;243.5;45363.38;4769.36;45606.88;3954.71;51.7;143.6;3775;simulation_utilisateur + repartition_regionale;historique_synthetique;estimation
OFF-2027-18;2027;Androy;126289.15;0.0;1857.19;123105.14;1.92;0.0;1324.9;474.34;1.285;20.15;37.34;2;35677.47;44219.08;5792.26;79896.54;11171.6;84.5;303.27;8172;projection_scenario_tendanciel;projection_scenario;
OFF-2020-12;2020;Alaotra-Mangoro;265606.81;178132.0;288.33;0.0;0.0;59203.6;27982.89;15998.5;1.519;17.14;24.9;0;1997379.11;587908.98;65506.61;2585288.09;413243.66;67.5;157.35;4535;simulation_utilisateur + repartition_regionale;historique_synthetique;
OFF-2026-02;2026;Vakinankaratra;28619.27;ND;0.0;0.0;0.0;10597.35;13918.27;6640.36;1.31;21.11;36.41;1;71429.95;304503.98;41786.72;375933.93;47122.5;69.5;282.09;7775;projection_scenario_tendanciel;projection_scenario;
OFF-2013-18;2013;Androy;166578.38;0.0;2246.12;163961.81;2.07;0.0;368.4;157.67;1.061;13.4;18.78;0;95067.43;69060.83;6016.6;164128.26;22045.75;76.8;103.71;2912;simulation_utilisateur + repartition_regionale;historique_synthetique;donnee agregee
OFF-2002-01;2002;Analamanga;59632.23;20470.08;430.57;0.0;0.0;207.27;38524.3;4063.69;0.525;7.77;5.27;0;265501.97;1475530.49;74518.34;1741032.46;108895.4;19.7;45.53;975;simulation_utilisateur + repartition_regionale;historique_synthetique;donnee agregee
OFF-2026-19;2026;Anosy;155424.6;67777.52;4129.31;81244.51;0.0;0.0;2273.26;662.89;1.352;20.84;36.84;1;-;61207.48;8292.09;109040.3;15409.42;49.7;259.59;7104;projection_scenario_tendanciel;projection_scenario;
OFF-2019-08;2019;Ihorombe;57502.58;50721.52;6153.37;0.0;0.0;94.15;533.54;142.92;1.486;16.02;24.51;0;64905.71;44493.9;4633.73;109399.6;15482.69;76.3;178.52;4642;simulation_utilisateur + repartition_regionale;historique_synthetique;estimation
OFF-2005-12;2005;Alaotra-Mangoro;262551.86;210696.21;319.65;0.0;0.0;34995.29;16540.71;5864.51;0.414;9.26;8.18;0;1468662.32;n/a;43278.47;2187893.4;299847.56;70.3;52.29;1459;Etude_JariAla_2005 + simulation_utilisateur;historique_synthetique;donnee agregee
OFF-2013-17;2013;Atsimo-Andrefana;623308.5;0.0;138306.79;478999.94;3977.08;0.0;2024.69;330.25;1.066;13.48;17.82;0;273265.11;227797.36;19965.44;501062.47;65559.38;57.9;93.87;2743;simulation_utilisateur + repartition_regionale;historique_synthetique;
OFF-2009-04;2009;Bongolava;4141.18;0.0;3451.0;0.0;0.0;0.0;690.18;138.84;0.246;10.45;14.5;0;4261.24;18832.32;1279.14;23093.55;1815.92;85.4;69.14;2139;simulation_utilisateur + repartition_regionale;historique_synthetique;
OFF-2018-10;2018;Atsinanana;147998.53;143757.6;0.0;0.0;0.0;0.0;4240.93;461.77;1.497;16.89;21.83;0;166535.77;158265.74;17379.64;324801.51;44227.74;57.2;163.57;3830;simulation_utilisateur + repartition_regionale;historique_synthetique;donnee agregee
OFF-2015-18;2015;Androy;165851.2;0.0;2194.22;163234.52;1.97;0.0;420.49;179.45;0.353;15.33;18.45;0;98769.12;69685.84;6943.67;168454.96;23472.25;75.5;118.7;3485;simulation_utilisateur + repartition_regionale;historique_synthetique;estimation
OFF-2015-03;2015;Itasy;1191.43;14.21;14.75;0,00;0.0;0.0;1162.47;277.87;0.441;13.67;18.35;0;197.52;38342.62;3406.88;38540.14;2829.19;52.7;128.1;2851;simulation_utilisateur + repartition_regionale;historique_synthetique;
OFF-2004-17;2004;Atsimo-Andrefana;678059.95;0.0;146192.01;526390.99;4013.54;0.0;1463.41;225.46;0.495;8.47;7.9;0;361528.15;268923.11;14801.92;630451.25;77212.64;60.4;49.1;1344;simulation_utilisateur + repartition_regionale;historique_synthetique;a verifier
OFF-2030-09;2030;Atsimo-Atsinanana;92942.59;91272.3;0.0;0.0;0.0;250.54;1 420;547.93;1.143;22.77;40.31;2;48114.81;57548.7;8519.14;105663.51;15646.36;65.0;416.0;10564;projection_scenario_tendanciel;projection_scenario;
OFF-2026-17;2026;Atsimo-Andrefana;498778.33;0.0;117664.12;373472.8;3752.96;0.0;3888.46;1119.82;1.197;20.02;34.09;1;148301.05;136095.44;17706.9;284396.5;41213.85;58.5;302.11;7471;projection_scenario_tendanciel;projection_scenario;
OFF-2020-21;2020;DIANA ;246018.13;152136.51;49324.73;0.0;19142.18;25414.7;0.0;5515.64;1.184;21.68;46.16;17;1193458.94;213858.02;30130.72;1407316.96;239529.8;42.4;n/a;4747;GIZ_PAGE2_2024 + estimation_synthetique;historique_synthetique;donnee agregee
OFF-2027-11;2027;Analanjirofo;276431.64;275013.4;63.02;0.0;0.0;203.28;1151.94;555.88;1.357;21.89;35.39;1;138803.05;159982.75;22765.63;298785.8;43652.36;n/a;276.21;8561;projection_scenario_tendanciel;projection_scenario;
OFF-2022-16;2022;Melaky;206434.91;0.0;189817.48;0.0;15793.62;123.57;700.24;387.76;0.999;18.98;26.99;0;90934.68;98019.45;12094.92;188954.13;26286.08;69.0;221.27;5762;estimation_synthetique_calibree;historique_synthetique;a verifier
OFF-2003-07;2003;Vatovavy-Fitovinany;84399.58;84186.86;0.0;0.0;0.0;0.0;212.73;92.76;0.309;7.33;3.84;0;137353.06;96494.83;4597.97;233847.88;28493.89;75.4;40;1228;simulation_utilisateur + repartition_regionale;historique_synthetique;a verifier
OFF-2004-21;2004;DIANA;261243.8;175882.31;53800.58;0.0;18788.13;12772.77;0.0;1753.66;0.245;9.32;7.26;0;1036914.65;279303.31;16920.41;1316217.96;200519.37;42.6;44.96;1227;simulation_utilisateur + repartition_regionale;historique_synthetique;source secondaire
OFF-2018-11;2018;Analanjirofo;-;324925.18;72.8;0.0;0.0;85.4;483.91;133.47;1.413;16.37;22.05;0;288742.1;215732.0;22953.76;504474.1;70795.66;69.1;137.12;4 124;simulation_utilisateur + repartition_regionale;historique_synthetique;
OFF-2029-11;2029;Analanjirofo;267966.03;266330.62;61.1;0.0;0.0;236.15;1338.17;601.03;1.267;23.06;35.2;1;135427.8;143126.03;21457.33;278553.83;41972.02;73.2;409.37;9847;projection_scenario_tendanciel;projection_scenario;estimation
OFF-2001-11;2001;Analanjirofo;378233.77;378113.82;79.7;0.0;0,00;6.04;34.21;89.73;0.294;7;3.75;0;410087.41;304141.75;13838.45;714229.16;85163.26;70,00;;1 044;simulation_utilisateur + repartition_regionale;historique_synthetique;a verifier
OFF-2003-03;2003;Itasy;708.41;15.57;15.96;0.0;0.0;0.0;676.88;133.51;0.256;7.71;7.17;0;124.5;24683.87;1237.69;24808.37;1037.32;52.9;40;1093;simulation_utilisateur + repartition_regionale;historique_synthetique;estimation
OFF-2018-15;2018;Betsiboka;28851.47;5521.35;21040.38;0.0;0.43;1180.34;1108.97;284.25;1.196;16.04;22.52;0;47722.92;48793.89;-;-96516.81;12762.49;65.2;151.23;4216;simulation_utilisateur + repartition_regionale;historique_synthetique;
OFF-2009-08;2009;Ihorombe;63719.71;56942.17;6552.69;0.0;0.0;33.73;191.13;110.01;0.627;10.76;11.99;0;90614.13;58927.11;4120.38;149541.25;19689.26;78.8;70.48;1986;simulation_utilisateur + repartition_regionale;historique_synthetique;
OFF-2029-10;2029;Atsinanana;124921.26;117832.85;0.0;0.0;0.0;0.0;7088.4;1775.14;1.064;23.07;35.69;1;104316.44;112292.32;16841.81;216608.76;32587.24;55.3;328.78;9876;projection_scenario_tendanciel;projection_scenario;a verifier
OFF-2030-16;2030;Melaky;183957.39;0.0;168220.06;0.0;14151.68;237.85;1347.8;487.88;0.716;22.83;36.26;1;62806.96;76131.41;11295.28;138938.37;20567.38;70.5;412.29;11194;projection_scenario_tendanciel;projection_scenario;donnee agregee
OFF-2014-02;2014;Vakinankaratra;-19385.82;4994.53;0.0;0.0;0.0;6220.92;8170.38;1881.42;1.113;13.03;21.31;0;n/a;246929.56;20909.49;287213.18;24396.83;67.6;95.83;2791;simulation_utilisateur + repartition_regionale;historique_synthetique;estimation
OFF-2002-09;2002;Atsimo-Atsinanana;131021.06;130957.71;0.0;0.0;0.0;9.5;53.84;85.82;0.45;7.99;5.74;0;157055.79;121205.86;6294.35;278261.65;33431.41;63.0;42.41;1155;simulation_utilisateur + repartition_regionale;historique_synthetique;
OFF-2012-06;2012;Amoron'i Mania;19816.32;19051.18;290.47;0.0;0.0;0.0;474.67;163.18;0.98;11.89;16.98;0;44339.05;38772.51;2997.76;83111.57;83513.52;59.5;90.16;2482;simulation_utilisateur + repartition_regionale;historique_synthetique;a verifier
OFF-2016-20;2016;Menabe;294408.81;0.0;281523.35;0.0;12425.83;68.94;390.68;172.89;0.39;15.57;24.06;0;168166.51;118 424;11987.54;286590.37;40099.76;52.7;123.96;3311;simulation_utilisateur + repartition_regionale;historique_synthetique;
OFF-2004-03;2004;Itasy;738.32;15.5;15.9;0.0;0.0;0.0;706.92;133.98;0.397;9.23;3.94;0;139.26;25328.08;1519.03;25467.33;1270.67;52.9;43.19;1277;simulation_utilisateur + repartition_regionale;historique_synthetique;
OFF-2025-11;2025;Analanjirofo;285159.65;283957.77;64.92;0.0;0.0;170.54;966.42;487.84;1.177;20.23;33.16;1;154088.91;174107.67;22895.8;328196.58;46510.56;72.6;250.61;7537;projection_scenario_tendanciel;projection_scenario;donnee agregee
OFF-2009-10;2009;Atsinanana;162190.25;159323.91;0.0;0.0;0.0;0.0;2866.35;329.41;0.42;10.43;10.92;0;214469.26;195541.11;13260.39;410010.37;49477.99;57.2;69.98;1799;simulation_utilisateur + repartition_regionale;historique_synthetique;
OFF-2011-11;2011;Analanjirofo;353686.35;353325.27;76.15;0.0;0.0;;242.19;174.35;1.066;11.57;15.64;0;313405.67;251902.7;18937.49;565308.37;71941.76;73.9;90.06;2489;simulation_utilisateur + repartition_regionale;historique_synthetique;
OFF-2003-13;2003;Boeny;161365.22;0.0;134424.32;0.0;26788.14;53.47;99.3;157.8;0.251;7.16;5.96;0;217415.6;141413.28;6585.0;358828.89;44534.51;29.9;42.57;1110;simulation_utilisateur + repartition_regionale;historique_synthetique;
OFF-2016-13;2016;Boeny;150852.59;0.0;124829.16;;25235.21;275.88;512.34;247.19;0.261;14.52;42.36;5;168793.23;121888.92;11502.56;290682.15;39 815;29.7;133.3;2890;simulation_utilisateur + repartition_regionale;historique_synthetique;estimation
OFF-2001-10;2001;Atsinanana;169654.09;167292.18;0.0;0.0;0.0;0.0;2361.91;273.31;0.513;7.52;1.47;0;217526.83;225588.45;11020.22;443115.29;48191.41;53.7;41.19;961;simulation_utilisateur + repartition_regionale;historique_synthetique;donnee agregee
OFF-2013-19;2013;Anosy;195405.87;-84746.93;4870.21;104759.82;0.0;0.0;1028.92;227.8;0.918;13.75;17.8;0;102373.4;89676.58;8012.95;192049.98;24997.83;46.5;98.1;2729;simulation_utilisateur + repartition_regionale;historique_synthetique;
OFF-2002-04;2002;Bongolava;4032.0;0.0;3543.38;0.0;0.0;0.0;488.62;137.14;0.303;7.52;6.82;0;4266.69;19521.2;953.69;23787.9;1550.03;89.1;43.79;1119;simulation_utilisateur + repartition_regionale;historique_synthetique;a verifier
OFF-2017-03;2017;Itasy;1279.95;14.05;14.62;0.0;0.0;0.0;1251.28;199.88;0.301;14.71;22.58;0;205.96;41630.45;3981.04;41836.4;3301.53;50.3;145.06;3400;simulation_utilisateur + repartition_regionale;historique_synthetique;donnee agregee
OFF-2014-10;2014;Atsinanana;153979.77;150479.98;0.0;0.0;0.0;0.0;3499.79;452.71;0.864;13.56;18.21;0;172213.83;178908.71;15768.52;351 123;43928.67;58.5;102.9;3007;simulation_utilisateur + repartition_regionale;historique_synthetique;a verifier
OFF-2010-20;2010;Menabe;309033.76;0.0;295789.31;0.0;12991.11;38.0;215.34;160.6;0.427;11.03;16.01;0;167125.49;133209.69;9552.32;300335.18;37915.49;53.2;85.16;2017;simulation_utilisateur + repartition_regionale;historique_synthetique;
OFF-2016-11;2016;Analanjirofo;337216.61;336704.41;72.29;0.0;ND;65.99;373.93;139.24;0.503;14.67;22.34;0;293531.07;230210.86;21944.85;523741.93;70830.37;76.9;135.54;3304;simulation_utilisateur + repartition_regionale;historique_synthetique;
OFF-2026-04;2026;Bongolava;5130.98;0.0;3029.56;0.0;0.0;0.0;2101.42;649.5;0.877;20.41;36.57;1;2761.87;16847.1;2235.01;19608.97;2329.85;78.3;n/a;8392;projection_scenario_tendanciel;projection_scenario;a verifier
OFF-2020-03;2020;Itasy;1642.17;13.47;14.63;0.0;0.0;0.0;1614.07;400.96;1.241;17.22;26.38;0;200.94;47992.2;5371.56;48193.14;4440.85;53.1;180.07;4540;simulation_utilisateur + repartition_regionale;historique_synthetique;estimation
OFF-2001-07;2001;Vatovavy-Fitovinany;85283.6;85117.41;0.0;0.0;0.0;0.0;166.2;97.31;0.382;7;0.37;0;134941.18;106566.15;4848.76;241507.33;28265.4;80.0;40;996;simulation_utilisateur + repartition_regionale;historique_synthetique;
OFF-2022-13;2022;Boeny;153163.61;0.0;124645.04;0.0;27055.17;512.19;951.21;681.48;0.784;22.15;46.82;12;122848.74;114294.16;16455.72;237142.9;35606.46;33.6;217.54;4806;GIZ_PAGE2_2024 + estimation_synthetique;historique_synthetique;donnee agregee
OFF-2022-15;2022;Betsiboka;27901.79;5166.3;19922.79;0.0;0.42;1449.98;1362.3;743.0;1.07;17.55;27.37;0;33541.16;43326.56;4943.29;76867.71;10090.91;68.1;196.16;5580;estimation_synthetique_calibree;historique_synthetique;estimation
OFF-2014-19;2014;Anosy;192703.22;83611.03;4819.82;103187.54;0.0;0.0;1084.83;250.85;1.06;14.07;21.19;0;110043.85;91781.0;8395.0;201824.85;26691.79;44.2;113.58;2543;simulation_utilisateur + repartition_regionale;historique_synthetique;estimation
OFF-2027-14;2027;Sofia;226729.15;140003.96;70752.95;0.0;14624.41;;1145.65;519.27;0.968;20.73;-;2;298019.82;323268.98;43566.69;621288.8;89368.25;58.1;289.5;8615;projection_scenario_tendanciel;projection_scenario;donnee agregee
OFF-2017-04;2017;Bongolava;4303.77;0.0;3254.63;0.0;0.0;0.0;1049.14;212.43;0.185;14.65;22.44;0;4031.88;17892.19;1704.0;21924.08;2123.02;81.4;144.81;3554;simulation_utilisateur + repartition_regionale;historique_synthetique;estimation
OFF-2028-11;2028;Analanjirofo;272162.8;270638.44;62.06;0.0;0.0;219.35;1242.96;558.26;1.07;21.69;34.79;1;124190.41;155732.36;21951.79;279922.76;40354.75;71.7;306.01;9018;projection_scenario_tendanciel;projection_scenario;
OFF-2028-21;2028;DIANA;232905.82;132501.07;43510.91;0.0;17284.41;39609.42;0.0;10535.49;0.902;24.58;52.66;23;1155964.36;176667.77;28230.19;1332632.13;231222.34;42.5;322.94;8016;projection_scenario_tendanciel;projection_scenario;source secondaire
OFF-2008-03;2008;Itasy;856.85;15.15;15.62;0.0;0.0;0.0;826.08;150.45;0.341;11.13;8.99;0;161.44;31307.02;2265.85;31468.46;1887.05;47.8;64.1;1776;simulation_utilisateur + repartition_regionale;historique_synthetique;
OFF-2019-03;2019;Itasy;1550.47;13.71;14.83;0.0;0.0;0.0;1521.93;216.36;1.171;17.07;24.95;0;234.34;48190.81;5345.62;48425.15;4425.59;51.8;181.23;32336.0;simulation_utilisateur + repartition_regionale;historique_synthetique;donnee agregee
OFF-2020-22;2020;SAVA;300119.67;293739.2;4953.62;0.0;757.42;100.41;569.01;230.37;1.41;16.96;28.2;0;375121.22;342454.77;37758.78;717575.99;98484.02;69.8;189.33;5004;simulation_utilisateur + repartition_regionale;historique_synthetique;estimation
OFF-2028-09;2028;Atsimo-Atsinanana;95713.65;94248.73;0.0;0.0;0.0;219.74;1245.19;538.5;1.072;22.03;35.95;1;50011.38;61828.77;8852.49;111840.15;16261.09;62.3;350.94;9587;projection_scenario_tendanciel;projection_scenario;source secondaire
OFF-2023-20;2023;Menabe;288307.32;0.0;274254.0;0.0;13105.8;142.13;805.39;413.62;0.891;19.43;32.58;1;92919.86;101491.1;12817.4;194410.97;27235.84;52.4;200.97;5538;estimation_synthetique_calibree;historique_synthetique;
OFF-2009-05;2009;Haute Matsiatra;58365.12;ND;ND;0.0;0.0;16309.86;2218.55;1414.63;0.618;10.93;ND;0;163184.96;125245.04;8898.32;288 430;36669.91;68.2;72.11;1873;simulation_utilisateur + repartition_regionale;historique_synthetique;estimation
OFF-2028-16;2028;Melaky;189478.12;0.0;173489.75;0.0;14581.91;210.97;1 196;506.54;0.93;22.59;34.22;1;69625.07;86532.3;12704.36;156157.37;22950.09;65.6;371.33;8718;projection_scenario_tendanciel;projection_scenario;donnee agregee
OFF-2005-08;2005;Ihorombe;65272.28;58451.15;6686.47;0.0;0.0;20.2;114.46;100.99;0.617;9.92;8.52;0;89605.55;60790.07;3921.7;150395.62;19344.79;73.2;47.67;1426;Etude_JariAla_2005 + simulation_utilisateur;historique_synthetique;donnee agregee
OFF-2029-21;2029;DIANA;232033.23;130417.78;42844.35;0.0;17032.64;41738.47;0.0;12183.81;0.951;24.92;54.62;23;1270712.09;175242.88;28388.67;1445954.97;252006.89;42.8;337.19;9887;projection_scenario_tendanciel;projection_scenario;
OFF-2006-20;2006;Menabe;314008.24;0.0;300749.02;0.0;13109.87;22.4;126.96;100.8;0.279;9.88;8.76;0;200757.15;135321.95;8690.38;336079.09;43262.39;52.4;57.81;1455;simulation_utilisateur + repartition_regionale;historique_synthetique;
OFF-2014-16;2014;Melaky;213843.42;0.0;197894.36;0.0;15557.31;58.76;332.98;157.09;0.569;14.54;16.38;0;147285.7;112279.75;10609.68;259565.45;35211.36;64.0;115.42;3031;simulation_utilisateur + repartition_regionale;historique_synthetique;a verifier
OFF-2016-01;2016;Analamanga;72569.32;18335.09;392.28;0.0;0.0;288.13;53553.81;6952.13;0.531;15.58;19.23;0;412232.23;1645877.82;166665.81;2058110.05;210867.77;21.5;135.91;2885;simulation_utilisateur + repartition_regionale;historique_synthetique;
OFF-2023-14;2023;Sofia;241483.35;149759.7;75332.32;0.0;15438.96;142.86;809.52;383.04;1.282;19.16;31.91;1;345738.85;396916.24;49426.68;742655.1;;59.3;225.1;5708;estimation_synthetique_calibree;historique_synthetique;a verifier
OFF-2010-03;2010;Itasy;945.08;14.96;15.47;0.0;0.0;0.0;914.66;261.42;0.357;12.74;12.91;0;144.32;32383.53;2681.38;32527.86;2 225;54.0;69.42;2192;simulation_utilisateur + repartition_regionale;historique_synthetique;a verifier
OFF-2030-21;2030;DIANA;230778.77;128353.71;42174.39;0.0;16772.5;43478.16;0.0;10890.37;1.003;26.65;58.71;23;1069707.56;180765.85;31311.59;1250473.41;218222.87;42.9;401.91;10412;projection_scenario_tendanciel;projection_scenario;a verifier
OFF-2019-02;2019;Vakinankaratra;22241.94;4684.11;0.0;0.0;0.0;7589.72;9968.12;1795.46;1.469;16.42;24.73;0;47355.98;258020.48;27541.64;305376.46;31108.22;69.7;147.16;4193;simulation_utilisateur + repartition_regionale;historique_synthetique;
OFF-2027-13;2027;Boeny;143330.51;0.0;115722.16;0.0;25334.77;795.75;1477.82;841.72;0.747;24.78;50.44;16;100801.5;99163.38;15974.62;199964.88;31243.46;33.6;349.79;7871;projection_scenario_tendanciel;projection_scenario;a verifier
OFF-2010-07;2010;Vatovavy-Fitovinany;80857.45;80463.59;0.0;0.0;0.0;0.0;393.86;172.74;0.629;11.6;15.14;0;105885.77;94330.44;7110.5;200216.21;24890.05;87.4;83.35;2100;simulation_utilisateur + repartition_regionale;historique_synthetique;a verifier
OFF-2012-12;2012;Alaotra-Mangoro;263334.41;198739.75;307.67;0.0;0.0;43653.8;20633.2;9431.82;1.087;12.05;15.98;0;1625698.6;650486.14;50941.15;2276184.74;334397.49;68.5;83.07;2406;simulation_utilisateur + repartition_regionale;historique_synthetique;estimation
OFF-2016-19;2016;Anosy;192116.74;83043.97;4723.21;103216.38;0.0;0.0;1133.19;219.38;0.424;16.02;24.23;0;101952.91;90324.61;9407.16;192277.52;26065.4;50.3;112.83;3283;simulation_utilisateur + repartition_regionale;historique_synthetique;a verifier
OFF-2004-22;2004;SAVA;355261.03;348897.52;5510.13;0.0;747.96;15.81;89.61;95.45;0.341;7.82;7.0;0;719245.04;497512.59;25289.6;1216757.63;150201.58;65.7;50.37;1260;simulation_utilisateur + repartition_regionale;historique_synthetique;
OFF-2012-01;2012;Analamanga;69940.19;19000.78;409.27;0.0;0.0;270.41;50 260;7421.95;0.999;11.9;16.35;0;401168.01;1684991.4;130382.24;2086159.41;179123.68;20.3;88.53;2133;simulation_utilisateur + repartition_regionale;historique_synthetique;source secondaire
OFF-2014-21;2014;DIANA;251427.65;162736.83;50988.19;0.0;18598.44;19104.2;0.0;3203.46;0.798;13.44;18,48;9;1068497.36;235604.41;20584.14;1304101.77;209208.52;42.2;101.96;2 856;simulation_utilisateur + repartition_regionale;historique_synthetique;a verifier
OFF-2026-09;2026;Atsimo-Atsinanana;98583.57;97318.66;0.0;0.0;0.0;189.74;1075.17;546.06;1.334;20.37;33.45;1;59314.6;61395.06;8130.18;120709.65;17343.37;69.2;262.07;8347;projection_scenario_tendanciel;projection_scenario;
OFF-2020-14;2020;Sofia;253814.77;158180.75;78 982;0.0;15970.54;102.21;579.2;-240.68;1.362;16.78;24.74;0;477267.35;414478.61;45197.49;-;122970.07;60.2;177.47;4710;simulation_utilisateur + repartition_regionale;historique_synthetique;a verifier
OFF-2011-06;2011;Amoron'i Mania;20023.99;19293.08;293.32;0.0;0.0;0.0;437.59;182.67;0.998;11.76;16.39;0;45220.49;40646.59;3107.6;85867.09;10687.92;59.1;90.9;2059;simulation_utilisateur + repartition_regionale;historique_synthetique;
OFF-2024-18;2024;Androy;133041.66;0.0;1949.9;130058.56;2.0;0.0;1031.21;418.02;1.62;18.48;28.89;n/a;44440.72;46465.44;5582.47;90906.16;12576.95;83.3;242.36;7112;estimation_synthetique_calibree;historique_synthetique;valeur saisie manuellement
OFF-2029-05;2029;Haute Matsiatra;68024.26;28522.55;1090.84;0.0;0.0;33811.64;4599.23;8540.31;1.179;22.48;40.48;2;225758.09;99537.41;14541.95;325295.5;52560.86;72.8;379.38;10130;projection_scenario_tendanciel;projection_scenario;estimation
OFF-2017-09;2017;Atsimo-Atsinanana;117025.56;116537.35;0.0;-;0.0;73.23;414.98;135.99;0.283;14.64;23.2;0;124289.71;93810.03;8925.36;218099.73;29690.94;65.3;142.2;3420;simulation_utilisateur + repartition_regionale;historique_synthetique;estimation
OFF-2028-19;2028;Anosy;150727.39;65611.19;4004.44;78574.91;0.0;0.0;2536.85;728.79;1.358;22.1;39.37;2;n/a;56513.57;8116.42;99666.31;14422.96;51.0;359.56;8914;projection_scenario_tendanciel;projection_scenario;estimation
OFF-2004-10;2004;Atsinanana;167096.57;164554.22;0.0;0.0;0.0;0.0;2542.35;272.6;0.412;8.87;8.59;0;222895.4;214954.73;12392.71;437850.13;50283.19;62.5;50.53;1373;simulation_utilisateur + repartition_regionale;historique_synthetique;a verifier
OFF-2006-06;2006;Amoron'i Mania;20635.5;20057.98;300.19;0.0;0.0;0.0;277.34;108.68;0.429;9.71;7.75;0;57610.66;43272.84;2730.18;100883.5;12608.67;60.8;54.06;1503;simulation_utilisateur + repartition_regionale;historique_synthetique;estimation
OFF-2015-22;2015;SAVA;324170.92;317953.3;5088.99;0.0;707.81;63.12;357.7;181.06;0.516;14.05;23.11;0;554523.82;408298.59;37285.13;962822.41;130388.09;64.5;127.42;3062;simulation_utilisateur + repartition_regionale;historique_synthetique;estimation
OFF-2022-20;2022;Menabe;292574.02;0.0;278442.91;0.0;13272.58;128.78;ND;380.14;0.92;17.49;26.97;0;101167.2;107 371;12209.63;208538.09;28221.99;52.4;-200.12;5719;estimation_synthetique_calibree;historique_synthetique;a verifier
OFF-2025-07;2025;Vatovavy-Fitovinany;65311.65;63920.78;0.0;0.0;0.0;0.0;1390.87;531.19;1.256;19.17;32.16;1;50809.07;57378.54;7150.75;108187.62;15009.24;79.3;296.85;7187;projection_scenario_tendanciel;projection_scenario;
OFF-2016-11;2016;Analanjirofo;337216.61;336704.41;72.29;0.0;ND;65.99;373.93;139.24;0.503;14.67;22.34;0;293531.07;230210.86;21944.85;523741.93;70830.37;76.9;135.54;3304;simulation_utilisateur + repartition_regionale;historique_synthetique;
OFF-2010-22;2010;SAVA;341701.02;335373.22;5343.44;0.0;737.07;37.09;210.2;157.01;0.636;11.83;14.87;0;538719.79;464657.62;35719.42;1003377.41;126259.48;67.3;84.41;2202;simulation_utilisateur + repartition_regionale;historique_synthetique;donnee agregee
OFF-2000-05;2000;Haute Matsiatra;57792.6;40598.02;1426.11;0.0;0.0;13880.39;1888.08;1327.53;0.476;7;0.05;0;132671.88;130735.91;5948.48;263407.79;28758.69;74.1;40;1020;simulation_utilisateur + repartition_regionale;historique_synthetique;estimation
OFF-2017-22;2017;SAVA;320249.78;314023.23;5038.31;0.0;703.87;72.66;411.71;141.72;0.518;15.9;25.61;0;518 004;411516.6;42531.56;929520.4;128116.56;62.8;141.32;3616;simulation_utilisateur + repartition_regionale;historique_synthetique;a verifier
OFF-2008-09;2008;Atsimo-Atsinanana;126446.45;126251.66;0.0;0.0;0.0;29.22;-165.57;94.0;0.411;11.25;9.7;0;160230.95;103550.48;7570.88;263781.43;35049.69;67.5;72.24;1761;simulation_utilisateur + repartition_regionale;historique_synthetique;
OFF-2009-13;2009;Boeny;158435.31;0.0;131612.82;0.0;26457.64;127.7;237.15;154.29;0.447;10.79;10.8;0;208014.09;137729.19;9655.87;345743.28;45360.35;30.8;75.73;1839;simulation_utilisateur + repartition_regionale;historique_synthetique;donnee agregee
OFF-2011-12;2011;Alaotra-Mangoro;263802.81;201270.92;310.69;0.0;0.0;42251.04;-;9374.45;0.918;11.35;17.76;0;1653627.11;663423.78;48959.62;2317050.89;337799.76;70.3;92.47;2312;simulation_utilisateur + repartition_regionale;historique_synthetique;a verifier
OFF-2019-19;2019;Anosy;177843.4;77710.69;4648.43;94053.9;0.0;0.0;1430.38;230.74;1.636;16.73;24.03;0;99239.63;73413.27;7982.51;172652.89;24408.79;50.1;159.14;4248;simulation_utilisateur + repartition_regionale;historique_synthetique;
OFF-2016-02;2016;Vakinankaratra;19361.91;4944.42;0.0;0.0;0.0;6232.24;8185.25;1774.35;0.339;15.22;22.61;0;41818.01;244248.21;24155.61;286066.22;27334.84;64.5;137.69;3370;simulation_utilisateur + repartition_regionale;historique_synthetique;
OFF-2017-11;2017;Analanjirofo;335183.1;334636.4;71.93;0.0;0.0;71.21;403.55;162.63;0.367;16.6;23.46;0;311863.91;231651.52;24989.76;543515.43;76627.11;75.9;134.08;3590;simulation_utilisateur + repartition_regionale;historique_synthetique;donnee agregee
OFF-2020-11;2020;Analanjirofo;313428.04;312686.17;70.67;0.0;0.0;100.68;570.52;275.69;1.561;17.66;27.12;0;225648.89;209 150;24006.6;434798.63;60302.21;72.5;156.6;4843;simulation_utilisateur + repartition_regionale;historique_synthetique;
OFF-2014-13;2014;Boeny;156522.58;0.0;129206.87;0.0;26602.21;249.72;463.77;281.82;0.684;14.08;20.12;2;172235.08;127435.84;11658.93;299670.93;40562.64;31.3;108.18;2452;simulation_utilisateur + repartition_regionale;historique_synthetique;
OFF-2001-14;2001;Sofia;n/a;185255.16;87037.83;0.0;15763.72;7.25;41.08;106.33;0.241;7;3.26;0;886829.05;629431.37;28639.13;1516260.42;183113.31;62.5;40;1030;simulation_utilisateur + repartition_regionale;historique_synthetique;
OFF-2014-18;2014;Androy;163996.19;0.0;2221.73;161370.16;2.06;0.0;402.24;149.43;1.127;13.03;19.82;0;86196.48;73446.61;6220.56;159 643;20616.23;80.4;97.74;2941;simulation_utilisateur + repartition_regionale;historique_synthetique;
OFF-2001-13;2001;Boeny;162 239;0.0;135264.65;0.0;26896.21;27.25;50.61;184.13;0.146;7.37;5.12;0;230469.97;145909.97;6992.98;376379.94;47218.84;31.7;40;949;simulation_utilisateur + repartition_regionale;historique_synthetique;source secondaire
OFF-2019-09;2019;Atsimo-Atsinanana;111699.05;111084.08;0,00;0.0;0.0;92.25;522.73;132.82;1.447;16.35;27.45;0;115470.08;84475.06;8978.1;199945.15;28146.66;68.8;164.71;4715;simulation_utilisateur + repartition_regionale;historique_synthetique;source secondaire
OFF-2010-06;2010;Amoron'i Mania;20194.63;19515.09;293.85;0.0;0.0;0.0;385.69;172.55;0.615;12.32;14.62;0;44515.7;39236.52;3140.94;83752.21;10588.39;62.6;73.89;2107;simulation_utilisateur + repartition_regionale;historique_synthetique;estimation
OFF-2007-22;2007;SAVA;348 743;342401.57;5430.6;0.0;742.89;25.19;142.74;84.72;0.646;10.43;10.49;0;694677.85;-;32980.93;1181115.3;152086.38;61.7;53.93;1608;simulation_utilisateur + repartition_regionale;historique_synthetique;source secondaire
OFF-2000-13;2000;Boeny;162670.67;0.0;135685.08;0.0;26950.08;12.43;23.09;154.18;0.128;7;0;0;184820.76;152547.84;6940.93;337368.6;38959.3;31.3;40;803;simulation_utilisateur + repartition_regionale;historique_synthetique;estimation
OFF-2002-19;2002;Anosy;215857.72;93161.32;5202.42;116911.94;0.0;0.0;582.04;138.68;0.332;7.6;6.76;0;145706.91;116532.46;5758.43;262239.37;30949.15;49.3;40;1103;simulation_utilisateur + repartition_regionale;historique_synthetique;
OFF-2002-15;2002;Betsiboka;29442.05;6096.89;22168.92;0.0;0,42;606.24;569.58;162.64;0.318;7.17;3.59;0;58 243;61472.58;2866.46;119715.13;12834.16;62.4;41.99;1115;simulation_utilisateur + repartition_regionale;historique_synthetique;source secondaire
OFF-2024-19;2024;Anosy;160836.5;70238.17;4267.1;84319.21;0.0;0.0;2012.02;615.33;1.574;20.25;33.63;1;55566.88;65180.42;8 580;120747.3;;51.2;260.33;6536;estimation_synthetique_calibree;historique_synthetique;donnee agregee
OFF-2029-19;2029;Anosy;148457.93;64559.16;3942.17;77295.36;0.0;0.0;2661.23;726.12;1.24;21.64;35.18;1;45120.33;52190.59;7342.06;97310.93;14142.15;47.5;373.1;9818;projection_scenario_tendanciel;projection_scenario;a verifier
OFF-2015-02;2015;Vakinankaratra;19030.27;4975.82;0.0;0.0;0.0;6075.31;7979.14;1913.15;0.328;14.41;22.88;0;41820.64;262142.7;24557.11;303963.33;27664.54;67.9;129.9;3218;simulation_utilisateur + repartition_regionale;historique_synthetique;donnee agregee
OFF-2001-04;2001;Bongolava;4012.93;0.0;3555.38;0.0;0.0;0.0;457.55;142.07;0.271;7;5.19;0;4409.62;18096.13;823.37;22505.75;1468.9;78.7;40.94;996;simulation_utilisateur + repartition_regionale;historique_synthetique;estimation
OFF-2023-22;2023;SAVA;283467.12;277073.83;4712.03;0.0;731.58;142.45;807.23;453.54;1.432;18.84;28.41;0;294539.34;314440.53;38503.79;608979.87;84590.19;69.2;242.1;6305;estimation_synthetique_calibree;historique_synthetique;source secondaire
OFF-2008-20;2008;Menabe;311617.96;0.0;298370.07;0.0;13055.22;28.9;163.77;97.24;0.239;10.78;13.23;0;196424.2;136533.14;9569.35;332957.34;43203.22;47.1;70.17;1599;simulation_utilisateur + repartition_regionale;historique_synthetique;source secondaire
OFF-2022-22;2022;SAVA;288655.04;282271.57;4791.15;0.0;741.24;127.66;723.41;389.45;1.516;18.59;31.0;1;290961.4;321794.27;38890.61;612755.67;84263.35;66.1;201.06;5631;estimation_synthetique_calibree;historique_synthetique;
OFF-2003-05;2003;Haute Matsiatra;58049.95;39939.59;1408.09;0.0;0.0;14702.38;1999.89;1321.66;0.406;8.14;4.92;0;167600.31;123151.64;6515.71;290751.96;35510.94;68.5;40;1149;simulation_utilisateur + repartition_regionale;historique_synthetique;estimation
OFF-2009-09;2009;Atsimo-Atsinanana;125621.93;125406.95;0.0;0.0;0.0;32.25;182.73;89.4;0.387;11.96;12.93;0;148192.21;105791.64;8224.93;253983.85;33419.04;60.8;70.91;1852;simulation_utilisateur + repartition_regionale;historique_synthetique;source secondaire
OFF-2015-07;2015;Vatovavy-Fitovinany;76862.04;76276.65;0.0;0.0;0.0;0.0;585.39;183.41;0.358;13,80;17.39;0;99290.04;80085.13;57453.52;179375.17;23761.19;79.5;115.29;3353;simulation_utilisateur + repartition_regionale;historique_synthetique;donnee agregee
OFF-2016-18;2016;Androy;164626.34;0.0;2182.06;161986.03;1.97;0.0;456.29;166.85;0.593;15.79;21.81;0;92591.81;68659.62;7049.1;161251.43;22446.79;83.5;126.34;3563;simulation_utilisateur + repartition_regionale;historique_synthetique;
OFF-2027-06;2027;Amoron'i Mania;16812.45;15030.29;242.88;0.0;0.0;0.0;1539.28;489.71;1.189;21.91;33.4;1;20262.01;26837.18;3822.29;47099.18;6781.44;61.1;306.48;8861;projection_scenario_tendanciel;projection_scenario;
OFF-2025-05;2025;Haute Matsiatra;64700.62;30406.9;1159.08;0.0;0.0;29167.17;3967.47;8068.63;1.26;19.75;33.84;;231655.64;112648.43;14460.15;344304.07;53555.33;65.5;280.39;6689;projection_scenario_tendanciel;projection_scenario;donnee agregee
OFF-2030-02;2030;Vakinankaratra;32597.34;3848.7;0.0;0.0;0.0;12427.16;16321.48;5907.33;1.131;22.57;41.24;2;59588.71;342447.55;50236.79;402036.26;51920.13;71.4;437.21;11739;projection_scenario_tendanciel;projection_scenario;a verifier
OFF-2012-03;2012;Itasy;1085.89;14.69;15.36;0.0;0.0;0.0;1055.84;257.34;0.777;13.67;19.44;0;164.11;37483.99;3331.07;37648.1;2761.01;50.4;82.63;2 557;simulation_utilisateur + repartition_regionale;historique_synthetique;
OFF-2006-02;2006;Vakinankaratra;16714.12;5395.45;0.0;0.0;0.0;4892.71;6425.95;1225.63;0.388;10.27;8.02;0;35736.52;242964.8;16213.21;278701.32;19727.4;66.4;53.88;1545;simulation_utilisateur + repartition_regionale;historique_synthetique;
OFF-2005-19;2005;Anosy;212000.84;91546.74;5132.38;114648.89;0.0;0,00;672.82;125.46;0.615;8.03;6.99;0;128429.12;113032.78;5897.58;241461.9;27953.25;50.2;47.98;1335;Etude_JariAla_2005 + simulation_utilisateur;historique_synthetique;
OFF-2014-14;2014;Sofia;266520.13;169017.33;81581.06;0.0;15513.02;61.31;347.41;163.64;0.928;13.27;19.86;0;637584.15;480682.52;41446.94;1118266.67;148751.64;;105.01;2632;simulation_utilisateur + repartition_regionale;historique_synthetique;estimation
OFF-2005-06;2005;Amoron'i Mania;20746.38;;301.73;0.0;0.0;0.0;252.72;92.69;0.674;9.14;8.87;0;54881.1;43828.23;2605.1;98709.33;12014.78;58.4;50.43;1 320;Etude_JariAla_2005 + simulation_utilisateur;historique_synthetique;unite non confirmee
OFF-2010-02;2010;Vakinankaratra;17699.94;5248.95;0.0;0.0;0.0;5382.18;7068.81;1989.63;0.548;10.76;15.86;0;41139.55;248428.79;17373.94;289568.34;21651.75;67.6;70.15;ND;simulation_utilisateur + repartition_regionale;historique_synthetique;source secondaire
OFF-2001-22;2001;SAVA;361050.3;354674.72;5580.99;0.0;752.56;6.3;35.72;91,88;0.391;7;0.38;0;697172.82;509943.42;23202.43;1207116.24;144517.1;70.2;40;1018;simulation_utilisateur + repartition_regionale;historique_synthetique;donnee agregee
OFF-2008-13;2008;Boeny;158948.75;0.0;132 105;0.0;26513.42;115.5;214.5;147.41;0.192;11.19;8.61;0;205282.15;138515.7;10072.06;343797.85;45209.88;28.7;61.97;1705;simulation_utilisateur + repartition_regionale;historique_synthetique;donnee agregee
OFF-2010-18;2010;Androy;175627.19;0.0;2307.98;173066.0;2.06;0.0;251.16;159.09;0.499;11.89;12.79;0;100393.71;75580.15;5843.33;175973.86;22862.4;83.3;86.86;2242;simulation_utilisateur + repartition_regionale;historique_synthetique;estimation
OFF-2013-08;2013;Ihorombe;61326.54;54566.12;6383.73;0.0;0.0;56.5;320.19;158.39;0.938;14.05;19.39;0;71576.57;52393.69;4786.16;123970.27;16808.44;68.4;88.2;2866;simulation_utilisateur + repartition_regionale;historique_synthetique;
OFF-2001-15;2001;Betsiboka;29512.85;6124.59;22248.27;0.0;0.42;587.55;552.02;205.57;0.46;7;4.67;0;63182.63;59679.85;2715.43;122862.48;13599.53;66.3;40;963;simulation_utilisateur + repartition_regionale;historique_synthetique;donnee agregee
OFF-2028-14;2028;Sofia;-223368.61;137821.36;69693.27;0.0;14421.94;214.81;1217.23;455.77;0.935;22.3;38.83;2;256812.27;340744.08;49396.07;597556.35;86730.98;58.8;320.81;9639;projection_scenario_tendanciel;projection_scenario;estimation
OFF-2002-16;2002;Melaky;223088.11;0.0;207306.38;0.0;15714.05;10.15;57.52;96.92;0.282;7;1.83;0;191176.36;137819.07;6270.77;328 995;39553.77;69.3;40.34;1114;simulation_utilisateur + repartition_regionale;historique_synthetique;donnee agregee
OFF-2026-22;2026;SAVA;269026.51;262592.09;4485.09;0.0;701.88;187.12;1060.32;482.92;1.134;21.4;36.79;1;250465.25;287058.28;39931.79;537523.53;77827.81;61.6;295.89;7314;projection_scenario_tendanciel;projection_scenario;
OFF-2023-16;2023;Melaky;203496.44;0.0;186975.89;0.0;15595.52;138.75;786.27;463.13;0.997;19.75;29.14;0;91630.24;100649.82;12922.15;192280.07;27089.61;65.8;242.66;6070;estimation_synthetique_calibree;historique_synthetique;
OFF-2021-06;2021;Amoron'i Mania;17 940;16723.32;267.71;0.0;0.0;0.0;949.24;371.7;1.403;18.58;27.54;0;26559.43;29496.38;3562.83;56055.81;7702.22;62.5;202.4;4924;simulation_utilisateur + repartition_regionale;historique_synthetique;donnee agregee
OFF-2024-02;2024;Vakinankaratra;26384.03;4249.71;0.0;0.0;0.0;9567.99;12566.33;4810.56;1.479;18.75;31.18;1;52618.04;297847.44;36290.78;350465.48;39229.69;71.3;241.08;6162;estimation_synthetique_calibree;historique_synthetique;source secondaire
OFF-2024-03;2024;Itasy;2169.87;12.53;13.73;0.0;0.0;0.0;2143.61;685.81;1.273;19.51;32.19;1;223.68;57049.58;7235.12;57273.26;5973.06;52.7;272.82;6502;estimation_synthetique_calibree;historique_synthetique;estimation
OFF-2007-16;2007;Melaky;219400.06;0.0;203679.1;0.0;15554.09;25.03;141.84;85.2;0.307;10.92;10.47;0;190290.49;129658.88;9207.16;319949.37;41802.16;66.7;59.52;1533;simulation_utilisateur + repartition_regionale;historique_synthetique;source secondaire
OFF-2012-08;2012;Ihorombe;62033.06;55247.15;6445.29;0.0;0.0;51.09;289.53;175.13;0.852;;17.42;0;68878.19;58401.51;5047.1;127279.7;16536.69;73.3;92.64;2443;simulation_utilisateur + repartition_regionale;historique_synthetique;
OFF-2021-04;2021;Bongolava;4747.32;0,00;3269.4;0.0;0.0;0.0;1477.92;466.12;0.932;18.42;28.83;0;2795.1;17445.45;2088.22;20240.55;2215.46;90.8;182.6;5494;simulation_utilisateur + repartition_regionale;historique_synthetique;source secondaire
OFF-2000-20;2000;Menabe;320288.17;0.0;306998.07;0.0;13270.23;2.98;16.89;86.26;0.283;7;3.66;0;182759.4;145271.99;6609.88;328031.38;38316.79;48.4;40;936;simulation_utilisateur + repartition_regionale;historique_synthetique;donnee agregee
OFF-2008-11;2008;Analanjirofo;362791.0;362530.22;77.15;0.0;0.0;27.54;156.08;89.46;0.528;10.45;10.44;0;402290.38;263938.69;17928.75;666229.07;87113.84;74.1;65.57;1861;simulation_utilisateur + repartition_regionale;historique_synthetique;estimation
OFF-2028-15;2028;Betsiboka;26687.9;4683.01;18172.67;-0.0;0.39;1975.64;1856.19;960.24;0.898;22.23;38.61;2;27675.67;38502.09;5562.69;66177.75;9543.03;72.8;352.85;8958;projection_scenario_tendanciel;projection_scenario;
OFF-2009-02;2009;Vakinankaratra;17307.61;5288.06;0.0;0.0;0.0;5195.68;6823.87;1068.33;0.504;11.89;13.75;0;32396.89;252676.12;19530.31;285073.01;21846.3;68.5;79.38;2078;simulation_utilisateur + repartition_regionale;historique_synthetique;source secondaire
OFF-2000-02;2000;Vakinankaratra;15359.37;5583.07;0.0;0.0;0,00;4226.0;5550.31;1134.58;0.571;7;4.44;0;26764.61;244598.54;11129.23;271363.16;13943.6;68.4;40;906;simulation_utilisateur + repartition_regionale;historique_synthetique;source secondaire
OFF-2011-02;2011;Vakinankaratra;18387.65;5188.49;0.0;0.0;0.0;5705.59;7493.57;1922.1;1.032;11.6;16.47;0;41365.96;239738.35;18070.11;281104.3;;68.2;88.95;2380;simulation_utilisateur + repartition_regionale;historique_synthetique;estimation
OFF-2021-19;2021;Anosy;170099.24;74388.26;4 491;89594.58;0.0;0.0;1625.32;522.59;1.685;17.43;25.09;0;58092.03;69401.65;7860.93;127493.67;n/a;48.4;174.9;4811;simulation_utilisateur + repartition_regionale;historique_synthetique;a verifier
OFF-2011-13;2011;Boeny;159396.67;0.0;131981.07;0.0;26899.28;180.71;335.61;304.67;0.789;12.17;17.06;0;189554.03;125923.15;9959.24;315477.17;42286.3;32.1;74.63;2113;simulation_utilisateur + repartition_regionale;historique_synthetique;
OFF-2028-02;2028;Vakinankaratra;30737.16;3974.21;0.0;0.0;0.0;11568.81;15194.15;6488.38;1.105;20.74;35.47;1;67240.98;337199.15;45452.84;404440.13;49374.7;69.8;374.81;9294;projection_scenario_tendanciel;projection_scenario;
OFF-2004-01;2004;Analamanga;61260.38;20246.98;426.92;0.0;0.0;217.2;40369.29;4258.55;0.545;8.46;3.91;0;300638.57;1481600.52;81509.94;1782239.09;120953.09;20.3;;1217;simulation_utilisateur + repartition_regionale;historique_synthetique;donnee agregee
OFF-2022-14;2022;Sofia;245499.78;152439.36;76549.81;0.0;15639.78;130.62;740.2;413.08;1.189;19.27;29.35;0;378107.2;394217.31;49386.35;772324.52;108556.11;57.7;196.16;5182;estimation_synthetique_calibree;historique_synthetique;estimation
OFF-2015-17;2015;Atsimo-Andrefana;615526.62;0.0;134759.08;474909.57;3795.82;0.0;2062.15;332.34;0.368;14.62;19.96;0;258570.67;206845.98;19660.1;465416.65;62664.01;56.9;123.69;;simulation_utilisateur + repartition_regionale;historique_synthetique;a verifier
OFF-2027-21;2027;DIANA;234053.07;134602.09;44173.13;0.0;17527.15;37750.69;0.0;9238.28;1.175;24.27;52.58;23;1100406.63;177086.33;27941.0;1277492.96;220984.81;43.3;335.6;8516;projection_scenario_tendanciel;projection_scenario;source secondaire
OFF-2023-13;2023;Boeny;151151.66;0.0;122809.49;0.0;26717.93;568.48;1055.75;743.3;0.81;22.77;46.16;13;113870.3;113527.12;16805.74;227397.42;34277.36;29.8;226.82;5379;GIZ_PAGE2_2024 + estimation_synthetique;historique_synthetique;donnee agregee
OFF-2022-02;2022;Vakinankaratra;24687.1;4411.79;0.0;0.0;0.0;8764.39;11510.91;5063.64;1.315;18.21;30.53;1;59568.46;288517.44;34156.58;348085.9;38730.72;72.0;216.81;5691;estimation_synthetique_calibree;historique_synthetique;source secondaire
OFF-2003-14;2003;Sofia;285592.4;183435.57;86367.38;0.0;15700.38;13.36;75.71;81.05;0.307;7.23;6.56;0;812196.89;595374.03;27983.15;1407570.91;169141.62;56.9;40;1099;simulation_utilisateur + repartition_regionale;historique_synthetique;donnee agregee
OFF-2011-16;2011;Melaky;218391.59;0.0;202365.29;0.0;15736.5;43.47;246.33;161.43;0.748;12.82;16.34;0;154851.59;118069.4;9841.02;272920.99;35942.92;69.6;79.54;2343;simulation_utilisateur + repartition_regionale;historique_synthetique;
OFF-2021-13;2021;Boeny;155108.45;0.0;126425.27;0.0;27370.84;459.32;853.02;608.37;1.057;22.13;45.97;10;116923.24;113330.02;16302.15;230253.25;34413.95;33.6;205.69;4851;GIZ_PAGE2_2024 + estimation_synthetique;historique_synthetique;donnee agregee
OFF-2010-04;2010;Bongolava;4174.4;0.0;3434.53;0.0;0.0;0.0;739.87;223.62;0.312;12.3;14.23;0;3691.54;17888.14;1429.88;21579.69;1836.98;89.8;81.31;ND;simulation_utilisateur + repartition_regionale;historique_synthetique;source secondaire
OFF-2030-08;2030;Ihorombe;48551.39;41758.7;5162.79;0.0;0.0;244.48;1385.41;478.17;0.934;22.49;39.66;2;25546.6;33652.12;4919.19;59 199;8632.12;76.0;387.92;10735;projection_scenario_tendanciel;projection_scenario;donnee agregee
OFF-2005-09;2005;Atsimo-Atsinanana;128938.36;128811.17;0.0;0.0;0.0;19.08;108.11;96.03;0.584;9.2;8.09;0;158472.46;110474.32;6602.79;268946.79;33939.33;;52.62;1296;Etude_JariAla_2005 + simulation_utilisateur;historique_synthetique;donnee agregee
OFF-2019-06;2019;Amoron'i Mania;18498.22;17428.64;276.61;0.0;0.0;0.0;792.98;145.13;;15.91;24.7;0;42529.21;32070.3;3316.03;74599.5;10374.4;62.4;169.97;4319;simulation_utilisateur + repartition_regionale;historique_synthetique;
OFF-2013-01;2013;Analamanga;71265.39;18762.11;405.29;0.0;0.0;278.8;51819.19;7212.06;1.009;13.23;15.91;0;418001.24;1694357.83;145691.48;2112359.07;194707.24;18.4;100.12;2164;;historique_synthetique;a verifier
OFF-2007-09;2007;Atsimo-Atsinanana;127274.09;127100.59;0.0;0.0;0.0;26.03;147.48;99.64;0.576;9.79;8.63;0;162767.68;107129.9;6817.08;n/a;34888.19;63.2;57.69;1723;simulation_utilisateur + repartition_regionale;historique_synthetique;
OFF-2005-02;2005;Vakinankaratra;16481.47;5431.61;0.0;0.0;0.0;4776.52;6 273;1167.11;0.496;9.68;4.79;0;34962.38;234615.82;14761.2;269578.2;18397.41;72.7;48.58;1310;Etude_JariAla_2005 + simulation_utilisateur;historique_synthetique;estimation
OFF-2029-03;2029;Itasy;2902.94;11.56;12.72;0.0;0.0;;2878.66;809.75;1.019;22.51;35.08;1;244.89;73307.6;10725.39;73552.49;8838.9;48.7;348.99;9349;projection_scenario_tendanciel;projection_scenario;donnee agregee
OFF-2018-02;2018;Vakinankaratra;21932.58;4771.41;0.0;0.0;0.0;7418.25;9742.92;1944.93;1.546;17.09;25.47;0;48773.75;284533.81;31604.5;333 308;34694.97;71.9;155.23;4313;simulation_utilisateur + repartition_regionale;historique_synthetique;source secondaire
OFF-2027-09;2027;Atsimo-Atsinanana;97134.67;95772.3;0.0;0.0;0.0;204.36;1158.02;498.14;1.099;21.03;32.99;1;54605.26;58047.15;7936.62;112652.41;16336.98;62.9;319.47;8352;projection_scenario_tendanciel;projection_scenario;
OFF-2018-07;2018;Vatovavy-Fitovinany;73918.66;73143.14;0.0;0.0;0.0;0.0;775.53;146.3;1.437;16,62;26.01;0;99213.21;73577.26;7948.98;172790.46;24376.54;86.5;156.51;4422;simulation_utilisateur + repartition_regionale;historique_synthetique;
OFF-2004-12;2004;Alaotra-Mangoro;262426.22;211861.53;321.03;0.0;0.0;34117.74;16125.93;5064.21;0.551;8.6;4.12;0;1245531.79;728697.74;40756.88;1974229.52;257616.36;63.1;51.2;1269;simulation_utilisateur + repartition_regionale;historique_synthetique;
OFF-2007-03;2007;Itasy;823.5;15.24;15.69;0.0;0.0;0.0;792.57;131.89;0.372;9.54;9.28;0;144.54;29330.48;1819.46;29475.02;1517.98;47.8;65.66;1439;simulation_utilisateur + repartition_regionale;historique_synthetique;estimation
OFF-2000-09;2000;Atsimo-Atsinanana;132426.7;132403.02;;0.0;0.0;3.55;20.13;102.8;0.291;7;4.4;0;137935.29;119416.69;5433.46;257351.99;29283.79;68.6;40;989;simulation_utilisateur + repartition_regionale;historique_synthetique;estimation
OFF-2007-19;2007;Anosy;208909.71;90259.02;5076.79;112841.72;0.0;0.0;732.19;142.84;0.687;10.32;9.1;0;132203.7;105949.87;7110.02;238153.57;29626.88;46.1;58.65;1465;simulation_utilisateur + repartition_regionale;historique_synthetique;source secondaire
OFF-2020-07;2020;Vatovavy-Fitovinany;71268.82;70387.91;0.0;0.0;0.0;0.0;880.91;285.15;1.43;16.82;25.33;0;73116.34;68841.84;7526.06;141958.18;19332.31;82.6;171.19;5198;simulation_utilisateur + repartition_regionale;historique_synthetique;estimation
OFF-2005-03;2005;Itasy;766.27;15.42;15.84;0.0;0.0;0.0;735.01;125.73;0.463;9.21;7.46;0;142.92;27746.65;1660.16;27889.57;1387.05;53.6;51.11;1261;Etude_JariAla_2005 + simulation_utilisateur;historique_synthetique;a verifier
OFF-2000-19;2000;Anosy;218455.29;94249.53;5249.43;118440.43;0.0;0.0;515.9;150.19;0.465;7;1.52;0;120619.25;115531.51;5256.68;236150.77;26021.95;46.8;40;936;simulation_utilisateur + repartition_regionale;historique_synthetique;
OFF-2016-05;2016;Haute Matsiatra;58846.35;35978.07;1288.54;0.0;0.0;18995.83;2583.91;2425.59;0.479;n/a;21.0;0;189985.6;115539.2;11088.89;305524.8;43290.3;71.3;121.03;3635;simulation_utilisateur + repartition_regionale;historique_synthetique;estimation
OFF-2024-04;2024;Bongolava;4983.77;0.0;3 123;0.0;0.0;0.0;1860.73;634.96;0.998;18.69;31.0;1;2747.28;16627.93;2019.72;19375.2;2150.68;89.1;224.02;7180;estimation_synthetique_calibree;historique_synthetique;estimation
OFF-2002-08;2002;Ihorombe;66240.14;59402.83;6771.16;0.0;0.0;9.92;56.23;93.15;0,31;7;6.21;0;95573.59;63479.1;2888.3;159052.7;19571.65;71.7;41.55;1028;simulation_utilisateur + repartition_regionale;historique_synthetique;
OFF-2015-10;2015;Atsinanana;153349.97;149916.31;0.0;0.0;0.0;0.0;3433.67;537.18;0.416;15.36;18.07;0;176457.24;180177.68;17983.84;356634.92;46509.05;61.3;115.87;3083;simulation_utilisateur + repartition_regionale;historique_synthetique;
OFF-2026-20;2026;Menabe;275734.8;0.0;261920.34;0.0;12587.19;184.09;1043.18;476.93;0.962;20.51;34.4;1;80901.0;89209.72;11895.81;170110.72;24316.74;46.9;282.38;7313;projection_scenario_tendanciel;projection_scenario;a verifier
OFF-2001-19;2001;Anosy;217155.04;93704.23;5225.9;117674.2;0.0;0.0;550.71;153.5;0.468;7.65;3.88;0;145357.02;116716.16;5802.85;262073.18;30922.6;44.6;41.37;1004;simulation_utilisateur + repartition_regionale;historique_synthetique;donnee agregee
OFF-2025-10;2025;Atsinanana;131555.87;125631.73;0.0;0.0;0.0;0.0;5924.14;1603.41;1.213;19.13;32.4;1;118502.01;127708.48;15876.07;246210.49;34348.74;58.0;244.21;6974;projection_scenario_tendanciel;projection_scenario;
OFF-2024-07;2024;Vatovavy-Fitovinany;66430.48;65145.8;0.0;0.0;0.0;0.0;1284.68;468.11;1.294;20.4;34.25;1;50988.39;58330.18;7733.34;109318.57;15519.25;83.0;246.21;6652;estimation_synthetique_calibree;historique_synthetique;donnee agregee
OFF-2007-12;2007;Alaotra-Mangoro;262250.45;207899.18;316.38;0.0;0.0;36692.15;17342.74;5988.53;0.587;9.81;10.62;0;1410415.93;675606.48;43095.28;2086022.41;289213.0;62.4;68.2;1661;simulation_utilisateur + repartition_regionale;historique_synthetique;source secondaire
OFF-2024-10;2024;Atsinanana;133666.72;128039.41;0.0;0.0;0.0;0.0;5627.31;1291.91;1.219;20.28;30.01;1;114597.94;132465.41;17465.65;247063.35;34949.46;57.2;239.94;6073;estimation_synthetique_calibree;historique_synthetique;valeur saisie manuellement
OFF-2019-16;2019;Melaky;214419.92;0.0;197601.41;0.0;16219.16;89.9;509.44;152.56;1.168;16.95;26.11;0;157806.27;108598.18;11966.99;266404.45;38 218;69.6;167.72;4719;simulation_utilisateur + repartition_regionale;historique_synthetique;donnee agregee
OFF-2019-10;2019;Atsinanana;145475.89;141127.34;0.0;0.0;0.0;0.0;4348.55;482.62;1.596;16.69;27.46;0;176010.74;155022.7;16814.49;331033.43;45469.82;61.1;159.43;n/a;simulation_utilisateur + repartition_regionale;historique_synthetique;source secondaire
OFF-2027-19;2027;Anosy;153 048;;4066.84;79891.17;0.0;0.0;2405.53;706.45;1.374;21.22;35.42;1;46 366;57504.71;7930.61;103870.24;118791.12;46.2;283.75;7620;projection_scenario_tendanciel;projection_scenario;donnee agregee
OFF-2000-22;2000;SAVA;362995.36;356615.65;5604.72;0.0;754.09;3.14;17.77;90.72;0.557;7;0;0;602688.08;532210.7;24215.59;1134898.78;128340.64;-;40;884;simulation_utilisateur + repartition_regionale;historique_synthetique;a verifier
OFF-2002-05;2002;Haute Matsiatra;57987.68;40158.21;1414.08;0.0;0.0;14449.85;1965.54;1464.64;0.49;7.98;5.8;0;174058.41;128149.85;6647.56;302208.26;36781.51;66.5;43.69;1123;simulation_utilisateur + repartition_regionale;historique_synthetique;donnee agregee
OFF-2015-19;2015;Anosy;193409.77;83597.85;4 748;103976.32;0.0;0.0;1087.11;270.19;0.473;14.23;18.29;0;112300.64;88352.76;8173.76;200653.39;26916.6;45.8;117.24;2987;simulation_utilisateur + repartition_regionale;historique_synthetique;estimation
OFF-2018-08;2018;Ihorombe;58476.98;51643.9;6239.03;0.0;0.0;89.11;504.94;142.51;1.588;;24.6;0;68236.1;48144.19;5050.64;116380.29;16424.02;76.8;154.88;3911;simulation_utilisateur + repartition_regionale;historique_synthetique;estimation
OFF-2029-09;2029;Atsimo-Atsinanana;94323.36;92748.54;0.0;0.0;0.0;236.22;1338.6;591.64;1.047;22.59;39.06;2;52263.76;60175.41;8835.04;112439.16;16652.21;60.8;375.05;9941;projection_scenario_tendanciel;projection_scenario;estimation
OFF-2023-05;2023;Haute Matsiatra;63209.67;31574.47;1199.84;0.0;0.0;26791.09;3644.26;;1.381;18.42;;1;201183.36;111397.91;13338.19;312581.27;47150.32;68.7;208.1;6495;estimation_synthetique_calibree;historique_synthetique;donnee agregee
OFF-2030-11;2030;Analanjirofo;263818.1;262091.57;60.14;0.0;0.0;249.96;1416.43;532.34;1.036;23.2;39.49;2;111983.94;146962.45;22161.56;258946.39;38329.58;68.6;391.49;10455;projection_scenario_tendanciel;projection_scenario;a verifier
OFF-2002-12;2002;Alaotra-Mangoro;262412.76;214206.12;323.79;0.0;0.0;32514.64;15368.21;5503.99;0.275;7.26;6.71;0;1429874.9;705476.14;33305.46;2135351.04;284687.96;63.0;40;1048;simulation_utilisateur + repartition_regionale;historique_synthetique;
OFF-2024-16;2024;Melaky;200454.96;0.0;184061.43;0.0;15385.5;151.21;856.83;400.87;0.894;20.11;30.22;1;82557.44;91184.84;11922.05;173742.27;24636.42;72.4;264.28;6355;estimation_synthetique_calibree;historique_synthetique;estimation
OFF-2006-15;2006;Betsiboka;29166.94;5981.38;21837.87;0.0;0.42;694.64;652.63;194.94;0.446;9.13;6.54;0;60 216;58547.46;3473.29;118763.34;13686.96;71.7;55.31;1438;simulation_utilisateur + repartition_regionale;historique_synthetique;
OFF-2022-17;2022;Atsimo-Andrefana;536251.63;0.0;125806.72;403349.32;3964.56;0.0;3131.04;850.99;1.623;18.08;26.09;0;163075.89;157236.9;18476.1;320312.79;44504.06;54.9;224.99;5338;estimation_synthetique_calibree;historique_synthetique;donnee agregee
OFF-2005-11;2005;Analanjirofo;370082.33;369879.45;78.35;0.0;0.0;18.68;105.85;81.74;0.465;9.73;8.83;0;401538.83;295250.74;18666.21;696789.57;87583.28;78.5;46.89;1510;Etude_JariAla_2005 + simulation_utilisateur;historique_synthetique;a verifier
OFF-2030-19;2030;Anosy;146255.1;63528.15;3880.1;76052.18;0.0;0.0;2794.68;797.88;1.08;22,54;39.13;2;43411.47;54 325;7 958;97736.12;14339.64;46.9;427.83;10152;projection_scenario_tendanciel;projection_scenario;estimation
OFF-2030-18;2030;Androy;120539.87;0.0;1771.47;117145.47;-;0.0;1621.09;538.0;1.227;22.84;36.09;1;31551.94;38356.66;5695.37;69908.6;10349.56;78.3;438.89;11307;projection_scenario_tendanciel;projection_scenario;
OFF-2002-17;2002;Atsimo-Andrefana;686060.87;0.0;147495.48;533163.32;4030.48;0.0;1371.59;186.78;0.319;7.83;;0;323999.03;262978.38;13380.03;586977.4;69291.45;54.1;43.1;1043;simulation_utilisateur + repartition_regionale;historique_synthetique;a verifier
OFF-2022-21;2022;DIANA;242045.1;146587.61;47799.41;0.0;18744.95;28913.14;0.0;8911.25;1.382;22.45;44.65;20;1276082.01;208587.44;30436.32;1484669.45;254652.54;49.0;192.82;5546;GIZ_PAGE2_2024 + estimation_synthetique;historique_synthetique;source secondaire
OFF-2001-18;2001;Androy;188095.23;0.0;2422.19;185626.41;2.1;0.0;44.52;97,73;0.349;7.29;2.91;0;127890.88;87881.9;4164.5;215772.78;26435.25;85.0;40;1071;simulation_utilisateur + repartition_regionale;historique_synthetique;
OFF-2013-14;2013;Sofia;269218.76;170957.64;82309.63;0.0;15579.9;55.74;315.85;164.7;0.851;13.18;16.7;0;614257.37;517176.24;44313.38;1131433.61;146903.3;57.7;89.15;2688;simulation_utilisateur + repartition_regionale;historique_synthetique;donnee agregee
OFF-2029-07;2029;Vatovavy-Fitovinany;61770.52;59952.75;0.0;0.0;0.0;0.0;1817.77;555.77;1.031;22.24;39.98;2;41851.76;49637.34;7176.01;91489.1;13417.65;78.0;397.33;10025;projection_scenario_tendanciel;projection_scenario;a verifier
OFF-2008-15;2008;Betsiboka;28993.84;;21651.12;0.0;0.41;735.39;690.93;ND;0.453;10.88;10.21;0;56506.52;56490.34;3994.43;112996.86;13446.61;68.2;68.0;1770;simulation_utilisateur + repartition_regionale;historique_synthetique;a verifier
OFF-2011-01;2011;Analamanga;68559.43;19241.71;413.27;0.0;0.0;261.71;48642.74;6665.31;0,89;12.29;17.83;0;376324.81;1659148.9;132541.18;2035473.71;176422.23;18.8;91.34;2065;simulation_utilisateur + repartition_regionale;historique_synthetique;a verifier
OFF-2023-03;2023 ;Itasy;2033.6;12.76;13.96;0.0;0.0;0.0;2006.89;602.41;1.312;18.16;31.78;1;204.17;58951.5;6958.01;59155.67;5742.32;46.5;211.4;6083;estimation_synthetique_calibree;historique_synthetique;source secondaire
